sku;titulo;montadora;modelo;escala;serie;cor;ano_modelo;piloto;preco_eur;url_imagem_principal;arquivo_imagem;galeria_imagens;total_fotos;url_produto;descricao
18-16018;Ferrari 296 GTB Red Scale 1:18;Ferrari;Ferrari 296 GTB Red;1:18;Bburago Diecast;Rosso;2024;;59.99;https://cdn.shopify.com/s/files/1/0940/7093/1843/files/18-16018_01_2251d83d-5a82-465d-9fac-e99ccde0282c.jpg?v=1790863729;bburago_18-16018.jpg;"https://cdn.shopify.com/s/files/1/0940/7093/1843/files/18-16018_02_e8286776-9db4-4232-b900-e209c121ca5b.jpg?v=1790863729;https://cdn.shopify.com/s/files/1/0940/7093/1843/files/18-16018_03_3adb6918-d7cf-4df7-914c-44e728e190c0.jpg?v=1790863729;https://cdn.shopify.com/s/files/1/0940/7093/1843/files/18-16018_04_a01d9db4-c16d-4a36-b188-b3e1f20a7b42.jpg?v=1790863729;https://cdn.shopify.com/s/files/1/0940/7093/1843/files/18-16018_05_81a4a0c4-8b2b-43d2-9513-940be8516cdc.jpg?v=1790863730;https://cdn.shopify.com/s/files/1/0940/7093/1843/files/18-16018_06_ab2d5fb2-6711-406a-a6ac-d9797f203d95.jpg?v=1790863729;https://cdn.shopify.com/s/files/1/0940/7093/1843/files/18-16018_07_d0b0ea3d-984c-44df-93f1-ee17044ecdc3.jpg?v=1790863729;https://cdn.shopify.com/s/files/1/0940/7093/1843/files/18-16018_08_ac0be9d4-b864-4770-aba5-bef1b7f1f827.jpg?v=1790863729;https://cdn.shopify.com/s/files/1/0940/7093/1843/files/18-16018_09.jpg?v=1790863729";9;https://www.bburago.com/products/ferrari-296-gtb-rossa-scala-1-18;The Ferrari 296 GTB in 1:18 scale faithfully reproduces one of the most innovative sports cars from Maranello, defined by compact design, sculpted lines and technologies derived from Ferrari’s racing experience. Made under official Ferrari license, this die-cast model stands out for its accurate details and elegant Rosso Ferrari livery, a symbol of Cavallino Rampante passion and performance. The model features opening doors, an opening front hood and an opening rear hood, allowing you to appreciate even more closely the details that make this iconic supercar unique. Perfect for collectors and 
31689Y;Chevrolet Camaro 2016 Yellow with Black Stripes 1:18;Chevrolet;Chevrolet Camaro 2016 Yellow with Black Stripes;1:18;Bburago Diecast;Giallo;2016;;49.99;https://cdn.shopify.com/s/files/1/0940/7093/1843/files/31689Y_01.jpg?v=1788940944;bburago_31689Y.jpg;"https://cdn.shopify.com/s/files/1/0940/7093/1843/files/31689Y_02.jpg?v=1788940944;https://cdn.shopify.com/s/files/1/0940/7093/1843/files/31689Y_03.jpg?v=1788940944;https://cdn.shopify.com/s/files/1/0940/7093/1843/files/31689Y_04.jpg?v=1788940943;https://cdn.shopify.com/s/files/1/0940/7093/1843/files/31689Y_05.jpg?v=1788940943;https://cdn.shopify.com/s/files/1/0940/7093/1843/files/31689Y_06.jpg?v=1788940944;https://cdn.shopify.com/s/files/1/0940/7093/1843/files/31689Y_07.jpg?v=1788940943;https://cdn.shopify.com/s/files/1/0940/7093/1843/files/31689Y_08.jpg?v=1788940943";8;https://www.bburago.com/products/chevrolet-camaro-2016-gialla-con-strisce-nere-1-18;Muscular, aggressive and instantly recognizable: the 1:18 scale Chevrolet Camaro 2016 faithfully reproduces one of America’s most iconic pony cars. The yellow body with twin black stripes enhances the model’s sporty character, recalling the high-performance versions that made the Camaro famous all over the world. Made from die-cast metal and finished with careful attention to detail, the model features opening parts that allow you to admire the interior and engine bay, increasing the realism and collectible value of the replica. Perfect for American muscle car enthusiasts and scale model colle
18-18051;Model Kit Red Bull Racing RB21 Japan Livery #1 Max Verstappen with Helmet 1:18;Red Bull Racing;Model Kit Red Bull Racing RB21 Japan Livery #1 Max Verstappen with Helmet;1:18;Model Kit;Giallo;2025;Max Verstappen;99.99;https://cdn.shopify.com/s/files/1/0940/7093/1843/files/18-18051_01_57c85f8e-0f4f-47ff-a098-0c02d50ef98f.jpg?v=1788944878;bburago_18-18051.jpg;"https://cdn.shopify.com/s/files/1/0940/7093/1843/files/18-18051_02_167d22ce-5542-4fda-ab36-0e8b60a03849.jpg?v=1788944877;https://cdn.shopify.com/s/files/1/0940/7093/1843/files/18-18051_03_0fa7fec4-dafb-4acc-b9d4-cfa2a93ad815.jpg?v=1788944877;https://cdn.shopify.com/s/files/1/0940/7093/1843/files/18-18051_05_09640c07-59a5-44b7-b11c-68695b2bd37d.jpg?v=1788944880;https://cdn.shopify.com/s/files/1/0940/7093/1843/files/18-18051pack_04.jpg?v=1788944877";5;https://www.bburago.com/products/model-kit-red-bull-racing-rb21-japan-livery-1-max-verstappen-con-casco-1-18;Relive the excitement of Formula 1 with the Model Kit of the Red Bull Racing RB21 driven by Max Verstappen (#1), presented in the exclusive celebratory livery of the 2025 Japanese Grand Prix. This 1:18 scale model is an assembly kit made up of 57 parts, designed to offer an engaging experience for motorsport and model-building enthusiasts. Once assembled, the model faithfully reproduces the aerodynamic shapes of the single-seater and includes Max Verstappen’s helmet for an even more realistic and complete presentation. Ideal for Formula 1 fans, Red Bull Racing collectors and anyone who wants t
18-26051_18-26030B;Ferrari Purosangue Blue 1:24 with display case - Web Exclusive;Ferrari;Ferrari Purosangue Blue with display case;1:24;Exclusive Series;Blu;2024;;29.99;https://cdn.shopify.com/s/files/1/0940/7093/1843/files/18-26051_18-26030B_01.jpg?v=1788940885;bburago_18-26051_18-26030B.jpg;"https://cdn.shopify.com/s/files/1/0940/7093/1843/files/18-26051_18-26030B_02.jpg?v=1788940885;https://cdn.shopify.com/s/files/1/0940/7093/1843/files/18-26051_18-26030B_03.jpg?v=1788940884;https://cdn.shopify.com/s/files/1/0940/7093/1843/files/18-26051_18-26030B_04.jpg?v=1788940885;https://cdn.shopify.com/s/files/1/0940/7093/1843/files/18-26051_18-26030B_05.jpg?v=1788940885;https://cdn.shopify.com/s/files/1/0940/7093/1843/files/18-26051_18-26030B_06.jpg?v=1788940885;https://cdn.shopify.com/s/files/1/0940/7093/1843/files/18-26051_18-26030B_07.jpg?v=1788940885;https://cdn.shopify.com/s/files/1/0940/7093/1843/files/18-26051_18-26030B_08.jpg?v=1788940884;https://cdn.shopify.com/s/files/1/0940/7093/1843/files/18-26051_18-26030B_09.jpg?v=1788940884;https://cdn.shopify.com/s/files/1/0940/7093/1843/files/18-26051_18-26030B_10.jpg?v=1788940885";10;https://www.bburago.com/products/ferrari-purosangue-blu-1-24-con-teca-espositiva-esclusiva-web;Discover the elegance and performance of the Ferrari Purosangue in this extraordinary 1:24 scale die-cast reproduction, made under official Ferrari license. A collectible model that faithfully recreates the first four-door vehicle from the Maranello marque, defined by sporty lines, accurate details and high-quality finishes. This exclusive version features a refined metallic blue livery and is supplied with a transparent display case, ideal for protecting the model from dust and showcasing it in any collection. Available exclusively online.
18-16023;Ferrari F40 Red 1:18;Ferrari;Ferrari F40 Red;1:18;Bburago Diecast;Rosso;2024;;59.99;https://cdn.shopify.com/s/files/1/0940/7093/1843/files/18-16023_01.jpg?v=1785222351;bburago_18-16023.jpg;"https://cdn.shopify.com/s/files/1/0940/7093/1843/files/18-16023_02.jpg?v=1785222350;https://cdn.shopify.com/s/files/1/0940/7093/1843/files/18-16023_03.jpg?v=1785222350;https://cdn.shopify.com/s/files/1/0940/7093/1843/files/18-16023_04.jpg?v=1785222350;https://cdn.shopify.com/s/files/1/0940/7093/1843/files/18-16023_05.jpg?v=1785222350;https://cdn.shopify.com/s/files/1/0940/7093/1843/files/18-16023_06.jpg?v=1785222350;https://cdn.shopify.com/s/files/1/0940/7093/1843/files/18-16023_07.jpg?v=1785222351;https://cdn.shopify.com/s/files/1/0940/7093/1843/files/18-16023_08.jpg?v=1785222350";8;https://www.bburago.com/products/ferrari-f40-rosso-1-18;Relive the legend of one of the most iconic supercars of all time with the 1:18 scale Ferrari F40 by Bburago, a faithful reproduction of the legendary Cavallino Rampante car. Made under official Ferrari license, this die-cast model captures the essence of the Ferrari F40 through accurate details, high-quality finishes and the unmistakable Ferrari red livery. The body faithfully reproduces the sporty, aggressive lines that made the F40 a true automotive legend. The model features opening doors, an opening front hood and an opening rear engine cover, allowing you to admire the interior and mecha
18-16930_18-16022;Ferrari F80 Exclusive Series 1:18 Matt Black - WEB EXCLUSIVE;Ferrari;Ferrari F80 Matt Black;1:18;Exclusive Series;Matt Black;2024;;99.99;https://cdn.shopify.com/s/files/1/0940/7093/1843/files/18-16930_18-16022_01.jpg?v=1780917026;bburago_18-16930_18-16022.jpg;"https://cdn.shopify.com/s/files/1/0940/7093/1843/files/18-16930_18-16022_02.jpg?v=1780917026;https://cdn.shopify.com/s/files/1/0940/7093/1843/files/18-16930_18-16022_03.jpg?v=1780917026;https://cdn.shopify.com/s/files/1/0940/7093/1843/files/18-16930_18-16022_04.jpg?v=1780917025;https://cdn.shopify.com/s/files/1/0940/7093/1843/files/18-16930_18-16022_05.jpg?v=1780917026;https://cdn.shopify.com/s/files/1/0940/7093/1843/files/18-16930_18-16022_06.jpg?v=1780917025;https://cdn.shopify.com/s/files/1/0940/7093/1843/files/18-16930_18-16022_07.jpg?v=1780917026";7;https://www.bburago.com/products/ferrari-f80-exclusive-series-1-18-matt-black-esclusiva-web;Extreme elegance meets racing character in the Ferrari F80 in 1:18 scale, a die-cast model designed for the most demanding collectors. The car stands out for its refined black paint with matt finish, giving it a modern and sophisticated look while enhancing the bold lines of the Ferrari F80. The cabin is carefully detailed, with a blue driver’s seat, a distinctive feature that enriches the visual experience. The die-cast metal body, together with opening doors and engine hood, ensures a high level of realism and build quality. The new Exclusive Series stands out for its special red exclusive p
18-16930_18-16020;Ferrari SF90XX Exclusive Series 1:18 Matte Black - WEB EXCLUSIVE;Ferrari;Ferrari SF90XX Matte Black;1:18;Exclusive Series;Matte Black;2024;;99.99;https://cdn.shopify.com/s/files/1/0940/7093/1843/files/18-16930_18-16020_01_jpg.jpg?v=1785224446;bburago_18-16930_18-16020.jpg;"https://cdn.shopify.com/s/files/1/0940/7093/1843/files/18-16930_18-16020_02_jpg.jpg?v=1785224446;https://cdn.shopify.com/s/files/1/0940/7093/1843/files/18-16930_18-16020_03_jpg.jpg?v=1785224446;https://cdn.shopify.com/s/files/1/0940/7093/1843/files/18-16930_18-16020_04_jpg.jpg?v=1785224446;https://cdn.shopify.com/s/files/1/0940/7093/1843/files/18-16930_18-16020_05_jpg.jpg?v=1785224446;https://cdn.shopify.com/s/files/1/0940/7093/1843/files/18-16930_18-16020_06_jpg.jpg?v=1785224446;https://cdn.shopify.com/s/files/1/0940/7093/1843/files/18-16930_18-16020_07_jpg.jpg?v=1785224446;https://cdn.shopify.com/s/files/1/0940/7093/1843/files/18-16930_18-16020_08_jpg.jpg?v=1785224446;https://cdn.shopify.com/s/files/1/0940/7093/1843/files/18-16930_18-16020_09_jpg.jpg?v=1785224446;https://cdn.shopify.com/s/files/1/0940/7093/1843/files/18-16930_18-16020_10_jpg.jpg?v=1785224446";10;https://www.bburago.com/products/ferrari-sf90xx-exclusive-series-1-18-matte-black-esclusiva-web;The 1:18 scale Ferrari SF90XX Exclusive Series represents the perfect balance of innovation, performance and attention to detail in the world of Ferrari die-cast models. An exclusive edition designed for demanding collectors, highlighting the extreme design and racing soul of the SF90XX. The model is enhanced by an elegant matte black livery, enriched with distinctive red details that emphasize the car’s sporty character: subtle inserts along the aerodynamic profile, accents on the front, air intakes and brake calipers, as well as high-performance rear elements that recall the track DNA of the
18-38312;2020 Chevrolet Corvette C8.R 1:43 metallic gray with display case;Chevrolet;2020 Chevrolet Corvette C8.R metallic gray with display case;1:43;Bburago Diecast;Grgio Metallizzato;2020;;16.99;https://cdn.shopify.com/s/files/1/0940/7093/1843/files/18-38312_01.jpg?v=1778768245;bburago_18-38312.jpg;"https://cdn.shopify.com/s/files/1/0940/7093/1843/files/18-38312_02.jpg?v=1778768244;https://cdn.shopify.com/s/files/1/0940/7093/1843/files/18-38312_03.jpg?v=1778768244;https://cdn.shopify.com/s/files/1/0940/7093/1843/files/18-38312_04.jpg?v=1778768244;https://cdn.shopify.com/s/files/1/0940/7093/1843/files/18-38312_05.jpg?v=1778768244";5;https://www.bburago.com/products/2020-chevrolet-corvette-c8-r-1-43-grigia-metallizzata-con-teca-espositiva;Add a touch of sporty class to your collection with the 2020 Chevrolet Corvette C8.R by Bburago in 1:43 scale. This diecast model, made under official Chevrolet license, faithfully reproduces the aerodynamic lines and aggressive style of the racing car in an elegant metallic gray. To ensure maximum protection and an impeccable presentation, the model comes with a transparent display case. Designed especially for collectors aged 14 and up, this replica combines high-quality finishes and manufacturing precision, making it a prestigious gift idea for any fan of American motorsports and car racing
18-12044;Jaguar E-type Coupe 1:18 metallic light blue;Jaguar;Jaguar E type Coupe metallic light blue;1:18;Bburago Diecast;Azzurro;2024;;49.99;https://cdn.shopify.com/s/files/1/0940/7093/1843/files/18-12044_01_3ff0a4cf-6493-4ed0-83b9-c70d6ab8a122.jpg?v=1787908454;bburago_18-12044.jpg;"https://cdn.shopify.com/s/files/1/0940/7093/1843/files/18-12044_02_90665c8a-70f8-4e18-a4a7-b479aa5481fb.jpg?v=1787908453;https://cdn.shopify.com/s/files/1/0940/7093/1843/files/18-12044_03_103f3240-da00-4970-898e-8441bf30cb2c.jpg?v=1787908453;https://cdn.shopify.com/s/files/1/0940/7093/1843/files/18-12044_04_abc1439a-c575-462e-9ab8-8dd0143c7625.jpg?v=1787908453;https://cdn.shopify.com/s/files/1/0940/7093/1843/files/18-12044_05_92261b78-4299-428d-bf9a-1b3f09b0854c.jpg?v=1787908453;https://cdn.shopify.com/s/files/1/0940/7093/1843/files/18-12044_06_a94e26ce-bc37-40b9-805a-f6251fc6310e.jpg?v=1787908453;https://cdn.shopify.com/s/files/1/0940/7093/1843/files/18-12044_07_89d8d1a6-748c-40f6-a369-721915520571.jpg?v=1787908453;https://cdn.shopify.com/s/files/1/0940/7093/1843/files/18-12044_08_a00245cd-8732-46f2-b0f2-eff3b2596603.jpg?v=1787908453";8;https://www.bburago.com/products/jaguar-e-type-coupe-1-18-azzurro-metallizzato;Discover the Jaguar E-Type Cabriolet Bburago model in 1:18 scale, metallic light blue color, a diecast collectible with official Jaguar license, perfect for vintage car and automotive modeling enthusiasts. Made of die-cast metal with great attention to detail, this model faithfully reproduces the elegant and iconic lines of the famous British cabriolet, a symbol of style and performance. Equipped with opening doors, hood and trunk, it features realistic interiors and accurate finishes that enhance its collectible value. Ideal as a Jaguar collectible model or as a gift idea for classic car love
18-16022Y;F80 Giallo Modena R&P 1:18;Ferrari;F80 Giallo Modena R&P;1:18;Bburago Diecast;Giallo Modena;2024;;59.99;https://cdn.shopify.com/s/files/1/0940/7093/1843/files/18-16022_01.jpg?v=1779872876;bburago_18-16022Y.jpg;"https://cdn.shopify.com/s/files/1/0940/7093/1843/files/18-16022_02.jpg?v=1779872876;https://cdn.shopify.com/s/files/1/0940/7093/1843/files/18-16022_03.jpg?v=1779872876;https://cdn.shopify.com/s/files/1/0940/7093/1843/files/18-16022_04.jpg?v=1779872876;https://cdn.shopify.com/s/files/1/0940/7093/1843/files/18-16022_05.jpg?v=1779872876;https://cdn.shopify.com/s/files/1/0940/7093/1843/files/18-16022_06.jpg?v=1779872876";6;https://www.bburago.com/products/f80-giallo-modena-1-18;Discover the elegance and power of the Ferrari F80 in this stunning 1:18 scale reproduction by Bburago, made under official Ferrari license in Giallo Modena. A die-cast model that captures the full essence of Ferrari design. Perfect for collectors and Cavallino Rampante enthusiasts, this model combines build quality and attention to detail, offering a realistic and engaging experience.
18-12046;Jaguar E-type Cabriolet 1:18 green;Jaguar;Jaguar E type Cabriolet green;1:18;Bburago Diecast;Verde;2024;;49.99;https://cdn.shopify.com/s/files/1/0940/7093/1843/files/18-12046_01_356eef3b-7665-4e58-ad18-b4f55f49627a.jpg?v=1787753687;bburago_18-12046.jpg;"https://cdn.shopify.com/s/files/1/0940/7093/1843/files/18-12046_02_df47c0e5-06c3-4d2a-8ae6-5e4eb0178ebc.jpg?v=1787753687;https://cdn.shopify.com/s/files/1/0940/7093/1843/files/18-12046_03_71c69f03-275a-42be-88b8-d28c1920d4c8.jpg?v=1787753687;https://cdn.shopify.com/s/files/1/0940/7093/1843/files/18-12046_04_8fad2aa0-0c29-4d58-a936-7db36248a604.jpg?v=1787753687;https://cdn.shopify.com/s/files/1/0940/7093/1843/files/18-12046_05_78e89e1b-b01a-42b6-b54e-395dd393a7ae.jpg?v=1787753688;https://cdn.shopify.com/s/files/1/0940/7093/1843/files/18-12046_06_c10254a1-11ab-4d8a-95df-71363edba690.jpg?v=1787753687;https://cdn.shopify.com/s/files/1/0940/7093/1843/files/18-12046_07_22bab0d1-794e-4ed9-b42a-aacf38c349e0.jpg?v=1787753687;https://cdn.shopify.com/s/files/1/0940/7093/1843/files/18-12046_08_788a470d-126e-4f7d-84a9-4c7e856892e5.jpg?v=1787753687";8;https://www.bburago.com/products/jaguar-e-type-cabriolet-1-18-verde;Discover the Bburago Jaguar E-Type Cabriolet model in 1:18 scale, green color, a diecast collector's model under official Jaguar license, perfect for classic car enthusiasts and automotive modeling fans. Made of diecast metal with great attention to detail, this model car faithfully reproduces the elegant and iconic lines of the famous British cabriolet, a symbol of style and performance. Featuring opening doors, hood, and trunk, it presents a realistic interior and accurate finishes that enhance its collector value. Ideal as a Jaguar collector's model or as a gift idea for vintage car lovers,
18-38460A;PIT STOP ASTON MARTIN AMR25 (2025) #14 ALONSO - Official Aston Martin Aramco Formula One Team Formula 1 Playset Diorama with 1:43 scale AMR25 vehicle;Aston Martin;PIT STOP ASTON MARTIN AMR25 (2025) #14 ALONSO Official Aston Martin Aramco Formula One Team Formula 1 Playset Diorama with AMR25 vehicle;1:43;Race & F1 Series;Verde Metallizato;2025;Fernando Alonso;29.99;https://cdn.shopify.com/s/files/1/0940/7093/1843/files/18-38460A_01.jpg?v=1785222460;bburago_18-38460A.jpg;"https://cdn.shopify.com/s/files/1/0940/7093/1843/files/18-38460A_02.jpg?v=1785222460;https://cdn.shopify.com/s/files/1/0940/7093/1843/files/18-38460A_03.jpg?v=1785222460;https://cdn.shopify.com/s/files/1/0940/7093/1843/files/18-38460A_04.jpg?v=1785222460;https://cdn.shopify.com/s/files/1/0940/7093/1843/files/18-38460A_05.jpg?v=1785222460;https://cdn.shopify.com/s/files/1/0940/7093/1843/files/18-38460A_06.jpg?v=1785222460";6;https://www.bburago.com/products/pit-stop-aston-martin-amr25-2025-14-alonso-playset-diorama-formula-1-ufficiale-aston-martin-aramco-formula-one-team-2025-14-alonso-con-veicolo-amr25-in-scala-1-43;Bring Formula 1 action home with the Bburago Pit Stop Aston Martin AMR25 (2025) #14 Fernando Alonso playset, a detailed reproduction of the racing car from Aston Martin. The set recreates the thrilling pit stop moment, letting fans experience the speed, precision and strategy that define every Grand Prix. The playset includes Fernando Alonso’s Aston Martin AMR25 #14, made from 1:43 scale die-cast metal with official livery and accurate details, together with elements that recreate the team pit box area. Thanks to the included accessories, you can simulate tire changes and technical support ope
18-11046W;Lamborghini Sian FKP 37 1:18 white;Lamborghini;Lamborghini Sian FKP 37 white;1:18;Bburago Diecast;Bianco;2024;;49.99;https://cdn.shopify.com/s/files/1/0940/7093/1843/files/18-11046W_01.jpg?v=1776788236;bburago_18-11046W.jpg;"https://cdn.shopify.com/s/files/1/0940/7093/1843/files/18-11046W_02.jpg?v=1776788235;https://cdn.shopify.com/s/files/1/0940/7093/1843/files/18-11046W_03.jpg?v=1776788235;https://cdn.shopify.com/s/files/1/0940/7093/1843/files/18-11046W_04.jpg?v=1776788236;https://cdn.shopify.com/s/files/1/0940/7093/1843/files/18-11046W_05.jpg?v=1776788236;https://cdn.shopify.com/s/files/1/0940/7093/1843/files/18-11046W_06.jpg?v=1776788236;https://cdn.shopify.com/s/files/1/0940/7093/1843/files/18-11046W_07.jpg?v=1776788236;https://cdn.shopify.com/s/files/1/0940/7093/1843/files/18-11046W_08.jpg?v=1776788236";8;https://www.bburago.com/products/lamborghini-sian-fkp-37-1-18-bianca;1:18 scale model of the Lamborghini Sián FKP 37 Bburago with official Lamborghini license. Made with great attention to detail, this metal model car faithfully reproduces the innovative design of the Lamborghini hybrid supercar, with opening doors and hood and realistic finishes. The white version enhances the futuristic lines of the vehicle, making it ideal for fans of luxury cars, collecting and car modeling. A perfect model for collectors and Lamborghini fans.
18-28071A;F1 ASTON MARTIN AMR 25 2025 #14 1:24 WITH DRIVER ALONSO;Aston Martin;F1 ASTON MARTIN AMR 25 2025 #14 WITH DRIVER ALONSO;1:24;Race & F1 Series;Verde Metallizato;2025;Fernando Alonso;39.99;https://cdn.shopify.com/s/files/1/0940/7093/1843/files/18-28071A_01.jpg?v=1785222323;bburago_18-28071A.jpg;"https://cdn.shopify.com/s/files/1/0940/7093/1843/files/18-28071A_02.jpg?v=1785222323;https://cdn.shopify.com/s/files/1/0940/7093/1843/files/18-28071A_03.jpg?v=1785222323;https://cdn.shopify.com/s/files/1/0940/7093/1843/files/18-28071A_04.jpg?v=1785222323;https://cdn.shopify.com/s/files/1/0940/7093/1843/files/18-28071A_05.jpg?v=1785222323;https://cdn.shopify.com/s/files/1/0940/7093/1843/files/18-28071A_06.jpg?v=1785222323;https://cdn.shopify.com/s/files/1/0940/7093/1843/files/18-28071A_07.jpg?v=1785222323;https://cdn.shopify.com/s/files/1/0940/7093/1843/files/18-28071A_08.jpg?v=1785222323";8;https://www.bburago.com/products/f1-aston-martin-amr-25-2025-14-con-pilota-alonso-1-24;Discover the Aston Martin AMR25 #14 driven by Fernando Alonso in 1:24 scale by Bburago, a faithful reproduction of the Aston Martin Aramco Formula One Team single-seater from the 2025 Formula 1 season. Complete with driver figure, this model is designed for motorsport enthusiasts, collectors and fans of Fernando Alonso. Made with great attention to detail, the model recreates the official 2025 livery, with accurate finishes and technical details that echo the design of the car seen on track. The die-cast metal structure, enhanced with high-quality plastic components, ensures a high level of re
18-28069R;F1 MERCEDES-AMG W15 E PERFORMANCE 2024 #63 1:24 WITH DRIVER RUSSELL;Mercedes-Benz;F1 MERCEDES AMG W15 E PERFORMANCE 2024 #63 WITH DRIVER RUSSELL;1:24;Race & F1 Series;Turchese;2024;George Russell;39.99;https://cdn.shopify.com/s/files/1/0940/7093/1843/files/18-28069R_01.jpg?v=1785222378;bburago_18-28069R.jpg;"https://cdn.shopify.com/s/files/1/0940/7093/1843/files/18-28069R_02.jpg?v=1785222379;https://cdn.shopify.com/s/files/1/0940/7093/1843/files/18-28069R_03.jpg?v=1785222378;https://cdn.shopify.com/s/files/1/0940/7093/1843/files/18-28069R_04.jpg?v=1785222379;https://cdn.shopify.com/s/files/1/0940/7093/1843/files/18-28069R_05.jpg?v=1785222378;https://cdn.shopify.com/s/files/1/0940/7093/1843/files/18-28069R_06.jpg?v=1785222378;https://cdn.shopify.com/s/files/1/0940/7093/1843/files/18-28069R_07.jpg?v=1785222379;https://cdn.shopify.com/s/files/1/0940/7093/1843/files/18-28069R_08.jpg?v=1785222379";8;https://www.bburago.com/products/f1-mercedes-amg-w15-e-performance-2024-63-con-pilota-russell-1-24;Discover the Mercedes W15 E Performance #63 driven by George Russell in 1:24 scale by Bburago, a faithful reproduction of the Mercedes-AMG PETRONAS Formula One Team single-seater from the 2024 Formula 1 season. Complete with driver figure, this model is designed for motorsport enthusiasts, collectors and fans of George Russell. Made with great attention to detail, the model recreates the official 2024 livery, with accurate finishes and technical details that echo the design of the car seen on track. The die-cast metal structure, enhanced with high-quality plastic components, ensures a high lev
18-28060V;F1 RED BULL RACING RB20 2024 #1 1:24 WITH DRIVER VERSTAPPEN;Red Bull Racing;F1 RED BULL RACING RB20 2024 #1 WITH DRIVER VERSTAPPEN;1:24;Race & F1 Series;Rosso;2024;Max Verstappen;39.99;https://cdn.shopify.com/s/files/1/0940/7093/1843/files/18-28060V_01.jpg?v=1785222404;bburago_18-28060V.jpg;"https://cdn.shopify.com/s/files/1/0940/7093/1843/files/18-28060V_02.jpg?v=1785222405;https://cdn.shopify.com/s/files/1/0940/7093/1843/files/18-28060V_03.jpg?v=1785222405;https://cdn.shopify.com/s/files/1/0940/7093/1843/files/18-28060V_04.jpg?v=1785222405;https://cdn.shopify.com/s/files/1/0940/7093/1843/files/18-28060V_05.jpg?v=1785222404;https://cdn.shopify.com/s/files/1/0940/7093/1843/files/18-28060V_06.jpg?v=1785222404;https://cdn.shopify.com/s/files/1/0940/7093/1843/files/18-28060V_07.jpg?v=1785222405;https://cdn.shopify.com/s/files/1/0940/7093/1843/files/18-28060V_08.jpg?v=1785222405";8;https://www.bburago.com/products/f1-red-bull-racing-rb20-2024-1-con-pilota-verstappen-1-24;Discover the Red Bull Racing RB20 #1 driven by Max Verstappen in 1:24 scale by Bburago, a faithful reproduction of the Oracle Red Bull Racing single-seater from the 2024 Formula 1 season. Complete with driver figure, this model is designed for motorsport enthusiasts, collectors and fans of Max Verstappen. Made with great attention to detail, the model recreates the official 2024 livery, with accurate finishes and technical details that echo the design of the car seen on track. The die-cast metal structure, enhanced with high-quality plastic components, ensures a high level of realism and durab
18-26823L;F1 FERRARI SF-24 2024 #16 1:24 WITH DRIVER LECLERC;Ferrari;F1 FERRARI SF 24 2024 #16 WITH DRIVER LECLERC;1:24;Race & F1 Series;Nero;2024;Charles Leclerc;39.99;https://cdn.shopify.com/s/files/1/0940/7093/1843/files/18-26823L_01.jpg?v=1785222433;bburago_18-26823L.jpg;"https://cdn.shopify.com/s/files/1/0940/7093/1843/files/18-26823L_02.jpg?v=1785222433;https://cdn.shopify.com/s/files/1/0940/7093/1843/files/18-26823L_03.jpg?v=1785222434;https://cdn.shopify.com/s/files/1/0940/7093/1843/files/18-26823L_04.jpg?v=1785222433;https://cdn.shopify.com/s/files/1/0940/7093/1843/files/18-26823L_05.jpg?v=1785222433;https://cdn.shopify.com/s/files/1/0940/7093/1843/files/18-26823L_06.jpg?v=1785222433;https://cdn.shopify.com/s/files/1/0940/7093/1843/files/18-26823L_07.jpg?v=1785222433;https://cdn.shopify.com/s/files/1/0940/7093/1843/files/18-26823L_08.jpg?v=1785222433";8;https://www.bburago.com/products/f1-ferrari-sf-24-2024-16-con-pilota-leclerc-1-24;Discover the Ferrari SF-24 #16 driven by Charles Leclerc in 1:24 scale by Bburago, a faithful reproduction of the Ferrari single-seater from the 2024 Formula 1 season. Complete with driver figure, this model is designed for motorsport enthusiasts, collectors and fans of Charles Leclerc. Made with great attention to detail, the model recreates the official 2024 livery, with accurate finishes and technical details that echo the design of the car seen on track. The die-cast metal structure, enhanced with high-quality plastic components, ensures a high level of realism and durability. The included
18-38458A;PIT STOP MERCEDES-AMG16 (2025) #12 Kimi ANTONELLI - Official Mercedes-AMG PETRONAS Formula One Team Formula 1 Playset Diorama with 1:43 scale AMG16 vehicle;Mercedes-Benz;PIT STOP MERCEDES AMG16 (2025) #12 Kimi ANTONELLI Official Mercedes AMG PETRONAS Formula One Team Formula 1 Playset Diorama with AMG16 vehicle;1:43;Race & F1 Series;Turchese;2025;Kimi Antonelli;29.99;https://cdn.shopify.com/s/files/1/0940/7093/1843/files/18-38458A_01.jpg?v=1785166485;bburago_18-38458A.jpg;"https://cdn.shopify.com/s/files/1/0940/7093/1843/files/18-38458A_02.jpg?v=1785166485;https://cdn.shopify.com/s/files/1/0940/7093/1843/files/18-38458A_03.jpg?v=1785166485;https://cdn.shopify.com/s/files/1/0940/7093/1843/files/18-38458A_04.jpg?v=1785166485;https://cdn.shopify.com/s/files/1/0940/7093/1843/files/18-38458A_05.jpg?v=1785166485;https://cdn.shopify.com/s/files/1/0940/7093/1843/files/18-38458A_06.jpg?v=1785166485";6;https://www.bburago.com/products/pit-stop-mercedes-amg16-2025-12-kimi-antonelli-playset-diorama-formula-1-ufficiale-mercedes-amg-petronas-formula-one-team-con-veicolo-amg16-in-scala-1-43;Bring Formula 1 action home with the Bburago Pit Stop Mercedes-AMG16 (2025) #12 Kimi Antonelli playset, a detailed reproduction of the racing car from Mercedes-AMG PETRONAS Formula One Team. The set recreates the thrilling pit stop moment, letting fans experience the speed, precision and strategy that define every Grand Prix. The playset includes Kimi Antonelli’s Mercedes-AMG16 #12, made from 1:43 scale die-cast metal with official livery and accurate details, together with elements that recreate the team pit box area. Thanks to the included accessories, you can simulate tire changes and techn
18-38457N;PIT STOP McLaren MCL39 (2025) #4 NORRIS - Official McLaren Racing Formula 1 Playset Diorama with 1:43 scale MCL39 vehicle;McLaren;PIT STOP McLaren MCL39 (2025) #4 NORRIS Official McLaren Racing Formula 1 Playset Diorama with MCL39 vehicle;1:43;Race & F1 Series;Antracite;2025;Lando Norris;29.99;https://cdn.shopify.com/s/files/1/0940/7093/1843/files/18-38457N_01.jpg?v=1785222565;bburago_18-38457N.jpg;"https://cdn.shopify.com/s/files/1/0940/7093/1843/files/18-38457N_02.jpg?v=1785222565;https://cdn.shopify.com/s/files/1/0940/7093/1843/files/18-38457N_03.jpg?v=1785222565;https://cdn.shopify.com/s/files/1/0940/7093/1843/files/18-38457N_04.jpg?v=1785222564;https://cdn.shopify.com/s/files/1/0940/7093/1843/files/18-38457N_05.jpg?v=1785222565;https://cdn.shopify.com/s/files/1/0940/7093/1843/files/18-38457N_06.jpg?v=1785222565";6;https://www.bburago.com/products/pit-stop-mclaren-mcl39-2025-4-norris-playset-diorama-formula-1-ufficiale-mclaren-racing-con-veicolo-mcl39-in-scala-1-43;Get on track with the Bburago Pit Stop McLaren MCL39 (2025) #4 Lando Norris playset, a detailed reproduction of the McLaren Racing single-seater from the 2025 Formula 1 season. Thanks to Bburago build quality and numerous realistic details, this set lets you recreate all the adrenaline and speed of pit stop operations. The playset includes Lando Norris’s #4 McLaren MCL39, made from 1:43 scale die-cast metal with official livery, together with elements that recreate the team pit box area. The included accessories make play even more engaging, allowing fans to simulate tire changes and the strat
18-38459V;PIT STOP RED BULL RB21 (2025) #1 VERSTAPPEN - Official Oracle Red Bull Racing Formula 1 Playset Diorama with 1:43 scale RB21 vehicle;Red Bull Racing;PIT STOP RED BULL RB21 (2025) #1 VERSTAPPEN Official Oracle Red Bull Racing Formula 1 Playset Diorama with RB21 vehicle;1:43;Race & F1 Series;Rosso;2025;Max Verstappen;29.99;https://cdn.shopify.com/s/files/1/0940/7093/1843/files/18-38459V_01.jpg?v=1785222513;bburago_18-38459V.jpg;"https://cdn.shopify.com/s/files/1/0940/7093/1843/files/18-38459V_02.jpg?v=1785222514;https://cdn.shopify.com/s/files/1/0940/7093/1843/files/18-38459V_03.jpg?v=1785222513;https://cdn.shopify.com/s/files/1/0940/7093/1843/files/18-38459V_04.jpg?v=1785222513;https://cdn.shopify.com/s/files/1/0940/7093/1843/files/18-38459V_05.jpg?v=1785222514;https://cdn.shopify.com/s/files/1/0940/7093/1843/files/18-38459V_06.jpg?v=1785222513";6;https://www.bburago.com/products/pit-stop-red-bull-rb21-2025-1-verstappen-playset-diorama-formula-1-ufficiale-oracle-red-bull-racing-con-veicolo-rb21-scala-1-43;Bring Formula 1 action home with the Bburago Pit Stop Red Bull RB21 (2025) #1 Max Verstappen playset, a detailed reproduction of the racing car from Oracle Red Bull Racing. The set recreates the thrilling pit stop moment, letting fans experience the speed, precision and strategy that define every Grand Prix. The playset includes Max Verstappen’s Red Bull RB21 #1, made from 1:43 scale die-cast metal with official livery and accurate details, together with elements that recreate the team pit box area. Thanks to the included accessories, you can simulate tire changes and technical support operati
18-36865H;PIT STOP FERRARI SF-25 #44 Lewis Hamilton - Formula 1 Playset Diorama with 1:43 scale SF-25 vehicle;Ferrari;PIT STOP FERRARI SF 25 #44 Lewis Hamilton Formula 1 Playset Diorama with SF 25 vehicle;1:43;Race & F1 Series;Nero;2024;Lewis Hamilton;29.99;https://cdn.shopify.com/s/files/1/0940/7093/1843/files/18-36865H_01.jpg?v=1785222487;bburago_18-36865H.jpg;"https://cdn.shopify.com/s/files/1/0940/7093/1843/files/18-36865H_02.jpg?v=1785222487;https://cdn.shopify.com/s/files/1/0940/7093/1843/files/18-36865H_03.jpg?v=1785222486;https://cdn.shopify.com/s/files/1/0940/7093/1843/files/18-36865H_04.jpg?v=1785222487;https://cdn.shopify.com/s/files/1/0940/7093/1843/files/18-36865H_05.jpg?v=1785222487;https://cdn.shopify.com/s/files/1/0940/7093/1843/files/18-36865H_06.jpg?v=1785222487";6;https://www.bburago.com/products/pit-stop-ferrari-sf-25-44-lewis-hamilton-playset-diorama-formula-1-con-veicolo-sf-25-scala-1-43;Bring Formula 1 action home with the Bburago Pit Stop Ferrari SF-25 #44 Lewis Hamilton playset, a detailed reproduction of the racing car from Ferrari. The set recreates the thrilling pit stop moment, letting fans experience the speed, precision and strategy that define every Grand Prix. The playset includes Lewis Hamilton’s Ferrari SF-25 #44, made from 1:43 scale die-cast metal with official livery and accurate details, together with elements that recreate the team pit box area. Thanks to the included accessories, you can simulate tire changes and technical support operations, making play eve
18-36865L;PIT STOP FERRARI SF-25 #16 Charles LECLERC - Formula 1 Playset Diorama with 1:43 scale SF-25 vehicle;Ferrari;PIT STOP FERRARI SF 25 #16 Charles LECLERC Formula 1 Playset Diorama with SF 25 vehicle;1:43;Race & F1 Series;Nero;2024;Charles Leclerc;29.99;https://cdn.shopify.com/s/files/1/0940/7093/1843/files/18-36865L_01.jpg?v=1785222539;bburago_18-36865L.jpg;"https://cdn.shopify.com/s/files/1/0940/7093/1843/files/18-36865L_02.jpg?v=1785222539;https://cdn.shopify.com/s/files/1/0940/7093/1843/files/18-36865L_03.jpg?v=1785222539;https://cdn.shopify.com/s/files/1/0940/7093/1843/files/18-36865L_04.jpg?v=1785222539;https://cdn.shopify.com/s/files/1/0940/7093/1843/files/18-36865L_05.jpg?v=1785222539;https://cdn.shopify.com/s/files/1/0940/7093/1843/files/18-36865L_06.jpg?v=1785222539";6;https://www.bburago.com/products/pit-stop-ferrari-sf-25-16-charles-leclerc-playset-diorama-formula-1-con-veicolo-sf-25-in-scala-1-43;Bring Formula 1 action home with the Bburago Pit Stop Ferrari SF-25 #16 Charles Leclerc playset, a detailed reproduction of the racing car from Ferrari. The set recreates the thrilling pit stop moment, letting fans experience the speed, precision and strategy that define every Grand Prix. The playset includes Charles Leclerc’s Ferrari SF-25 #16, made from 1:43 scale die-cast metal with official livery and accurate details, together with elements that recreate the team pit box area. Thanks to the included accessories, you can simulate tire changes and technical support operations, making play e
18-36322_18-01965;Ferrari 499P #83 24h Le Mans Hypercar 2024 - Diecast Model Car 1:43;Ferrari;Ferrari 499P #83 24h Le Mans Hypercar 2024 Model Car;1:43;Bburago Diecast;Giallo;2024;;14.99;https://cdn.shopify.com/s/files/1/0940/7093/1843/files/18-36322_18-01965_1.jpg?v=1784280994;bburago_18-36322_18-01965.jpg;"https://cdn.shopify.com/s/files/1/0940/7093/1843/files/18-36322_18-01965_02_50d08b19-fbd6-4b62-a4c6-0c2ae2a453ed.jpg?v=1784280997;https://cdn.shopify.com/s/files/1/0940/7093/1843/files/18-36322_18-01965_03_cf4bed68-a908-4776-ab68-565d561f8367.jpg?v=1784281000;https://cdn.shopify.com/s/files/1/0940/7093/1843/files/18-36322_18-01965_04_38567194-93f2-404e-9b93-a1c974e089c9.jpg?v=1784281003;https://cdn.shopify.com/s/files/1/0940/7093/1843/files/18-36322_18-01965_05_0cfadf66-60e2-49d7-b32e-ad7ea279e910.jpg?v=1784281006;https://cdn.shopify.com/s/files/1/0940/7093/1843/files/18-36322_18-01965_06_177a0648-089c-41b1-b42c-ce1c14ff048a.jpg?v=1784281010";6;https://www.bburago.com/products/ferrari-499p-83-24h-le-mans-hypercar-2024-modellino-diecast-scala-1-43;Relive the excitement of the 2024 24 Hours of Le Mans with the official replica of the Ferrari 499P #83, reproduced in 1:43 scale with authentic details and high-quality finishes. This officially Ferrari-licensed die-cast model is an essential collectible for all endurance racing, motorsport and Cavallino Rampante enthusiasts. Main features: Scale 1:43 Ferrari 499P #83 Le Mans 2024 model Detailed die-cast reproduction Official Ferrari license
18-16817H;F1 FERRARI SF-26 #44 HAMILTON 1:18;Ferrari;F1 FERRARI SF 26 #44 HAMILTON;1:18;Race & F1 Series;Rosso;2024;Lewis Hamilton;79.99;https://cdn.shopify.com/s/files/1/0940/7093/1843/files/FERRARI-F1SF-26-4.5-PRODOTTO_1_874abf28-d7e8-4de7-a756-474bfe25e19d.png?v=1784208762;bburago_18-16817H.jpg;;1;https://www.bburago.com/products/f1-ferrari-sf-26-2026-44-hamilton-1-18;Discover the Ferrari SF-26 #44 in 1:18 scale, Bburago die-cast model produced under the official Ferrari license, inspired by the Scuderia's single-seater engaged in the current Formula 1 World Championship. This model faithfully reproduces the car driven by Lewis Hamilton with the number #44, with attention to the smallest details: from the official Ferrari livery to the aerodynamic elements that characterize the single-seater. The 1:18 scale guarantees a high level of realism, making the model ideal for collectors and Formula 1 enthusiasts. An unmissable piece for those following the current
18-16817L;F1 Ferrari SF-26 #16 Leclerc 1:18;Ferrari;F1 Ferrari SF 26 #16 Leclerc;1:18;Race & F1 Series;Rosso;2024;Charles Leclerc;79.99;https://cdn.shopify.com/s/files/1/0940/7093/1843/files/FERRARI-F1SF-26-4.5-PRODOTTO_1.png?v=1784208676;bburago_18-16817L.jpg;;1;https://www.bburago.com/products/f1-ferrari-sf-26-2026-16-leclerc-1-18;Discover the Ferrari SF-26 #16 of Charles Leclerc in 1:18 scale, Bburago die-cast model produced under the official Ferrari license, inspired by the single-seater protagonist of the current Formula 1 World Championship. This model faithfully reproduces the Ferrari SF-26 single-seater driven by the driver Charles Leclerc #16, with great attention to detail: from the official livery to the aerodynamic elements, up to the realistic proportions of the car. An unmissable piece for Formula 1 enthusiasts and Ferrari collectors. The 1:18 scale guarantees a high level of detail and a significant scenic
18-56860R;Ferrari 499P #51 1:64 (2024) with Display Case;Ferrari;Ferrari 499P #51 (2024) with Display Case;1:64;Bburago Diecast;Rosso;2024;;14.99;https://cdn.shopify.com/s/files/1/0940/7093/1843/files/18-56860R_01_jpg.jpg?v=1784283895;bburago_18-56860R.jpg;"https://cdn.shopify.com/s/files/1/0940/7093/1843/files/18-56860R_02_jpg.jpg?v=1784283896;https://cdn.shopify.com/s/files/1/0940/7093/1843/files/18-56860R_03_jpg.jpg?v=1784283893;https://cdn.shopify.com/s/files/1/0940/7093/1843/files/18-56860R_04_jpg.jpg?v=1784283893;https://cdn.shopify.com/s/files/1/0940/7093/1843/files/18-56860R_05_jpg.jpg?v=1784283894;https://cdn.shopify.com/s/files/1/0940/7093/1843/files/18-56860R_06_jpg.jpg?v=1784283895;https://cdn.shopify.com/s/files/1/0940/7093/1843/files/18-56860R_07_jpg.jpg?v=1784283895;https://cdn.shopify.com/s/files/1/0940/7093/1843/files/18-56860R_08_jpg.jpg?v=1784283895";8;https://www.bburago.com/products/ferrari-499p-51-1-64-2024-con-teca-espositiva;Discover the Ferrari 499P #51 in 1:64 scale, Bburago die-cast model produced under the official Ferrari license, inspired by the hypercar protagonist of the 24 Hours of Le Mans and the Endurance Championship. This model faithfully reproduces the car with the number #51 that competed in the 2024 WEC championship, with attention to the smallest details: from the racing livery to the aerodynamic elements that characterize the design of the Ferrari 499P. An unmissable piece for motorsport enthusiasts and for those who collect Ferrari models. The presence of the transparent display case allows you 
18-56860Y;Ferrari 499P #83 1:64 (2024) with Display Case;Ferrari;Ferrari 499P #83 (2024) with Display Case;1:64;Bburago Diecast;Giallo;2024;;14.99;https://cdn.shopify.com/s/files/1/0940/7093/1843/files/18-56860Y_01_jpg.jpg?v=1784283153;bburago_18-56860Y.jpg;"https://cdn.shopify.com/s/files/1/0940/7093/1843/files/18-56860Y_02_jpg.jpg?v=1784283152;https://cdn.shopify.com/s/files/1/0940/7093/1843/files/18-56860Y_03_jpg.jpg?v=1784283153;https://cdn.shopify.com/s/files/1/0940/7093/1843/files/18-56860Y_04_jpg.jpg?v=1784283153;https://cdn.shopify.com/s/files/1/0940/7093/1843/files/18-56860Y_05_jpg.jpg?v=1784283153;https://cdn.shopify.com/s/files/1/0940/7093/1843/files/18-56860Y_06_jpg.jpg?v=1784283153;https://cdn.shopify.com/s/files/1/0940/7093/1843/files/18-56860Y_07_jpg.jpg?v=1784283152;https://cdn.shopify.com/s/files/1/0940/7093/1843/files/18-56860Y_08_jpg.jpg?v=1784283153";8;https://www.bburago.com/products/ferrari-499p-83-1-64-2024-con-teca-espositiva;Celebrate endurance excellence with the Ferrari 499P #83 in 1:64 scale, Bburago die-cast model produced under the official Ferrari license. This reproduction represents the car that participated in the 2024 Championship, standing out for its performance and technology in the hypercar elite. The model faithfully reproduces the Ferrari 499P with the number #83, cared for down to the smallest details: from the racing livery to the distinctive aerodynamic elements of the Maranello hypercar. An essential piece for Ferrari enthusiasts and collectors of racing models. The transparent display case all
18-18027A;Mercedes-AMG Petronas F1 W17 #12 Kimi Antonelli 1:18 with Display Case;Mercedes-Benz;Mercedes AMG Petronas F1 W17 #12 Kimi Antonelli with Display Case;1:18;Race & F1 Series;Padrão Oficial;2026;Kimi Antonelli;109.99;https://cdn.shopify.com/s/files/1/0940/7093/1843/files/MERCEDES-F1SF-26-KIMIANTONELLI-4.5-PRODOTTOG_1.png?v=1784208873;bburago_18-18027A.jpg;;1;https://www.bburago.com/products/mercedes-amg-petronas-f1-w17-12-kimi-antonelli-1-18-con-teca;Bburago die-cast model of the Mercedes-AMG Petronas F1 W17 #12 of Kimi Antonelli in 1:18 scale, official replica of the single-seater protagonist of the 2026 Formula 1 World Championship. Produced under the official license of the Mercedes-AMG Petronas Formula One Team, the model faithfully reproduces the car driven by the young Italian talent Kimi Antonelli, author of an extraordinary season and important victories that have established him among the protagonists of Formula 1. The model is housed in an elegant transparent display case, perfect for enhancing every detail of the single-seater a
18-18006A;Mercedes-AMG Petronas F1 W17 #12 Kimi Antonelli 1:18;Mercedes-Benz;Mercedes AMG Petronas F1 W17 #12 Kimi Antonelli;1:18;Race & F1 Series;Padrão Oficial;2026;Kimi Antonelli;79.99;https://cdn.shopify.com/s/files/1/0940/7093/1843/files/MERCEDES-F1SF-26-KIMIANTONELLI-4.5-PRODOTTOG_1.png?v=1784208873;bburago_18-18006A.jpg;;1;https://www.bburago.com/products/mercedes-amg-petronas-f1-w17-12-kimi-antonelli-1-18;Bburago die-cast model in 1:18 scale of the new Mercedes-AMG Petronas F1 W17 driven by Kimi Antonelli #12 in the 2026 Formula 1 World Championship. Produced under the official license of the Mercedes-AMG Petronas Formula One Team, it faithfully reproduces the single-seater protagonist of the current F1 season. Kimi Antonelli is having an extraordinary season with important victories that have made him one of the protagonists of the world championship. This model is perfect for collectors, Mercedes enthusiasts, and Formula 1 fans.
18-26051_18-26034B;Ferrari F80 1:24 Matt Black with display case - WEB EXCLUSIVE;Ferrari;Ferrari F80 Matt Black with display case;1:24;Exclusive Series;Matt Black;2024;;29.99;https://cdn.shopify.com/s/files/1/0940/7093/1843/files/18-26051_18-26034B_01.jpg?v=1780916790;bburago_18-26051_18-26034B.jpg;"https://cdn.shopify.com/s/files/1/0940/7093/1843/files/18-26051_18-26034B_02.jpg?v=1780916789;https://cdn.shopify.com/s/files/1/0940/7093/1843/files/18-26051_18-26034B_03.jpg?v=1780916790;https://cdn.shopify.com/s/files/1/0940/7093/1843/files/18-26051_18-26034B_04.jpg?v=1780916790;https://cdn.shopify.com/s/files/1/0940/7093/1843/files/18-26051_18-26034B_05.jpg?v=1780916790;https://cdn.shopify.com/s/files/1/0940/7093/1843/files/18-26051_18-26034B_06.jpg?v=1780916790;https://cdn.shopify.com/s/files/1/0940/7093/1843/files/18-26051_18-26034B_07.jpg?v=1780916789;https://cdn.shopify.com/s/files/1/0940/7093/1843/files/18-26051_18-26034B_08.jpg?v=1780916790;https://cdn.shopify.com/s/files/1/0940/7093/1843/files/18-26051_18-26034B_09.jpg?v=1780916790";9;https://www.bburago.com/products/ferrari-f80-1-24-matt-black-con-teca-espositiva-esclusiva-web;Extreme elegance meets racing character in the Ferrari F80 in 1:24 scale, a die-cast model designed for the most demanding collectors. The car stands out for its refined black paint with matt finish, giving it a modern and sophisticated look while enhancing the bold lines of the Ferrari F80. The cabin is carefully detailed, with a blue driver’s seat, a distinctive feature that enriches the visual experience. The die-cast metal body, together with opening doors and engine hood, ensures a high level of realism and build quality. The model is supplied in a protective display case, ideal for prese
18-26051_18-26032R;Ferrari SF90 XX 1:24 red with display case - WEB EXCLUSIVE;Ferrari;Ferrari SF90 XX red with display case;1:24;Exclusive Series;Rosso;2024;;29.99;https://cdn.shopify.com/s/files/1/0940/7093/1843/files/18-26051_18-26032R_01.jpg?v=1780916341;bburago_18-26051_18-26032R.jpg;"https://cdn.shopify.com/s/files/1/0940/7093/1843/files/18-26051_18-26032R_02.jpg?v=1780916341;https://cdn.shopify.com/s/files/1/0940/7093/1843/files/18-26051_18-26032R_03.jpg?v=1780916342;https://cdn.shopify.com/s/files/1/0940/7093/1843/files/18-26051_18-26032R_04.jpg?v=1780916342;https://cdn.shopify.com/s/files/1/0940/7093/1843/files/18-26051_18-26032R_05.jpg?v=1780916342;https://cdn.shopify.com/s/files/1/0940/7093/1843/files/18-26051_18-26032R_06.jpg?v=1780916341;https://cdn.shopify.com/s/files/1/0940/7093/1843/files/18-26051_18-26032R_07.jpg?v=1780916341;https://cdn.shopify.com/s/files/1/0940/7093/1843/files/18-26051_18-26032R_08.jpg?v=1780916341;https://cdn.shopify.com/s/files/1/0940/7093/1843/files/18-26051_18-26032R_09.jpg?v=1780916341";9;https://www.bburago.com/products/ferrari-sf90xx-1-24-rossa-con-teca-espositiva-esclusiva-web;Discover the excellence of Italian motorsport with the 1:24 scale Ferrari SF90 XX by Bburago, an extraordinary die-cast reproduction made under official Ferrari license. The model stands out for its iconic red livery with a black roof, which enhances the aggressive and aerodynamic lines of the SF90 XX. The die-cast metal body ensures sturdiness and premium quality, while the opening doors and hood add realism and a strong collector value. The car comes packaged in an elegant display case, ideal for protecting and showcasing it, making it perfect both for collectors and as a prestigious gift. T
18-26051_18-26033R;Ferrari 12 Cilindri 1:24 Imola Red with display case - WEB EXCLUSIVE;Ferrari;Ferrari 12 Cilindri Imola Red with display case;1:24;Exclusive Series;Rosso Imola;2024;;29.99;https://cdn.shopify.com/s/files/1/0940/7093/1843/files/18-26051_18-26033R_01.jpg?v=1780914707;bburago_18-26051_18-26033R.jpg;"https://cdn.shopify.com/s/files/1/0940/7093/1843/files/18-26051_18-26033R_02.jpg?v=1780914706;https://cdn.shopify.com/s/files/1/0940/7093/1843/files/18-26051_18-26033R_03.jpg?v=1780914706;https://cdn.shopify.com/s/files/1/0940/7093/1843/files/18-26051_18-26033R_04.jpg?v=1780914707;https://cdn.shopify.com/s/files/1/0940/7093/1843/files/18-26051_18-26033R_05.jpg?v=1780914707;https://cdn.shopify.com/s/files/1/0940/7093/1843/files/18-26051_18-26033R_06.jpg?v=1780914707;https://cdn.shopify.com/s/files/1/0940/7093/1843/files/18-26051_18-26033R_07.jpg?v=1780914707;https://cdn.shopify.com/s/files/1/0940/7093/1843/files/18-26051_18-26033R_08.jpg?v=1780914707;https://cdn.shopify.com/s/files/1/0940/7093/1843/files/18-26051_18-26033R_09.jpg?v=1780914707";9;https://www.bburago.com/products/ferrari-12-cilindri-1-24-rosso-imola-con-teca-espositiva-esclusiva-web;Timeless elegance and extreme performance come together in the 1:24 scale Ferrari 12Cilindri by Bburago, a refined die-cast reproduction made under official Ferrari license. The model is enhanced by the stunning Rosso Imola paintwork, which highlights the sculpted lines and iconic design of the new Ferrari V12. The die-cast metal body, attention to detail and opening doors and hood offer a high level of realism, making this model ideal for collectors and Cavallino Rampante enthusiasts. The Ferrari 12Cilindri is supplied in an elegant display case, perfect for protection and presentation. This 
18-26319;FERRARI 499P 24h LMS Hypercar 2025 Le Mans Champion N.83 1:24;Ferrari;FERRARI 499P 24h LMS Hypercar 2025 Le Mans Champion N.83;1:24;Bburago Diecast;Giallo;2025;;29.99;https://cdn.shopify.com/s/files/1/0940/7093/1843/files/18-26319_01.jpg?v=1776848361;bburago_18-26319.jpg;"https://cdn.shopify.com/s/files/1/0940/7093/1843/files/18-26319_02.jpg?v=1776848361;https://cdn.shopify.com/s/files/1/0940/7093/1843/files/18-26319_03.jpg?v=1776848361;https://cdn.shopify.com/s/files/1/0940/7093/1843/files/18-26319_04.jpg?v=1776848361;https://cdn.shopify.com/s/files/1/0940/7093/1843/files/18-26319_05.jpg?v=1776848361;https://cdn.shopify.com/s/files/1/0940/7093/1843/files/18-26319_06.jpg?v=1776848361;https://cdn.shopify.com/s/files/1/0940/7093/1843/files/18-26319_07.jpg?v=1776848361;https://cdn.shopify.com/s/files/1/0940/7093/1843/files/18-26319_08.jpg?v=1776848361";8;https://www.bburago.com/products/ferrari-499p-24h-lms-hypercar-2025-le-mans-champion-n-83-1-24;Discover the extraordinary Ferrari 499P n° 83, winner of the 24 Hours of Le Mans 2025, reproduced in 1:24 scale by Bburago with official Ferrari license. A diecast model that celebrates one of the most iconic hypercars in contemporary motorsport. This faithful replica captures every detail of the LMS Hypercar racing car, with official n°83 livery and high-quality finishes. The opening doors let you appreciate the interior and the attention to detail, offering a realistic experience for collectors and enthusiasts.
18-28023;Lamborghini Essenza SCV12 1:24 black and white;Lamborghini;Lamborghini Essenza SCV12 black and white;1:24;Bburago Diecast;Bianco E Nero;2024;;24.99;https://cdn.shopify.com/s/files/1/0940/7093/1843/files/28023_01.jpg?v=1776848422;bburago_18-28023.jpg;"https://cdn.shopify.com/s/files/1/0940/7093/1843/files/28023_02.jpg?v=1776848422;https://cdn.shopify.com/s/files/1/0940/7093/1843/files/28023_03.jpg?v=1776848424;https://cdn.shopify.com/s/files/1/0940/7093/1843/files/28023_04.jpg?v=1776848422;https://cdn.shopify.com/s/files/1/0940/7093/1843/files/28023_05.jpg?v=1776848422;https://cdn.shopify.com/s/files/1/0940/7093/1843/files/28023_06.jpg?v=1776848422;https://cdn.shopify.com/s/files/1/0940/7093/1843/files/28023_07.jpg?v=1776848422;https://cdn.shopify.com/s/files/1/0940/7093/1843/files/28023_08.jpg?v=1776848422";8;https://www.bburago.com/products/lamborghini-essenza-scv12-1-24-bianco-e-nero;Discover the extraordinary Lamborghini Essenza SCV12, reproduced in 1:24 scale by Bburago, a diecast model that embodies all the power and exclusivity of the hypercars from Sant’Agata Bolognese. This model stands out for its elegant combination of pearl white and black colors, which enhances the aerodynamic and aggressive lines of the car. The opening doors allow you to admire the detailed interior, offering a realistic and engaging experience for collectors and enthusiasts.
18-18005;F1 Red Bull Racing RB21 2025 #1 Verstappen 1:18 Japan livery;Red Bull Racing;F1 Red Bull Racing RB21 2025 #1 Verstappen Japan livery;1:18;Race & F1 Series;Red;2025;Max Verstappen;79.99;https://cdn.shopify.com/s/files/1/0940/7093/1843/files/18-18005_01.jpg?v=1780310553;bburago_18-18005.jpg;"https://cdn.shopify.com/s/files/1/0940/7093/1843/files/18-18005_02.jpg?v=1780310554;https://cdn.shopify.com/s/files/1/0940/7093/1843/files/18-18005_03.jpg?v=1780310553;https://cdn.shopify.com/s/files/1/0940/7093/1843/files/18-18005_04.jpg?v=1780310553;https://cdn.shopify.com/s/files/1/0940/7093/1843/files/18-18005_05.jpg?v=1780310553;https://cdn.shopify.com/s/files/1/0940/7093/1843/files/18-18005_06.jpg?v=1780310553;https://cdn.shopify.com/s/files/1/0940/7093/1843/files/18-18005_07.jpg?v=1780310553";7;https://www.bburago.com/products/f1-red-bull-racing-rb21-2025-1-verstappen-1-18-livrea-giappone;Discover the excellence of Formula 1 with the Bburago F1 Red Bull Racing RB21 2025 #1 Max Verstappen 1:18 scale model, made under official Red Bull Racing license. This die-cast replica captures every detail of the single-seater that starred in the 2025 season, featuring the special and exclusive Japanese GP livery. Perfect for collectors and motorsport enthusiasts, the model faithfully reproduces the aerodynamic design of the RB21, with high-quality finishes, realistic details, and extraordinary attention to the racing livery used by Verstappen.
18-16308;Ferrari 499P 24H LMH Hypercar 2025 Bburago 1:18 No. 83;Ferrari;Ferrari 499P 24H LMH Hypercar 2025 Bburago No. 83;1:18;Bburago Diecast;Gialla;2025;;79.99;https://cdn.shopify.com/s/files/1/0940/7093/1843/files/18-16308_01_jpg.jpg?v=1779873264;bburago_18-16308.jpg;"https://cdn.shopify.com/s/files/1/0940/7093/1843/files/18-16308_02_jpg.jpg?v=1779873264;https://cdn.shopify.com/s/files/1/0940/7093/1843/files/18-16308_03_jpg.jpg?v=1779873264;https://cdn.shopify.com/s/files/1/0940/7093/1843/files/18-16308_04_jpg.jpg?v=1779873264;https://cdn.shopify.com/s/files/1/0940/7093/1843/files/18-16308_05_jpg.jpg?v=1779873264;https://cdn.shopify.com/s/files/1/0940/7093/1843/files/18-16308_06_jpg.jpg?v=1779873264;https://cdn.shopify.com/s/files/1/0940/7093/1843/files/18-16308_07_jpg.jpg?v=1779873264;https://cdn.shopify.com/s/files/1/0940/7093/1843/files/18-16308_08_jpg.jpg?v=1779873264";8;https://www.bburago.com/products/ferrari-499p-24h-lmh-hypercar-2025-bburago-1-18-n-83;Discover the 1:18 scale model of the Ferrari 499P Hypercar 2025, the absolute star of the Endurance Championship and the winning car of the 2025 24 Hours of Le Mans with number 83. Crafted by Bburago under official Ferrari license, this model faithfully reproduces one of the most iconic hypercars of recent years, a symbol of innovation, performance, and the sporting tradition of the Maranello brand. Detailed to perfection, the model features a realistic body and high-quality finishes, with an accurate interior and opening doors that allow you to appreciate all its manufacturing craftsmanship. 
18-38322;Toyota GR010 Hybrid 2024 #7 1:43 with display case;Toyota;Toyota GR010 Hybrid 2024 #7 with display case;1:43;Bburago Diecast;Nero;2024;;16.99;https://cdn.shopify.com/s/files/1/0940/7093/1843/files/18-38322_01.jpg?v=1778768252;bburago_18-38322.jpg;"https://cdn.shopify.com/s/files/1/0940/7093/1843/files/18-38322_02.jpg?v=1778768252;https://cdn.shopify.com/s/files/1/0940/7093/1843/files/18-38322_03.jpg?v=1778768252;https://cdn.shopify.com/s/files/1/0940/7093/1843/files/18-38322_04.jpg?v=1778768253;https://cdn.shopify.com/s/files/1/0940/7093/1843/files/18-38322_05.jpg?v=1778768252";5;https://www.bburago.com/products/toyota-gr010-hybrid-2024-7-1-43-con-teca-espositiva;Discover the cutting edge of endurance competitions with the Toyota GR010 Hybrid 2024 #7 by Bburago in 1:43 scale. This officially Toyota-licensed die-cast model faithfully recreates the aerodynamic design and striking livery of the black hypercar. For optimal protection and a premium presentation, the model is enclosed in a transparent display case mounted on a fixed base.
18-38324;Toyota GR Yaris Rally 1 Hybrid #69 1:43 with display case;Toyota;Toyota GR Yaris Rally 1 Hybrid #69 with display case;1:43;Bburago Diecast;Nero;2024;;16.99;https://cdn.shopify.com/s/files/1/0940/7093/1843/files/18-38324_02_6e7a0939-99d6-4f31-a00e-ca37b968f045.jpg?v=1785428257;bburago_18-38324.jpg;"https://cdn.shopify.com/s/files/1/0940/7093/1843/files/18-38324_03_f9b71aeb-2067-470f-b14f-43cc8efc0d45.jpg?v=1785428258;https://cdn.shopify.com/s/files/1/0940/7093/1843/files/18-38324_04_41ce2331-6ab0-411e-a09b-fc2c3a161e7b.jpg?v=1785428258;https://cdn.shopify.com/s/files/1/0940/7093/1843/files/18-38324_05_4f36cb72-2284-4579-8e77-8d87a64b4ddf.jpg?v=1785428258;https://cdn.shopify.com/s/files/1/0940/7093/1843/files/18-38324_01.jpg?v=1785428257";5;https://www.bburago.com/products/toyota-gr-yaris-rally-1-hybrid-69-1-43-con-teca-espositiva;"Celebrate the talent of champion Rovanperä with the Toyota GR Yaris Rally 1 Hybrid #69 by Bburago in 1:43 scale. This diecast model, made under official Toyota license, reproduces with extreme precision the aerodynamic lines and official livery of the hybrid car starring in the WRC. For an impeccable presentation and lasting protection, the model comes with a transparent display case mounted on a dedicated base. &nbsp;"
18-38323;Toyota GR Yaris Rally 1 Hybrid #17 1:43 with display case;Toyota;Toyota GR Yaris Rally 1 Hybrid #17 with display case;1:43;Bburago Diecast;Nero;2024;;16.99;https://cdn.shopify.com/s/files/1/0940/7093/1843/files/18-38323_02_c8d6205e-3f84-47e5-abaa-9e3300baad25.jpg?v=1785428257;bburago_18-38323.jpg;"https://cdn.shopify.com/s/files/1/0940/7093/1843/files/18-38323_03_dd816411-8f4c-4183-8dbe-4dc1c0bce8ac.jpg?v=1785428257;https://cdn.shopify.com/s/files/1/0940/7093/1843/files/18-38323_04_0444d61a-6b38-4e57-b8c9-0a7f213f226e.jpg?v=1785428257;https://cdn.shopify.com/s/files/1/0940/7093/1843/files/18-38323_05_d820e3f6-6543-489e-9941-905d3043a36b.jpg?v=1785428257;https://cdn.shopify.com/s/files/1/0940/7093/1843/files/18-38323_01.jpg?v=1785428257";5;https://www.bburago.com/products/toyota-gr-yaris-rally-1-hybrid-17-1-43-con-teca-espositiva;"Get into the heart of the competition with Ogier's Toyota GR Yaris Rally 1 Hybrid #17, presented by Bburago in 1:43 scale. This diecast model, made under official Toyota license, is a meticulous reproduction of the hybrid car starring in the World Rally Championship, complete with its official livery and accurate technical details. To ensure perfect preservation and a premium presentation, the model is enclosed in a transparent display case. &nbsp;"
18-38317;Porsche 963 #12 1:43 with display case;Porsche;Porsche 963 #12 with display case;1:43;Bburago Diecast;Oro/Bianco;2024;;16.99;https://cdn.shopify.com/s/files/1/0940/7093/1843/files/18-38317_01.jpg?v=1778768252;bburago_18-38317.jpg;"https://cdn.shopify.com/s/files/1/0940/7093/1843/files/18-38317_02.jpg?v=1778768252;https://cdn.shopify.com/s/files/1/0940/7093/1843/files/18-38317_03.jpg?v=1778768251;https://cdn.shopify.com/s/files/1/0940/7093/1843/files/18-38317_04.jpg?v=1778768253;https://cdn.shopify.com/s/files/1/0940/7093/1843/files/18-38317_05.jpg?v=1778768251";5;https://www.bburago.com/products/porsche-963-12-1-43-con-teca-espositiva;"Enrich your collection with the exclusive Porsche 963 #12 by Bburago in 1:43 scale. This diecast model, made under official Porsche license, stands out for its unique and elegant gold livery, reproduced with extreme care for aerodynamic and technical details. To ensure optimal protection and a premium presentation, the model is enclosed in a transparent display case mounted on a dedicated base. &nbsp;"
18-38319;Porsche 963 #6 1:43 with display case;Porsche;Porsche 963 #6 with display case;1:43;Bburago Diecast;Bianco/Rosso;2024;;18.99;https://cdn.shopify.com/s/files/1/0940/7093/1843/files/18-38319_01.jpg?v=1778768252;bburago_18-38319.jpg;"https://cdn.shopify.com/s/files/1/0940/7093/1843/files/18-38319_02.jpg?v=1778768252;https://cdn.shopify.com/s/files/1/0940/7093/1843/files/18-38319_03.jpg?v=1778768252;https://cdn.shopify.com/s/files/1/0940/7093/1843/files/18-38319_04.jpg?v=1778768253;https://cdn.shopify.com/s/files/1/0940/7093/1843/files/18-38319_05.jpg?v=1778768252";5;https://www.bburago.com/products/porsche-963-6-1-43-con-teca-espositiva;"Celebrate the technological excellence of motorsport with the Porsche 963 #6 by Bburago in 1:43 scale. This diecast model, made under official Porsche license, faithfully reproduces the aerodynamic design and the white and red livery of the endurance racing star. For an impeccable presentation and lasting protection, the model comes with a practical transparent display case. &nbsp;"
18-38305;Lamborghini Huracán Super Trofeo EVO2 1:43 metallic green with display case;Lamborghini;Lamborghini Huracán Super Trofeo EVO2 metallic green with display case;1:43;Bburago Diecast;Verde Metallizzato;2024;;16.99;https://cdn.shopify.com/s/files/1/0940/7093/1843/files/18-38305_01.jpg?v=1778768244;bburago_18-38305.jpg;"https://cdn.shopify.com/s/files/1/0940/7093/1843/files/18-38305_02.jpg?v=1778768250;https://cdn.shopify.com/s/files/1/0940/7093/1843/files/18-38305_03.jpg?v=1778768244;https://cdn.shopify.com/s/files/1/0940/7093/1843/files/18-38305_04.jpg?v=1778768245;https://cdn.shopify.com/s/files/1/0940/7093/1843/files/18-38305_05.jpg?v=1778768245";5;https://www.bburago.com/products/lamborghini-huracan-super-trofeo-ev02-1-43-verde-metallizzato-con-teca-espositiva;"Bring the adrenaline of the racetrack into your collection with the 1:43 scale Lamborghini Huracán Super Trofeo EVO2 by Bburago, under official Lamborghini license. This diecast model, finished in a vibrant metallic green, faithfully reproduces the extreme lines and aerodynamic design of the famous racing car. To ensure optimal protection and a premium presentation, the model comes enclosed in a transparent display case. &nbsp;"
18-38306;Bugatti Bolide 1:43 blue/black with display case;Bugatti;Bugatti Bolide blue/black with display case;1:24;Bburago Diecast;Blu/Nera;2024;;16.99;https://cdn.shopify.com/s/files/1/0940/7093/1843/files/18-38306_01.jpg?v=1778768244;bburago_18-38306.jpg;"https://cdn.shopify.com/s/files/1/0940/7093/1843/files/18-38306_02.jpg?v=1778768245;https://cdn.shopify.com/s/files/1/0940/7093/1843/files/18-38306_03.jpg?v=1778768245;https://cdn.shopify.com/s/files/1/0940/7093/1843/files/18-38306_04.jpg?v=1778768245;https://cdn.shopify.com/s/files/1/0940/7093/1843/files/18-38306_05.jpg?v=1778768245";5;https://www.bburago.com/products/bugatti-bolide-1-43-blu-nera-con-teca-espositiva;Discover the extreme power of the Bugatti Bolide with this original 1:43 scale Bburago replica. Made of diecast metal under official Bugatti license, this model faithfully reproduces the hypercar's revolutionary design in its iconic blue and black tones. This special edition comes complete with a refined transparent display case, ideal for protecting the product and showcasing it within any collection.
18-36321;FERRARI 499P 24H LMH Hypercar 2025 #83 1:43 with display case;Ferrari;FERRARI 499P 24H LMH Hypercar 2025 #83 with display case;1:43;Bburago Diecast;Giallo;2025;;24.99;https://cdn.shopify.com/s/files/1/0940/7093/1843/files/18-36321_01.jpg?v=1778768246;bburago_18-36321.jpg;"https://cdn.shopify.com/s/files/1/0940/7093/1843/files/18-36321_02.jpg?v=1778768245;https://cdn.shopify.com/s/files/1/0940/7093/1843/files/18-36321_03.jpg?v=1778768245;https://cdn.shopify.com/s/files/1/0940/7093/1843/files/18-36321_04.jpg?v=1778768245;https://cdn.shopify.com/s/files/1/0940/7093/1843/files/18-36321_05.jpg?v=1778768245;https://cdn.shopify.com/s/files/1/0940/7093/1843/files/18-36321_06.jpg?v=1778768245;https://cdn.shopify.com/s/files/1/0940/7093/1843/files/18-36321_07.jpg?v=1778768245";7;https://www.bburago.com/products/ferrari-499p-24h-lmh-hypercar-2025-83-1-43-con-teca-espositiva;Relive the excitement of endurance racing with the 2025 Ferrari 499P LMH Hypercar #83, presented in 1:43 scale in a refined collector's version made under official Ferrari license. This model celebrates the extraordinary victory of the Prancing Horse hypercar in the 24-hour race, faithfully reproducing the livery, proportions, and distinctive details of the Ferrari 499P in the 2025 race configuration, number 83. The quality of the finishes and the attention to detail make this miniature ideal for enthusiasts of motorsport and Le Mans Hypercar (LMH) competitions. The model comes packaged in a d
18-16022;Ferrari F80 Red 1:18;Ferrari;Ferrari F80 Red;1:18;Bburago Diecast;Rosso;2024;;59.99;https://cdn.shopify.com/s/files/1/0940/7093/1843/files/18_16022_FERR_FerrariF80_RED_PRD_3.jpg?v=1775631764;bburago_18-16022.jpg;"https://cdn.shopify.com/s/files/1/0940/7093/1843/files/18_16022_FERR_FerrariF80_RED_PKG_2.jpg?v=1775631776;https://cdn.shopify.com/s/files/1/0940/7093/1843/files/18_16022_FERR_FerrariF80_RED_PRD_1.jpg?v=1775631789;https://cdn.shopify.com/s/files/1/0940/7093/1843/files/18_16022_FERR_FerrariF80_RED_PRD_2.jpg?v=1775631792;https://cdn.shopify.com/s/files/1/0940/7093/1843/files/18_16022_FERR_FerrariF80_RED_PRD_5.jpg?v=1775631803";5;https://www.bburago.com/products/ferrari-f80-red-1-18;Discover the elegance and power of the Ferrari F80 in this stunning 1:18 scale reproduction by Bburago, made under official Ferrari license in iconic red finish. A die-cast model that captures the full essence of Ferrari design. Perfect for collectors and Cavallino Rampante enthusiasts, this model combines build quality and attention to detail, offering a realistic and engaging experience.
18-38234J1;F1 RedBull Racing RB21 Livrea Giappone 2025 #1 Verstappen scala 1:43 con teca espositiva;Red Bull Racing;F1 RedBull Racing RB21 Livrea Giappone 2025 #1 Verstappen con teca espositiva;1:43;Race & F1 Series;Nero;2025;Max Verstappen;24.99;https://cdn.shopify.com/s/files/1/0940/7093/1843/files/18-38234J1_01.jpg?v=1776788253;bburago_18-38234J1.jpg;"https://cdn.shopify.com/s/files/1/0940/7093/1843/files/18-38234J1_02.jpg?v=1776788253;https://cdn.shopify.com/s/files/1/0940/7093/1843/files/18-38234J1_03.jpg?v=1776788253;https://cdn.shopify.com/s/files/1/0940/7093/1843/files/18-38234J1_04.jpg?v=1776788253;https://cdn.shopify.com/s/files/1/0940/7093/1843/files/18-38234J1_05.jpg?v=1776788253;https://cdn.shopify.com/s/files/1/0940/7093/1843/files/18-38234J1_06.jpg?v=1776788253;https://cdn.shopify.com/s/files/1/0940/7093/1843/files/18-38234J1_07.jpg?v=1776788253;https://cdn.shopify.com/s/files/1/0940/7093/1843/files/18-38234J1_08.jpg?v=1776788253;https://cdn.shopify.com/s/files/1/0940/7093/1843/files/18-38234J1_09.jpg?v=1776788253";9;https://www.bburago.com/products/f1-redbull-racing-rb21-livrea-giappone-2025-1-verstappen-scala-1-43-con-teca-espositiva;Scopri il modello F1 Red Bull Racing RB21 #1 Max Verstappen con Livrea Giappone 2025 in scala 1:43 Bburago, un modellino diecast da collezione dedicato agli appassionati di Formula 1 e motorsport. Realizzato in metallo pressofuso con dettagli accurati, questo modello riproduce fedelmente la monoposto Red Bull Racing con la speciale livrea del Gran Premio del Giappone 2025, guidata dal campione Max Verstappen. Completo di teca espositiva, è ideale per collezionisti e fan della F1 che desiderano valorizzare e proteggere il proprio modello. Perfetto come idea regalo, questo modellino Red Bull Rac
18-11052B;Lamborghini Temerario 1:18 blu;Lamborghini;Lamborghini Temerario blu;1:18;Bburago Diecast;Blu;2024;;49.99;https://cdn.shopify.com/s/files/1/0940/7093/1843/files/18-11052B_01_a219dc7b-f960-4d85-8168-1ee958e2d566.jpg?v=1785428258;bburago_18-11052B.jpg;"https://cdn.shopify.com/s/files/1/0940/7093/1843/files/18-11052B_02_6094bfe2-874b-477c-a981-34dc080adb2f.jpg?v=1785428258;https://cdn.shopify.com/s/files/1/0940/7093/1843/files/18-11052B_03_8ab30974-53c9-4864-bca2-79e4cc05af11.jpg?v=1785428258;https://cdn.shopify.com/s/files/1/0940/7093/1843/files/18-11052B_04_ea9e55f1-c4f9-4912-9942-99aac0bb750a.jpg?v=1785428258;https://cdn.shopify.com/s/files/1/0940/7093/1843/files/18-11052B_05_7d37c672-a181-42fb-8c01-ce2ae2edef8c.jpg?v=1785428258;https://cdn.shopify.com/s/files/1/0940/7093/1843/files/18-11052B_06_0795b5a4-4ff9-4639-a17c-9460327aa59f.jpg?v=1785428258;https://cdn.shopify.com/s/files/1/0940/7093/1843/files/18-11052B_07_fa5b0ad7-ee19-4e5c-9922-e1f8fa670ab5.jpg?v=1785428258;https://cdn.shopify.com/s/files/1/0940/7093/1843/files/18-11052B_08_6176955f-09b0-4ee4-885f-817837547d53.jpg?v=1785428258";8;https://www.bburago.com/products/lamborghini-temerario-1-18-blu;Scopri il modello Lamborghini Temerario Bburago in scala 1:18 colore blu, un modellino diecast da collezione realizzato con licenza ufficiale Lamborghini, pensato per appassionati di supercar e modellismo automobilistico. Realizzato in metallo pressofuso con grande attenzione ai dettagli, questo modello riproduce fedelmente la celebre hypercar italiana, esaltandone il design iconico e le linee sportive tipiche della casa di Sant’Agata Bolognese. Il modellino auto si distingue per le porte, il cofano anteriore e posteriore apribili, gli interni realistici con finiture curate e le ruote sterzant
18-11052O;Lamborghini Temerario 1:18 arancione;Lamborghini;Lamborghini Temerario arancione;1:18;Bburago Diecast;Arancione;2024;;49.99;https://cdn.shopify.com/s/files/1/0940/7093/1843/files/18-11052O_01_7b3d25c9-293f-43b6-bdad-417da619f8ba.jpg?v=1785428258;bburago_18-11052O.jpg;"https://cdn.shopify.com/s/files/1/0940/7093/1843/files/18-11052O_02_dbc1100f-8ac7-4da8-ad81-e7462f7789a3.jpg?v=1785428258;https://cdn.shopify.com/s/files/1/0940/7093/1843/files/18-11052O_03_e6273e66-3331-4e6b-b99c-b3096c6a1103.jpg?v=1785428258;https://cdn.shopify.com/s/files/1/0940/7093/1843/files/18-11052O_04_04d64813-2134-46ea-811d-7075d4f891dc.jpg?v=1785428258;https://cdn.shopify.com/s/files/1/0940/7093/1843/files/18-11052O_05_5fa4fe20-991e-4700-9fac-0ba1a546189c.jpg?v=1785428258;https://cdn.shopify.com/s/files/1/0940/7093/1843/files/18-11052O_06_64cddd59-5e05-41d6-940c-f5c9d014a09e.jpg?v=1785428258;https://cdn.shopify.com/s/files/1/0940/7093/1843/files/18-11052O_07_8d618901-9fba-468c-9598-44d6bbed4132.jpg?v=1785428258;https://cdn.shopify.com/s/files/1/0940/7093/1843/files/18-11052O_08_500b4248-b558-4508-892b-c506005011cc.jpg?v=1785428258";8;https://www.bburago.com/products/lamborghini-temerario-1-18-arancione;Scopri il modello Lamborghini Temerario Bburago in scala 1:18 colore arancione, un modellino diecast da collezione realizzato con licenza ufficiale Lamborghini, pensato per appassionati di supercar e modellismo automobilistico. Realizzato in metallo pressofuso con grande attenzione ai dettagli, questo modello riproduce fedelmente la celebre hypercar italiana, esaltandone il design iconico e le linee sportive tipiche della casa di Sant’Agata Bolognese. Il modellino auto si distingue per le porte, il cofano anteriore e posteriore apribili, gli interni realistici con finiture curate e le ruote st
18-11051Y;Bugatti Mistral 1:18;Bugatti;Bugatti Mistral;1:18;Bburago Diecast;Giallo;2024;;49.99;https://cdn.shopify.com/s/files/1/0940/7093/1843/files/18-11051Y_01.jpg?v=1776788236;bburago_18-11051Y.jpg;"https://cdn.shopify.com/s/files/1/0940/7093/1843/files/18-11051Y_02.jpg?v=1776788236;https://cdn.shopify.com/s/files/1/0940/7093/1843/files/18-11051Y_03.jpg?v=1776788236;https://cdn.shopify.com/s/files/1/0940/7093/1843/files/18-11051Y_04.jpg?v=1776788236;https://cdn.shopify.com/s/files/1/0940/7093/1843/files/18-11051Y_05.jpg?v=1776788236;https://cdn.shopify.com/s/files/1/0940/7093/1843/files/18-11051Y_06.jpg?v=1776788236;https://cdn.shopify.com/s/files/1/0940/7093/1843/files/18-11051Y_07.jpg?v=1776788236;https://cdn.shopify.com/s/files/1/0940/7093/1843/files/18-11051Y_08.jpg?v=1776788236";8;https://www.bburago.com/products/bugatti-mistral-1-18;1:18 scale model of the Bugatti W16 Mistral Bburago, made of die-cast metal with plastic parts. This collectible car model faithfully reproduces the famous roadster with W16 engine and stands out for its high level of detail, with opening bonnet and doors, realistic interiors and original yellow livery. Official Bugatti licensed product, ideal for supercar enthusiasts, car modelling and as a gift idea for collectors.
18-11045;Bugatti Divo 1:18 dark grey;Bugatti;Bugatti Divo dark grey;1:18;Bburago Diecast;Grigio Scuro;2024;;49.99;https://cdn.shopify.com/s/files/1/0940/7093/1843/files/18-11045_01.jpg?v=1776788236;bburago_18-11045.jpg;"https://cdn.shopify.com/s/files/1/0940/7093/1843/files/18-11045_02.jpg?v=1776788237;https://cdn.shopify.com/s/files/1/0940/7093/1843/files/18-11045_03.jpg?v=1776788236;https://cdn.shopify.com/s/files/1/0940/7093/1843/files/18-11045_04.jpg?v=1776788236;https://cdn.shopify.com/s/files/1/0940/7093/1843/files/18-11045_05.jpg?v=1776788236;https://cdn.shopify.com/s/files/1/0940/7093/1843/files/18-11045_06.jpg?v=1776788236;https://cdn.shopify.com/s/files/1/0940/7093/1843/files/18-11045_07.jpg?v=1776788236;https://cdn.shopify.com/s/files/1/0940/7093/1843/files/18-11045_08.jpg?v=1776788236";8;https://www.bburago.com/products/bugatti-divo-1-18-grigio-scuro;1:18 scale Bugatti Divo diecast model with official license. Dark grey matte version, with opening doors and hood.
18-16307;Ferrari 499P 24H LMH Hypercar 2025 n°51 1:18;Ferrari;Ferrari 499P 24H LMH Hypercar 2025 n°51;1:18;Bburago Diecast;Rosso;2025;;79.99;https://cdn.shopify.com/s/files/1/0940/7093/1843/files/18-16307_01.jpg?v=1776781038;bburago_18-16307.jpg;"https://cdn.shopify.com/s/files/1/0940/7093/1843/files/18-16307_02.jpg?v=1776781038;https://cdn.shopify.com/s/files/1/0940/7093/1843/files/18-16307_03.jpg?v=1776781038;https://cdn.shopify.com/s/files/1/0940/7093/1843/files/18-16307_04.jpg?v=1776781038;https://cdn.shopify.com/s/files/1/0940/7093/1843/files/18-16307_05.jpg?v=1776781038;https://cdn.shopify.com/s/files/1/0940/7093/1843/files/18-16307_06.jpg?v=1776781039;https://cdn.shopify.com/s/files/1/0940/7093/1843/files/18-16307_07.jpg?v=1776781038;https://cdn.shopify.com/s/files/1/0940/7093/1843/files/18-16307_08.jpg?v=1776781038";8;https://www.bburago.com/products/ferrari-499p-24h-lmh-hypercar-2025-ndeg51-1-18;Add the extraordinary Ferrari 499P 24H LMH Hypercar 2025 #51 in scale 1:18 to your collection, a high-quality diecast model with official Ferrari license. This model car, with opening doors, faithfully reproduces the aggressive and aerodynamic shapes of the Ferrari Hypercar, protagonist of the 2025 season in the 24 Ore championship. Made with premium materials and artisanal care, the 1:18 scale model offers realistic details such as interior finishes and visible mechanics when opening the doors. Ideal for passionate collectors and racing car lovers, this exclusive piece represents a jewel of F
18-26317;FERRARI 499P 2025 24h Le Mans Hypercar N.51 1:24;Ferrari;FERRARI 499P 2025 24h Le Mans Hypercar N.51;1:24;Bburago Diecast;Rosso;2025;;29.99;https://cdn.shopify.com/s/files/1/0940/7093/1843/files/18-26317_01.jpg?v=1776788245;bburago_18-26317.jpg;"https://cdn.shopify.com/s/files/1/0940/7093/1843/files/18-26317_02.jpg?v=1776788245;https://cdn.shopify.com/s/files/1/0940/7093/1843/files/18-26317_03.jpg?v=1776788245;https://cdn.shopify.com/s/files/1/0940/7093/1843/files/18-26317_04.jpg?v=1776788245;https://cdn.shopify.com/s/files/1/0940/7093/1843/files/18-26317_05.jpg?v=1776788245;https://cdn.shopify.com/s/files/1/0940/7093/1843/files/18-26317_06.jpg?v=1776788245;https://cdn.shopify.com/s/files/1/0940/7093/1843/files/18-26317_07.jpg?v=1776788245;https://cdn.shopify.com/s/files/1/0940/7093/1843/files/18-26317_08.jpg?v=1776788245";8;https://www.bburago.com/products/ferrari-499p-2025-24h-le-mans-hypercar-n-51-1-24;Discover the legendary Ferrari 499P n° 51, protagonist of the 2025 24 Hours of Le Mans, reproduced in 1:24 scale by Bburago with official Ferrari license. A diecast model designed for true motorsport enthusiasts and collectors. This faithful replica of the Ferrari 499P Hypercar features the official livery, with great attention to detail that enhances the aerodynamic design and racing characteristics of the car. The opening doors allow a close look at the interior, making the model even more realistic and engaging.
18-36319;FERRARI 499P 24H LMH Hypercar 2025 n° 51 1:43 con teca espositiva;Ferrari;FERRARI 499P 24H LMH Hypercar 2025 n° 51 con teca espositiva;1:43;Bburago Diecast;Rosso;2025;;24.99;https://cdn.shopify.com/s/files/1/0940/7093/1843/files/18-36319_01.jpg?v=1776788246;bburago_18-36319.jpg;"https://cdn.shopify.com/s/files/1/0940/7093/1843/files/18-36319_02.jpg?v=1776788246;https://cdn.shopify.com/s/files/1/0940/7093/1843/files/18-36319_03.jpg?v=1776788246;https://cdn.shopify.com/s/files/1/0940/7093/1843/files/18-36319_04.jpg?v=1776788246;https://cdn.shopify.com/s/files/1/0940/7093/1843/files/18-36319_05.jpg?v=1776788246;https://cdn.shopify.com/s/files/1/0940/7093/1843/files/18-36319_06.jpg?v=1776788246;https://cdn.shopify.com/s/files/1/0940/7093/1843/files/18-36319_07.jpg?v=1776788246;https://cdn.shopify.com/s/files/1/0940/7093/1843/files/18-36319_08.jpg?v=1776788246;https://cdn.shopify.com/s/files/1/0940/7093/1843/files/18-36319_09.jpg?v=1776788246";9;https://www.bburago.com/products/ferrari-499p-24h-lmh-hypercar-2025-ndeg-51-1-43-con-teca-espositiva;Scopri la Ferrari 499P n°51, protagonista della 24 Ore di Le Mans 2025, riprodotta in scala 1:43 da Bburago con licenza ufficiale Ferrari. Un modellino diecast perfetto per collezionisti e appassionati di hypercar e competizioni endurance. Questa replica della Ferrari 499P LMH (Le Mans Hypercar) presenta la livrea ufficiale gara n°51, con dettagli accurati che esaltano il design aerodinamico e racing della vettura. Il modellino è accompagnato da una pratica teca espositiva, ideale per proteggere il prodotto dalla polvere e valorizzarlo in esposizione.
18-58007N;McLaren F1 MCL 39 2025 #4 Norris 1:64 con teca espositiva;McLaren;McLaren F1 MCL 39 2025 #4 Norris con teca espositiva;1:64;Race & F1 Series;Papaya E Antracite;2025;Lando Norris;14.99;https://cdn.shopify.com/s/files/1/0940/7093/1843/files/18-58007N_01.jpg?v=1777022489;bburago_18-58007N.jpg;"https://cdn.shopify.com/s/files/1/0940/7093/1843/files/18-58007N_2.jpg?v=1776351462;https://cdn.shopify.com/s/files/1/0940/7093/1843/files/18-58007N_3.jpg?v=1776351463;https://cdn.shopify.com/s/files/1/0940/7093/1843/files/18-58007N_4.jpg?v=1776351462;https://cdn.shopify.com/s/files/1/0940/7093/1843/files/18-58007N_5.jpg?v=1776351463;https://cdn.shopify.com/s/files/1/0940/7093/1843/files/18-58007N_6.jpg?v=1776351463;https://cdn.shopify.com/s/files/1/0940/7093/1843/files/18-58007N_7.jpg?v=1776351462;https://cdn.shopify.com/s/files/1/0940/7093/1843/files/18-58007N_8.jpg?v=1776351463";8;https://www.bburago.com/products/mclaren-f1-mcl-39-2025-4-norris-1-64-con-teca-espositiva;Arricchisci la tua collezione con la monoposto della stagione 2025 guidata da Lando Norris: la McLaren F1 MCL39 numero 4. Questo modellino in scala 1:64 firmato Bburago è realizzato con licenza ufficiale McLaren ed è perfetto per collezionisti e appassionati di Formula 1. Compatto ma ricco di dettagli, il modello riproduce fedelmente la livrea ufficiale 2025 ed è corredato di teca espositiva, ideale per esposizione e protezione. Solo on line.
18-58007P;McLaren F1 MCL 39 2025 #81 Piastri 1:64 con teca espositiva;McLaren;McLaren F1 MCL 39 2025 #81 Piastri con teca espositiva;1:64;Race & F1 Series;Papaya E Antracite;2025;Oscar Piastri;14.99;https://cdn.shopify.com/s/files/1/0940/7093/1843/files/18-58007P_01.jpg?v=1777022517;bburago_18-58007P.jpg;"https://cdn.shopify.com/s/files/1/0940/7093/1843/files/18-58007P_2.jpg?v=1776351416;https://cdn.shopify.com/s/files/1/0940/7093/1843/files/18-58007P_3.jpg?v=1776351415;https://cdn.shopify.com/s/files/1/0940/7093/1843/files/18-58007P_4.jpg?v=1776351416;https://cdn.shopify.com/s/files/1/0940/7093/1843/files/18-58007P_5.jpg?v=1776351416;https://cdn.shopify.com/s/files/1/0940/7093/1843/files/18-58007P_6.jpg?v=1776351416;https://cdn.shopify.com/s/files/1/0940/7093/1843/files/18-58007P_7.jpg?v=1776351417;https://cdn.shopify.com/s/files/1/0940/7093/1843/files/18-58007P_8.jpg?v=1776351417";8;https://www.bburago.com/products/mclaren-f1-mcl-39-2025-81-piastri-1-64-con-teca-espositiva;Aggiungi alla tua collezione la monoposto della stagione 2025 guidata da Oscar Piastri: la McLaren F1 MCL39 numero 81. Questo modellino in scala 1:64 firmato Bburago è realizzato con licenza ufficiale McLaren, perfetto per collezionisti e appassionati di Formula 1. Compatto ma ricco di dettagli, il modello riproduce fedelmente la livrea ufficiale 2025 ed è corredato di teca espositiva, ideale per esposizione e protezione. Solo on line.
18-58008R;Mercedes-AMG F1 W16 2025 #63 Russell 1:64 with display case;Mercedes-Benz;Mercedes AMG F1 W16 2025 #63 Russell with display case;1:64;Race & F1 Series;Argento E Turchese;2025;George Russell;14.99;https://cdn.shopify.com/s/files/1/0940/7093/1843/files/18-58008R_01.jpg?v=1777022919;bburago_18-58008R.jpg;"https://cdn.shopify.com/s/files/1/0940/7093/1843/files/18-58008R_2.jpg?v=1776351368;https://cdn.shopify.com/s/files/1/0940/7093/1843/files/18-58008R_3.jpg?v=1776351368;https://cdn.shopify.com/s/files/1/0940/7093/1843/files/18-58008R_4.jpg?v=1776351368;https://cdn.shopify.com/s/files/1/0940/7093/1843/files/18-58008R_5.jpg?v=1776351368;https://cdn.shopify.com/s/files/1/0940/7093/1843/files/18-58008R_6.jpg?v=1776351368;https://cdn.shopify.com/s/files/1/0940/7093/1843/files/18-58008R_7.jpg?v=1776351368;https://cdn.shopify.com/s/files/1/0940/7093/1843/files/18-58008R_8.jpg?v=1776351368";8;https://www.bburago.com/products/mercedes-amg-f1-w16-2025-63-russell-1-64-con-teca-espositiva;Add to your collection the 2025 season single-seater driven by George Russell: the Mercedes-AMG F1 W16 number 63. This 1:64 scale model by Bburago is made under official Mercedes-AMG license and is perfect for collectors and Formula 1 enthusiasts. Compact yet full of details, the model faithfully reproduces the official 2025 livery and comes with a display case, ideal for exhibition and protection. Only online.
18-58008A;Mercedes-AMG F1 W16 2025 #12 Antonelli 1:64 con teca espositiva;Mercedes-Benz;Mercedes AMG F1 W16 2025 #12 Antonelli con teca espositiva;1:64;Race & F1 Series;Argento E Turchese;2025;Kimi Antonelli;14.99;https://cdn.shopify.com/s/files/1/0940/7093/1843/files/18-58008A_01.jpg?v=1778233744;bburago_18-58008A.jpg;"https://cdn.shopify.com/s/files/1/0940/7093/1843/files/18-58008A_2.jpg?v=1776351317;https://cdn.shopify.com/s/files/1/0940/7093/1843/files/18-58008A_3.jpg?v=1776351317;https://cdn.shopify.com/s/files/1/0940/7093/1843/files/18-58008A_4.jpg?v=1776351317;https://cdn.shopify.com/s/files/1/0940/7093/1843/files/18-58008A_5.jpg?v=1776351317;https://cdn.shopify.com/s/files/1/0940/7093/1843/files/18-58008A_6.jpg?v=1776351317;https://cdn.shopify.com/s/files/1/0940/7093/1843/files/18-58008A_7.jpg?v=1776351318;https://cdn.shopify.com/s/files/1/0940/7093/1843/files/18-58008A_8.jpg?v=1776351317";8;https://www.bburago.com/products/mercedes-amg-f1-w16-2025-12-antonelli-1-64-con-teca-espositiva;Completa la tua collezione con la monoposto della stagione 2025 guidata da Kimi Antonelli: la Mercedes-AMG F1 W16 numero 12. Questo modellino in scala 1:64 firmato Bburago è realizzato con licenza ufficiale Mercedes-AMG ed è pensato per collezionisti e appassionati di Formula 1. Compatto ma estremamente dettagliato, il modello riproduce fedelmente la livrea ufficiale 2025 ed è corredato di teca espositiva, ideale per protezione ed esposizione. Solo on line.
18-58009M;RedBull Racing RB21 2025 #1 Verstappen 1:64 con teca espositiva;Red Bull Racing;RedBull Racing RB21 2025 #1 Verstappen con teca espositiva;1:64;Race & F1 Series;Padrão Oficial;2025;Max Verstappen;14.99;https://cdn.shopify.com/s/files/1/0940/7093/1843/files/18-58009M_01.jpg?v=1777022966;bburago_18-58009M.jpg;"https://cdn.shopify.com/s/files/1/0940/7093/1843/files/18-58009M_2.jpg?v=1776351250;https://cdn.shopify.com/s/files/1/0940/7093/1843/files/18-58009M_3.jpg?v=1776351250;https://cdn.shopify.com/s/files/1/0940/7093/1843/files/18-58009M_4.jpg?v=1776351250;https://cdn.shopify.com/s/files/1/0940/7093/1843/files/18-58009M_5.jpg?v=1776351250;https://cdn.shopify.com/s/files/1/0940/7093/1843/files/18-58009M_6.jpg?v=1776351250;https://cdn.shopify.com/s/files/1/0940/7093/1843/files/18-58009M_7.jpg?v=1776351250;https://cdn.shopify.com/s/files/1/0940/7093/1843/files/18-58009M_8.jpg?v=1776351250";8;https://www.bburago.com/products/redbull-racing-rb21-2025-1-verstappen-1-64-con-teca-espositiva;Aggiungi alla tua collezione la monoposto campione del mondo con la Red Bull Racing RB21 numero 1, guidata da Max Verstappen nella stagione 2025. Questo modello in scala 1:64 firmato Bburago è realizzato con licenza ufficiale Red Bull Racing ed è perfetto per collezionisti e fan della Formula 1. Compatto ma estremamente dettagliato, riproduce fedelmente la RB21 con livrea ufficiale 2025 ed è completo di teca espositiva, ideale per protezione ed esposizione. Solo on line.
18-56804L;Ferrari SF-25 #16 Charles Leclerc 1:64 con teca espositiva;Ferrari;Ferrari SF 25 #16 Charles Leclerc con teca espositiva;1:64;Bburago Diecast;Rosso;2025;Charles Leclerc;14.99;https://cdn.shopify.com/s/files/1/0940/7093/1843/files/18-56804L_01.jpg?v=1777380288;bburago_18-56804L.jpg;"https://cdn.shopify.com/s/files/1/0940/7093/1843/files/18-56804L_2.jpg?v=1776347906;https://cdn.shopify.com/s/files/1/0940/7093/1843/files/18-56804L_3.jpg?v=1776347906;https://cdn.shopify.com/s/files/1/0940/7093/1843/files/18-56804L_4.jpg?v=1776347906;https://cdn.shopify.com/s/files/1/0940/7093/1843/files/18-56804L_5.jpg?v=1776347906;https://cdn.shopify.com/s/files/1/0940/7093/1843/files/18-56804L_6.jpg?v=1776347906;https://cdn.shopify.com/s/files/1/0940/7093/1843/files/18-56804L_7.jpg?v=1776347906;https://cdn.shopify.com/s/files/1/0940/7093/1843/files/18-56804L_8.jpg?v=1776347906";8;https://www.bburago.com/products/ferrari-sf-25-16-charles-leclerc-1-64-con-teca-espositiva;Rivivi l’emozione della Formula 1 con la Ferrari SF-25 numero 16, guidata da Charles Leclerc nella stagione 2025. Questo modellino in scala 1:64 firmato Bburago è realizzato con licenza ufficiale Ferrari ed è pensato per veri appassionati e collezionisti. Compatto ma ricco di dettagli, riproduce fedelmente la monoposto Ferrari 2025 ed è completo di teca espositiva, ideale per proteggerlo e valorizzarlo. Un pezzo imperdibile per gli appassionati Ferrari e Formula 1: la monoposto di Leclerc in versione 1:64 racchiude tutta l’energia della stagione 2025 in un formato compatto ed elegante, perfett
18-56804H;Ferrari SF-25 #44 Lewis Hamilton 1:64 con teca espositiva;Ferrari;Ferrari SF 25 #44 Lewis Hamilton con teca espositiva;1:64;Bburago Diecast;Rosso;2025;Lewis Hamilton;14.99;https://cdn.shopify.com/s/files/1/0940/7093/1843/files/18-56804H_01.jpg?v=1777380235;bburago_18-56804H.jpg;"https://cdn.shopify.com/s/files/1/0940/7093/1843/files/18-56804H_2.jpg?v=1776351201;https://cdn.shopify.com/s/files/1/0940/7093/1843/files/18-56804H_3.jpg?v=1776351202;https://cdn.shopify.com/s/files/1/0940/7093/1843/files/18-56804H_4.jpg?v=1776351201;https://cdn.shopify.com/s/files/1/0940/7093/1843/files/18-56804H_5.jpg?v=1776351201;https://cdn.shopify.com/s/files/1/0940/7093/1843/files/18-56804H_6.jpg?v=1776351201;https://cdn.shopify.com/s/files/1/0940/7093/1843/files/18-56804H_7.jpg?v=1776351200;https://cdn.shopify.com/s/files/1/0940/7093/1843/files/18-56804H_8.jpg?v=1776351200";8;https://www.bburago.com/products/ferrari-sf-25-44-lewis-hamilton-1-64-con-teca-espositiva;Porta nella tua collezione la monoposto della stagione 2025 con la Ferrari SF-25 numero 44, guidata da Lewis Hamilton. Questo modellino in scala 1:64 firmato Bburago è realizzato con licenza ufficiale Ferrari, perfetto per collezionisti e appassionati di Formula 1. Compatto ma ricco di dettagli, riproduce fedelmente la Ferrari SF-25 ed è completo di teca espositiva, ideale per protezione ed esposizione. Un must per fan e collezionisti: la Ferrari SF-25 #44 rappresenta una delle monoposto più attese della stagione 2025. Il formato 1:64 con teca la rende ideale per esposizione ordinata e collezi
32246;Red Bull Ktm 450 Rally Dakar 2024 1:6;Red Bull Racing;Red Bull Ktm 450 Rally Dakar 2024;1:6;Bburago Diecast;Blu;2024;;59.99;https://cdn.shopify.com/s/files/1/0940/7093/1843/files/32246_1.jpg?v=1776437998;bburago_32246.jpg;"https://cdn.shopify.com/s/files/1/0940/7093/1843/files/32246_2.jpg?v=1776437998;https://cdn.shopify.com/s/files/1/0940/7093/1843/files/32246_3.jpg?v=1776437998;https://cdn.shopify.com/s/files/1/0940/7093/1843/files/32246_4.jpg?v=1776437998;https://cdn.shopify.com/s/files/1/0940/7093/1843/files/32246_5.jpg?v=1776437998;https://cdn.shopify.com/s/files/1/0940/7093/1843/files/32246_6.jpg?v=1776437998;https://cdn.shopify.com/s/files/1/0940/7093/1843/files/32246_7.jpg?v=1776437998;https://cdn.shopify.com/s/files/1/0940/7093/1843/files/32246_8.jpg?v=1776437998;https://cdn.shopify.com/s/files/1/0940/7093/1843/files/32246_9.jpg?v=1776437998;https://cdn.shopify.com/s/files/1/0940/7093/1843/files/32246_10.jpg?v=1776437998;https://cdn.shopify.com/s/files/1/0940/7093/1843/files/32246_11.jpg?v=1776437998;https://cdn.shopify.com/s/files/1/0940/7093/1843/files/32246_12.jpg?v=1776437998;https://cdn.shopify.com/s/files/1/0940/7093/1843/files/32246_13.jpg?v=1776437998;https://cdn.shopify.com/s/files/1/0940/7093/1843/files/32246_14.jpg?v=1776437998;https://cdn.shopify.com/s/files/1/0940/7093/1843/files/32246_15.jpg?v=1776437998;https://cdn.shopify.com/s/files/1/0940/7093/1843/files/32246_16.jpg?v=1776437998";16;https://www.bburago.com/products/red-bull-ktm-450-rally-dakar-2024-1-6;Scopri il modello in scala 1:6 della Red Bull KTM 450 Rally Dakar 2024, realizzato a brand Maisto con licenza ufficiale Red Bull KTM. Una riproduzione fedele della leggendaria moto protagonista della Dakar Rally 2024, pensata per collezionisti e appassionati di rally. Questo modello die-cast si distingue per l’elevato livello di dettaglio: dalla livrea Red Bull alle finiture realistiche, fino alle proporzioni accurate della KTM 450 Rally. La scala 1:6 garantisce una presenza importante, ideale per esposizione. Perfetto per gli appassionati della Dakar e delle competizioni off-road, questo mode
31511;Lamborghini Huracán Police 1:24;Lamborghini;Lamborghini Huracán Police;1:24;Bburago Diecast;Bianco;2024;;19.99;https://cdn.shopify.com/s/files/1/0940/7093/1843/files/31511_1.jpg?v=1776347673;bburago_31511.jpg;"https://cdn.shopify.com/s/files/1/0940/7093/1843/files/31511_2.jpg?v=1776347674;https://cdn.shopify.com/s/files/1/0940/7093/1843/files/31511_3.jpg?v=1776347673;https://cdn.shopify.com/s/files/1/0940/7093/1843/files/31511_4.jpg?v=1776347673;https://cdn.shopify.com/s/files/1/0940/7093/1843/files/31511_5.jpg?v=1776347673;https://cdn.shopify.com/s/files/1/0940/7093/1843/files/31511_6.jpg?v=1776347673;https://cdn.shopify.com/s/files/1/0940/7093/1843/files/31511_7.jpg?v=1776347674;https://cdn.shopify.com/s/files/1/0940/7093/1843/files/31511_8.jpg?v=1776347673";8;https://www.bburago.com/products/lamborghini-huracan-polizia-1-24;Discover the charm and power of the Lamborghini Huracán Police in 1:24 scale, a high-quality die cast metal model by Maisto, made with official Lamborghini and Police license. This Lamborghini Huracán Police model faithfully reproduces every detail of the iconic supercar used by law enforcement, with extraordinary attention to finishes, livery and proportions. Official Lamborghini and Police license, guarantee of authenticity. Perfect both as a collector's model and as a gift idea for adults and children passionate about sports cars and law enforcement vehicles.
18-36853MI44;Ferrari SF-25 #44 Lewis Hamilton Livrea Miami 1:43;Ferrari;Ferrari SF 25 #44 Lewis Hamilton Livrea Miami;1:43;Bburago Diecast;Azzurro;2025;Lewis Hamilton;14.99;https://cdn.shopify.com/s/files/1/0940/7093/1843/files/18-36853MI44_3.jpg?v=1775631691;bburago_18-36853MI44.jpg;"https://cdn.shopify.com/s/files/1/0940/7093/1843/files/18-36853MI44pack_2.jpg?v=1775631691;https://cdn.shopify.com/s/files/1/0940/7093/1843/files/18-36853MI44_1.jpg?v=1775631691;https://cdn.shopify.com/s/files/1/0940/7093/1843/files/18-36853MI44_2.jpg?v=1775631691;https://cdn.shopify.com/s/files/1/0940/7093/1843/files/18-36853MI44_5.jpg?v=1775631691";5;https://www.bburago.com/products/ferrari-sf-25-44-lewis-hamilton-livrea-miami-1-43;Aggiungi alla tua collezione un simbolo della nuova era della Formula 1 con la Ferrari SF-25 #44 in scala 1:43, monoposto guidata da Lewis Hamilton nella stagione 2025. Questo modellino firmato Bburago riproduce fedelmente la spettacolare livrea Miami, caratterizzata da uno stile unico e accattivante. Il modello Ferrari SF-25 Miami #44 è realizzato con grande cura nei dettagli, ideale per collezionisti e appassionati di F1 che cercano autenticità e qualità, garantite dalla licenza ufficiale Ferrari. Perfetto come modellino Ferrari F1 da collezione, rappresenta l’incontro tra innovazione, prest
18-36853MI16;Ferrari SF-25 #16 Charles Leclerc Miami Livery 1:43;Ferrari;Ferrari SF 25 #16 Charles Leclerc Miami Livery;1:43;Bburago Diecast;Azzurro;2025;Charles Leclerc;14.99;https://cdn.shopify.com/s/files/1/0940/7093/1843/files/18-36853MI16_7.jpg?v=1775631476;bburago_18-36853MI16.jpg;"https://cdn.shopify.com/s/files/1/0940/7093/1843/files/18-36853MI16pack_2.jpg?v=1775631476;https://cdn.shopify.com/s/files/1/0940/7093/1843/files/18-36853MI16_1.jpg?v=1775631476;https://cdn.shopify.com/s/files/1/0940/7093/1843/files/18-36853MI16_2.jpg?v=1775631476;https://cdn.shopify.com/s/files/1/0940/7093/1843/files/18-36853MI16_9.jpg?v=1775631476";5;https://www.bburago.com/products/ferrari-sf-25-16-charles-leclerc-livrea-miami-1-43;Discover the charm of Formula 1 with the Ferrari SF-25 #16 in 1:43 scale, faithful reproduction of the monoposto driven by Charles Leclerc during the 2025 season. This exclusive model by Bburago celebrates the spectacular Miami livery, one of the most iconic and modern seen on track. Made with great attention to detail, the Ferrari SF-25 Miami #16 model is perfect for collectors and F1 enthusiasts, thanks to its build quality and official Ferrari license, which guarantees authenticity and fidelity to the original. Perfect as a Ferrari F1 collectible model, this piece represents speed, innovati
31523;Porsche 911 GT2 RS 1:24;Porsche;Porsche 911 GT2 RS;1:24;Bburago Diecast;Giallo;2024;;18.99;https://cdn.shopify.com/s/files/1/0940/7093/1843/files/31523_1.jpg?v=1776347756;bburago_31523.jpg;"https://cdn.shopify.com/s/files/1/0940/7093/1843/files/31523_2.jpg?v=1776347756;https://cdn.shopify.com/s/files/1/0940/7093/1843/files/31523_3.jpg?v=1776347756;https://cdn.shopify.com/s/files/1/0940/7093/1843/files/31523_4.jpg?v=1776347757;https://cdn.shopify.com/s/files/1/0940/7093/1843/files/31523_5.jpg?v=1776347756;https://cdn.shopify.com/s/files/1/0940/7093/1843/files/31523_6.jpg?v=1776347756;https://cdn.shopify.com/s/files/1/0940/7093/1843/files/31523_7.jpg?v=1776347756;https://cdn.shopify.com/s/files/1/0940/7093/1843/files/31523_8.jpg?v=1776347756";8;https://www.bburago.com/products/porsche-911-gt2-rs-1-24;Porta a casa l’eccellenza delle supercar con la Porsche 911 GT2 RS in scala 1:24, un modellino die cast firmato Maisto, realizzato con licenza ufficiale Porsche. Un’icona di prestazioni e design, riprodotta con grande attenzione ai dettagli per soddisfare collezionisti e appassionati. Questa Porsche 911 GT2 RS Maisto 1:24 si distingue per la sua livrea gialla con dettagli neri, che esalta le linee aggressive e sportive del modello originale, rendendola un pezzo unico da esporre. Ideale come modellino Porsche da collezione, regalo per appassionati di auto sportive o per arricchire qualsiasi vet
18-55101;Model Kit DUCATI 1199 PANIGALE - 1:12;Ducati;Model Kit DUCATI 1199 PANIGALE;1:12;Model Kit;Rosso;2011;;14.99;https://cdn.shopify.com/s/files/1/0940/7093/1843/files/18_55101Pack_7.jpg?v=1769177365;bburago_18-55101.jpg;"https://cdn.shopify.com/s/files/1/0940/7093/1843/files/18-55101_1.jpg?v=1769177365;https://cdn.shopify.com/s/files/1/0940/7093/1843/files/18-55101_2.jpg?v=1769177365;https://cdn.shopify.com/s/files/1/0940/7093/1843/files/18-55101_5.jpg?v=1769177365;https://cdn.shopify.com/s/files/1/0940/7093/1843/files/18-55101_4.jpg?v=1769177365;https://cdn.shopify.com/s/files/1/0940/7093/1843/files/18-55101.jpg?v=1769177365";6;https://www.bburago.com/products/model-kit-ducati-1199-panigale-1-12;Relive the thrill of a legendary sport bike with the Ducati 1199 Panigale Model Kit in 1:12 scale. This 36-piece assembly kit lets you build an extremely authentic replica of the iconic road motorcycle first presented at EICMA 2011. Every detail is designed to faithfully reproduce the shapes and features of the real bike, for a result worthy of true collectors. With official Ducati license, it is the perfect model for motorcycle and modelling enthusiasts seeking quality and realism to build step by step.
18-25129;Model Kit Alfa Romeo GIULIA POLIZIA - 1:24;Alfa Romeo;Model Kit Alfa Romeo GIULIA POLIZIA;1:24;Model Kit;Azzurro Con Dettagli Bianchi;2024;;22.99;https://cdn.shopify.com/s/files/1/0940/7093/1843/files/18-25129pack_2.jpg?v=1768818735;bburago_18-25129.jpg;"https://cdn.shopify.com/s/files/1/0940/7093/1843/files/18-25129_3.jpg?v=1768818735;https://cdn.shopify.com/s/files/1/0940/7093/1843/files/18-25129_1.jpg?v=1768818735;https://cdn.shopify.com/s/files/1/0940/7093/1843/files/18-25129_2.jpg?v=1768818735;https://cdn.shopify.com/s/files/1/0940/7093/1843/files/18-25129_5.jpg?v=1768818735;https://cdn.shopify.com/s/files/1/0940/7093/1843/files/18-25129_4.jpg?v=1768818735;https://cdn.shopify.com/s/files/1/0940/7093/1843/files/18-25129.jpg?v=1768818735;https://cdn.shopify.com/s/files/1/0940/7093/1843/files/18-25129pack_6.jpg?v=1768818735";8;https://www.bburago.com/products/model-kit-alfa-romeo-giulia-polizia-1-24;Experience the thrill of building your own Alfa Romeo Giulia Police car in 1:24 scale with this detailed Bburago model kit. Made of 36 parts, it faithfully reproduces the futuristic design and original lines of the vehicle used by the Police force. With official Arma dei Carabinieri and Alfa Romeo licenses, this model is perfect for adult collectors looking for an authentic and striking addition to their display.
18-25128;Model Kit Alfa Romeo GIULIA CARABINIERI - 1:24;Alfa Romeo;Model Kit Alfa Romeo GIULIA CARABINIERI;1:24;Model Kit;Blu Con Dettagli Rossi E Bianchi;2024;;22.99;https://cdn.shopify.com/s/files/1/0940/7093/1843/files/18-25128pack_1.jpg?v=1768818500;bburago_18-25128.jpg;"https://cdn.shopify.com/s/files/1/0940/7093/1843/files/18-25128_3.jpg?v=1768818500;https://cdn.shopify.com/s/files/1/0940/7093/1843/files/18-25128_4.jpg?v=1768818500;https://cdn.shopify.com/s/files/1/0940/7093/1843/files/18-25128_5.jpg?v=1768818500;https://cdn.shopify.com/s/files/1/0940/7093/1843/files/18-25128_1.jpg?v=1768818500;https://cdn.shopify.com/s/files/1/0940/7093/1843/files/18-25128_2.jpg?v=1768818500;https://cdn.shopify.com/s/files/1/0940/7093/1843/files/18-25128pack_3.jpg?v=1768818500";7;https://www.bburago.com/products/model-kit-alfa-romeo-giulia-carabinieri-1-24;Experience building your own Alfa Romeo Giulia Carabinieri 1:24 scale with this detailed Bburago model kit. Made of 36 parts, it lets you recreate a faithful replica of the historic car in the Carabinieri livery, with official Arma dei Carabinieri and Alfa Romeo licenses. Ideal for adult collectors and modelling enthusiasts, it is perfect to enrich your collection with an iconic model of Italian automotive tradition.
18-25130;Model Kit LAMBORGHINI COUNTACH 1:24;Lamborghini;Model Kit LAMBORGHINI COUNTACH;1:24;Model Kit;Giallo;2024;;22.99;https://cdn.shopify.com/s/files/1/0940/7093/1843/files/18-25130pack_1.jpg?v=1768818343;bburago_18-25130.jpg;"https://cdn.shopify.com/s/files/1/0940/7093/1843/files/18-25130_3.jpg?v=1768818343;https://cdn.shopify.com/s/files/1/0940/7093/1843/files/18-25130_5.jpg?v=1768818343;https://cdn.shopify.com/s/files/1/0940/7093/1843/files/18-25130_4.jpg?v=1768818343;https://cdn.shopify.com/s/files/1/0940/7093/1843/files/18-25130_1.jpg?v=1768818343;https://cdn.shopify.com/s/files/1/0940/7093/1843/files/18-25130_2.jpg?v=1768818343;https://cdn.shopify.com/s/files/1/0940/7093/1843/files/18-25130pack_2.jpg?v=1768818343";7;https://www.bburago.com/products/model-kit-lamborghini-countach-1-24;Experience the charm of an iconic supercar with the Lamborghini Countach 1:24 Model Kit by Bburago. This assembly kit, made of 35 parts, lets you build a detailed replica featuring the futuristic design and aggressive lines of the original Lamborghini Countach. Every step of the build is a rewarding experience that tests manual skills and attention to detail, perfect for enthusiasts and adult collectors. Officially licensed Lamborghini model, ideal to display in your collection.
18-25136;Model Kit LAMBORGHINI REVUELTO 1:24;Lamborghini;Model Kit LAMBORGHINI REVUELTO;1:24;Model Kit;Arancione;2024;;22.99;https://cdn.shopify.com/s/files/1/0940/7093/1843/files/18_25136_BBUR_LamborghiniRevuelto_ORA_PKG_4.jpg?v=1768818812;bburago_18-25136.jpg;"https://cdn.shopify.com/s/files/1/0940/7093/1843/files/18_25136_BBUR_LamborghiniRevuelto_ORA_PRD_3.jpg?v=1768818812;https://cdn.shopify.com/s/files/1/0940/7093/1843/files/18_25136_BBUR_LamborghiniRevuelto_ORA_PRD_1.jpg?v=1768818812;https://cdn.shopify.com/s/files/1/0940/7093/1843/files/18_25136_BBUR_LamborghiniRevuelto_ORA_PRD_2.jpg?v=1768818812;https://cdn.shopify.com/s/files/1/0940/7093/1843/files/18_25136_BBUR_LamborghiniRevuelto_ORA_PRD_5.jpg?v=1768818812;https://cdn.shopify.com/s/files/1/0940/7093/1843/files/18_25136_BBUR_LamborghiniRevuelto_ORA_PRD_4.jpg?v=1768818812;https://cdn.shopify.com/s/files/1/0940/7093/1843/files/18_25136_BBUR_LamborghiniRevuelto_ORA_PKG_1.jpg?v=1768818812;https://cdn.shopify.com/s/files/1/0940/7093/1843/files/18_25136_BBUR_LamborghiniRevuelto_ORA_PKG_5.jpg?v=1768818812";8;https://www.bburago.com/products/model-kit-lamborghini-revuelto-1-24;Experience the thrill of building your own hybrid hypercar with the Lamborghini Revuelto 1:24 Model Kit. This 29-piece assembly kit lets you faithfully recreate the futuristic design and aggressive lines of the original, offering a rewarding building experience that tests your skills and attention to detail. Made of diecast with plastic parts and featuring Official Lamborghini License, it is a scale model created for adult collectors looking for a special piece to display.
18-25134;Model Kit PORSCHE 911 GT3 1:24;Porsche;Model Kit PORSCHE 911 GT3;1:24;Model Kit;Blu;2024;;24.99;https://cdn.shopify.com/s/files/1/0940/7093/1843/files/18-25134pack_3_df64dedf-2b43-4ca3-ac69-140c0cd2c4d9.jpg?v=1769178994;bburago_18-25134.jpg;"https://cdn.shopify.com/s/files/1/0940/7093/1843/files/18-25134_3.jpg?v=1769178994;https://cdn.shopify.com/s/files/1/0940/7093/1843/files/18-25134_4.jpg?v=1769178994;https://cdn.shopify.com/s/files/1/0940/7093/1843/files/18-25134_1.jpg?v=1769178994;https://cdn.shopify.com/s/files/1/0940/7093/1843/files/18-25134_2.jpg?v=1769178994;https://cdn.shopify.com/s/files/1/0940/7093/1843/files/18-25134_5.jpg?v=1769178994;https://cdn.shopify.com/s/files/1/0940/7093/1843/files/18-25134_6.jpg?v=1769178994;https://cdn.shopify.com/s/files/1/0940/7093/1843/files/18-25134.jpg?v=1769178994;https://cdn.shopify.com/s/files/1/0940/7093/1843/files/18-25134pack_4_65e07aa6-ce8f-4dee-ac38-889ec80f2cd8.jpg?v=1769178933";9;https://www.bburago.com/products/model-kit-porsche-911-gt3-1-24;Experience the pleasure of modeling with the Porsche 911 GT3 1:24 Model Kit, the official replica of the legendary German sports car. This diecast assembly kit includes 28 parts to build a faithful 1:24 scale reproduction of the 911 GT3, perfect for collectors and model enthusiasts who enjoy a challenge. Each assembly step develops manual skills, focus and attention to detail, turning DIY into a truly rewarding experience. Designed for adults and not suitable for children under 14, it is an ideal gift for fans of Porsche, scale kits and four-wheel emotions by Bburago.
18-38251A;Aston Martin AMR25 2025 #14 Alonso 1:43 with helmet and display case;Aston Martin;Aston Martin AMR25 2025 #14 Alonso with helmet and display case;1:43;Bburago Diecast;Verde;2025;Fernando Alonso;24.99;https://cdn.shopify.com/s/files/1/0940/7093/1843/files/18_38251_BBUR_AstonMartinAMR25_14_PKG_4.jpg?v=1768819108;bburago_18-38251A.jpg;"https://cdn.shopify.com/s/files/1/0940/7093/1843/files/18_38251_BBUR_AstonMartinAMR25_14_PKG_2.jpg?v=1768819125;https://cdn.shopify.com/s/files/1/0940/7093/1843/files/18_38251_BBUR_AstonMartinAMR25_14_PRD_4.jpg?v=1768819128;https://cdn.shopify.com/s/files/1/0940/7093/1843/files/18_38251_BBUR_AstonMartinAMR25_14_PRD_2.jpg?v=1768819151;https://cdn.shopify.com/s/files/1/0940/7093/1843/files/18_38251_BBUR_AstonMartinAMR25_14_PRD_3.jpg?v=1768819154;https://cdn.shopify.com/s/files/1/0940/7093/1843/files/18_38251_BBUR_AstonMartinAMR25_14_PRD_1.jpg?v=1768819166;https://cdn.shopify.com/s/files/1/0940/7093/1843/files/18_38251_BBUR_AstonMartinAMR25_14_PKG_7.jpg?v=1768819195";7;https://www.bburago.com/products/aston-martin-amr-25-2025-14-alonso-1-43-con-casco-e-teca-espositiva;Experience the thrill of Formula 1® with the diecast model Aston Martin AMR25 2025 #14 driven by Fernando Alonso, made by Bburago in 1:43 scale. This faithful reproduction of the Aston Martin 2025 season single-seater, with original team livery and finely crafted aerodynamic details, is a must-have for collectors and fans. The official Aston Martin model includes the driver’s helmet and a transparent display case, perfect to protect the car and showcase it in a cabinet or on your desk.
18-26057;Model Kit FERRARI R&P SF90 STRADALE - 1:24;Ferrari;Model Kit FERRARI R&P SF90 STRADALE;1:24;Model Kit;Rosso;2024;;24.99;https://cdn.shopify.com/s/files/1/0940/7093/1843/files/18_26057_FERR_SF90Stradale_RED_PKG_1.jpg?v=1768819274;bburago_18-26057.jpg;"https://cdn.shopify.com/s/files/1/0940/7093/1843/files/26028_FERR_SF90Stradale_RED_PRD_1.jpg?v=1768819274;https://cdn.shopify.com/s/files/1/0940/7093/1843/files/26028_FERR_SF90Stradale_RED_PRD_6.jpg?v=1768819274;https://cdn.shopify.com/s/files/1/0940/7093/1843/files/26028_FERR_SF90Stradale_RED_PRD_9.jpg?v=1768819274;https://cdn.shopify.com/s/files/1/0940/7093/1843/files/26028_FERR_SF90Stradale_RED_PRD_2.jpg?v=1768819274;https://cdn.shopify.com/s/files/1/0940/7093/1843/files/26028_FERR_SF90Stradale_RED_PRD_3.jpg?v=1768819274;https://cdn.shopify.com/s/files/1/0940/7093/1843/files/18_26028.png?v=1768819274";7;https://www.bburago.com/products/model-kit-ferrari-r-p-sf90-stradale-1-24;Discover the Ferrari SF90 Stradale 1:24 Model Kit: a true Bburago assembly kit to recreate one of the most iconic supercars ever. With 36 diecast parts and plastic components, you can build step by step a faithful replica of the real car, rich in detail and ideal for adult collectors. With official Ferrari license, this model combines build quality and assembling fun, becoming a must-have piece for every Ferrari and scale model enthusiast.
18-38178A;F1 Aston Martin AMR 25 2025 #14 Alonso 1:43;Aston Martin;F1 Aston Martin AMR 25 2025 #14 Alonso;1:43;Race & F1 Series;Verde;2025;Fernando Alonso;14.99;https://cdn.shopify.com/s/files/1/0940/7093/1843/files/18_38250_BBUR_AstonMartinAMR25_14_PRD_3.jpg?v=1768819614;bburago_18-38178A.jpg;"https://cdn.shopify.com/s/files/1/0940/7093/1843/files/18_38250_BBUR_AstonMartinAMR25_14_PKG_2.jpg?v=1768819614;https://cdn.shopify.com/s/files/1/0940/7093/1843/files/18_38250_BBUR_AstonMartinAMR25_14_PRD_1.jpg?v=1768819614;https://cdn.shopify.com/s/files/1/0940/7093/1843/files/18_38250_BBUR_AstonMartinAMR25_14_PRD_2.jpg?v=1768819614;https://cdn.shopify.com/s/files/1/0940/7093/1843/files/18_38250_BBUR_AstonMartinAMR25_14_PRD_5.jpg?v=1768819614";5;https://www.bburago.com/products/f1-aston-martin-amr-25-2025-14-alonso-1-43;Experience the thrill of Formula 1 with the 1:43 diecast Aston Martin AMR25 2025 #14 driven by Fernando Alonso. Made by Bburago with official Aston Martin license, it features the authentic team livery, faithful aerodynamic shapes and realistic proportions for a striking replica. The metal diecast body with plastic parts ensures an excellent balance of accuracy, durability and build quality. Perfect to enhance any miniature F1 car collection or as a gift and display piece for fans of Fernando Alonso and the Aston Martin Formula 1 team.
18-26058;Model Kit FERRARI PUROSANGUE 1:24;Ferrari;Model Kit FERRARI PUROSANGUE;1:24;Model Kit;Rosso;2024;;24.99;https://cdn.shopify.com/s/files/1/0940/7093/1843/files/18-26058pack__2.jpg?v=1768819689;bburago_18-26058.jpg;"https://cdn.shopify.com/s/files/1/0940/7093/1843/files/18-26058_1.jpg?v=1768819689;https://cdn.shopify.com/s/files/1/0940/7093/1843/files/18-26058_6.jpg?v=1768819689;https://cdn.shopify.com/s/files/1/0940/7093/1843/files/18-26058_4.jpg?v=1768819689;https://cdn.shopify.com/s/files/1/0940/7093/1843/files/18-26058_2.jpg?v=1768819689;https://cdn.shopify.com/s/files/1/0940/7093/1843/files/18-26058_3.jpg?v=1768819689;https://cdn.shopify.com/s/files/1/0940/7093/1843/files/18-26058_5.jpg?v=1768819689;https://cdn.shopify.com/s/files/1/0940/7093/1843/files/18-26058.jpg?v=1768819689";8;https://www.bburago.com/products/model-kit-ferrari-purosangue-1-24;Experience a unique building adventure with the Ferrari Purosangue Model Kit 1:24. This official replica of the prestigious Italian supercar, a diecast assembly kit with 37 parts, guides you step by step in creating a faithful scale reproduction of the Purosangue. Ideal for collectors and modelling enthusiasts, it offers a rewarding hands-on experience for those who love detail, quality and four-wheeled emotion. Designed for adults (not suitable for children under 14), it is the perfect gift for anyone who wants to build their own Ferrari by Bburago.
31390;Ford GT 2021 Heritage Edition - 1:18 Diecast Model with Official Ford License;Ford;Ford GT 2021 Heritage Edition Model with Official Ford License;1:18;Bburago Diecast;Bianco Con Dettagli Neri E Rossi;2021;;49.99;https://cdn.shopify.com/s/files/1/0940/7093/1843/files/31390_MAIS_2021FordGTHeriSeri_WHI_PRD_5_cdaa2ae2-647f-4a0e-b3cb-892c76a77396.jpg?v=1761304284;bburago_31390.jpg;"https://cdn.shopify.com/s/files/1/0940/7093/1843/files/31390_MAIS_2021FordGTHeriSeri_WHI_PKG_3.jpg?v=1761304284;https://cdn.shopify.com/s/files/1/0940/7093/1843/files/31390_MAIS_2021FordGTHeriSeri_WHI_360.gif?v=1761304284;https://cdn.shopify.com/s/files/1/0940/7093/1843/files/31390_MAIS_2021FordGTHeriSeri_WHI_PRD_6.jpg?v=1761304284;https://cdn.shopify.com/s/files/1/0940/7093/1843/files/31390_MAIS_2021FordGTHeriSeri_WHI_PRD_4.jpg?v=1761304284;https://cdn.shopify.com/s/files/1/0940/7093/1843/files/31390_MAIS_2021FordGTHeriSeri_WHI_PRD_10.jpg?v=1761304284;https://cdn.shopify.com/s/files/1/0940/7093/1843/files/31390_MAIS_2021FordGTHeriSeri_WHI_PRD_9.jpg?v=1761304284;https://cdn.shopify.com/s/files/1/0940/7093/1843/files/31390_MAIS_2021FordGTHeriSeri_WHI_PRD_3.jpg?v=1761304284;https://cdn.shopify.com/s/files/1/0940/7093/1843/files/31390_MAIS_2021FordGTHeriSeri_WHI_PRD_2.jpg?v=1761304284;https://cdn.shopify.com/s/files/1/0940/7093/1843/files/31390_MAIS_2021FordGTHeriSeri_WHI_PRD_11.jpg?v=1761304284;https://cdn.shopify.com/s/files/1/0940/7093/1843/files/31390_MAIS_2021FordGTHeriSeri_WHI_PRD_8.jpg?v=1761304284;https://cdn.shopify.com/s/files/1/0940/7093/1843/files/31390_MAIS_2021FordGTHeriSeri_WHI_SIZE_2.jpg?v=1761304284";12;https://www.bburago.com/products/ford-gt-2021-heritage-edition-modellino-diecast-scala-1-18-con-licenza-ufficiale-ford;Celebrate American racing heritage with the Ford GT 2021 Heritage Edition 1:18 by Burago. Inspired by the legendary Ford GT40, this official replica features an exclusive white livery with black and red details and the iconic number 98 on the bodywork. Made of diecast metal with plastic parts, it offers a highly realistic reproduction: opening doors, engine hood and trunk reveal a richly detailed interior and mechanical components. Perfect for collectors and sports car enthusiasts, with official Ford license, it is an essential centerpiece in any display.
18-16921;Ferrari Daytona SP3 1:18 - Limited Edition 50th Anniversary Bburago - Carbon Fiber Finish (500 pieces);Ferrari;Ferrari Daytona SP3 Limited Edition 50th Anniversary Bburago Carbon Fiber Finish (500 pieces);1:18;Bburago Diecast;Grigio Scuro Con Finitura Fibra Di Carbonio;2024;;129.99;https://cdn.shopify.com/s/files/1/0940/7093/1843/files/18-16921_01.jpg?v=1759915796;bburago_18-16921.jpg;"https://cdn.shopify.com/s/files/1/0940/7093/1843/files/18-16921_06.jpg?v=1764778690;https://cdn.shopify.com/s/files/1/0940/7093/1843/files/18-16921_02.jpg?v=1764778690;https://cdn.shopify.com/s/files/1/0940/7093/1843/files/18-16921_04.jpg?v=1764778690;https://cdn.shopify.com/s/files/1/0940/7093/1843/files/18-16921_03.jpg?v=1764778690;https://cdn.shopify.com/s/files/1/0940/7093/1843/files/18-16921_4.jpg?v=1764778659";6;https://www.bburago.com/products/ferrari-daytona-sp3-1-18-edizione-limitata-50o-anniversario-bburago-finitura-in-fibra-di-carbonio-500-pezzi;Only 500 pieces worldwide to celebrate Bburago’s 50th Anniversary: Ferrari Daytona SP3 1:18 with authentic carbon fiber finish, functional openings and official Ferrari license. An exclusive die-cast masterpiece with dedicated collector’s box, created for true enthusiasts, Ferrari fans and demanding modelers.
18-16815-L-MONZA;Ferrari SF-24 #16 Charles Leclerc - Winner Monza GP 2024 - 1:18 Scale;Ferrari;Ferrari SF 24 #16 Charles Leclerc Winner Monza GP 2024;1:18;Bburago Diecast;Rosso;2024;Charles Leclerc;79.99;https://cdn.shopify.com/s/files/1/0940/7093/1843/files/18-16815-L-MONZA_3.jpg?v=1761297538;bburago_18-16815-L-MONZA.jpg;"https://cdn.shopify.com/s/files/1/0940/7093/1843/files/18-16815-L-MONZApack_2.jpg?v=1761297545;https://cdn.shopify.com/s/files/1/0940/7093/1843/files/18-16815-L-MONZA_1.jpg?v=1761297545;https://cdn.shopify.com/s/files/1/0940/7093/1843/files/18-16815-L-MONZA_2.jpg?v=1761297545;https://cdn.shopify.com/s/files/1/0940/7093/1843/files/18-16815-L-MONZA_5.jpg?v=1761297545";5;https://www.bburago.com/products/ferrari-sf-24-16-charles-leclerc-vincitore-gp-monza-2024-scala-1-18;Celebrate Ferrari’s long-awaited victory with the SF-24 #16 Charles Leclerc, winner of the 2024 Monza GP, in 1:18 scale. This Bburago model, made of diecast metal with plastic details and official Ferrari license, faithfully reproduces the celebratory livery, detailed cockpit and lines of Maranello’s latest single-seater. A must-have piece for collectors, Formula 1 fans and Scuderia supporters, perfect to add a symbol of Ferrari’s home triumph to your collection.
32245;Ducati Desmosedici MotoGP 2024 - Scale 1:6;Ducati;Ducati Desmosedici MotoGP 2024;1:6;Bburago Diecast;Rosso;2024;;49.99;https://cdn.shopify.com/s/files/1/0940/7093/1843/files/32245_3.jpg?v=1763396804;bburago_32245.jpg;"https://cdn.shopify.com/s/files/1/0940/7093/1843/files/32245pack_3.jpg?v=1763396804;https://cdn.shopify.com/s/files/1/0940/7093/1843/files/32245_1.jpg?v=1763396804;https://cdn.shopify.com/s/files/1/0940/7093/1843/files/32245_5.jpg?v=1763396804;https://cdn.shopify.com/s/files/1/0940/7093/1843/files/32245_2.jpg?v=1763396804;https://cdn.shopify.com/s/files/1/0940/7093/1843/files/32245_4.jpg?v=1763396804";6;https://www.bburago.com/products/ducati-desmosedici-moto-gp-2024-scala-1-6;Feel the thrill of MotoGP 2024 with the Ducati Desmosedici GP 1:6 scale model, the official replica of Francesco Bagnaia’s bike. Made by Maisto under official Ducati license, this diecast bike with plastic parts features accurate details, authentic graphics and excellent build quality. A display model ideal for collectors, MotoGP world champion fans and enthusiasts of the Italian brand, perfect to celebrate the power and excellence of Ducati.
32926;MINI Cooper SE (J01) 2024 Blue - 1:24 Scale;MINI;MINI Cooper SE (J01) 2024 Blue;1:24;Bburago Diecast;Blu;2024;;18.99;https://cdn.shopify.com/s/files/1/0940/7093/1843/files/32926_3.jpg?v=1763396668;bburago_32926.jpg;"https://cdn.shopify.com/s/files/1/0940/7093/1843/files/32926pack_3.jpg?v=1763396668;https://cdn.shopify.com/s/files/1/0940/7093/1843/files/32926_1.jpg?v=1763396668;https://cdn.shopify.com/s/files/1/0940/7093/1843/files/32926_5.jpg?v=1763396668;https://cdn.shopify.com/s/files/1/0940/7093/1843/files/32926_2.jpg?v=1763396668;https://cdn.shopify.com/s/files/1/0940/7093/1843/files/32926_4.jpg?v=1763396668";6;https://www.bburago.com/products/mini-cooper-se-j01-2024-blu-scala-1-24;Discover all the energy of electric mobility with the MINI Cooper SE (J01) 2024 blue in 1:24 scale. This detailed and realistic model of the famous English electric vehicle by Maisto features a brilliant blue finish under official MINI license. Opening doors and hood reveal carefully crafted interiors and precise construction, making it perfect for display in a showcase or on your desk. Ideal for collectors and modern car enthusiasts looking for style, authenticity and quality in a single die-cast model.
18-38175C;F1 BWT Alpine A525 2025 #43 Franco Colapinto - Scale 1:43;Alpine;F1 BWT Alpine A525 2025 #43 Franco Colapinto;1:43;Race & F1 Series;Blu E Rosa;2025;;14.99;https://cdn.shopify.com/s/files/1/0940/7093/1843/files/18-38175C_1.jpg?v=1763396932;bburago_18-38175C.jpg;"https://cdn.shopify.com/s/files/1/0940/7093/1843/files/18-38175Cpack_2.jpg?v=1763396992;https://cdn.shopify.com/s/files/1/0940/7093/1843/files/18-38175C_3.jpg?v=1763396992;https://cdn.shopify.com/s/files/1/0940/7093/1843/files/18-38175C_4.jpg?v=1763396992;https://cdn.shopify.com/s/files/1/0940/7093/1843/files/18-38175C_5.jpg?v=1763396992";5;https://www.bburago.com/products/f1-bwt-alpine-a525-2025-43-franco-colapinto-scala-1-43;All the passion of Formula 1 in a die-cast model of the Alpine A525 2025 #43 driven by Franco Colapinto in 1:43 scale. Made by Bburago with outstanding attention to detail and official Alpine F1 Team license, it reproduces the 2025 season single-seater with realistic aerodynamic lines, blue and pink livery and official logos. Precise finishes and the die-cast metal structure make it an essential miniature for collectors, Formula 1 enthusiasts and Franco Colapinto fans, perfect to enhance your collection and relive the emotions of the 2025 season.
18-38175G;F1 BWT Alpine A525 2025 #10 Pierre Gasly - Scale 1:43;Alpine;F1 BWT Alpine A525 2025 #10 Pierre Gasly;1:43;Race & F1 Series;Blu E Rosa;2025;Pierre Gasly;14.99;https://cdn.shopify.com/s/files/1/0940/7093/1843/files/18-38175G_1.jpg?v=1763397126;bburago_18-38175G.jpg;"https://cdn.shopify.com/s/files/1/0940/7093/1843/files/18-38175Gpack_2.jpg?v=1763397126;https://cdn.shopify.com/s/files/1/0940/7093/1843/files/18-38175G_3.jpg?v=1763397126;https://cdn.shopify.com/s/files/1/0940/7093/1843/files/18-38175G_4.jpg?v=1763397126;https://cdn.shopify.com/s/files/1/0940/7093/1843/files/18-38175G_5.jpg?v=1763397126";5;https://www.bburago.com/products/f1-bwt-alpine-a525-2025-10-pierre-gasly-scala-1-43;All the adrenaline of Formula 1 in an exclusive collector’s model. The BWT Alpine A525 2025 #10 Pierre Gasly in 1:43 scale faithfully reproduces the design, aerodynamic lines and distinctive style of the Alpine single-seater from the 2025 season, with official Alpine F1 Team licence. The iconic blue/pink livery, official logos and precise finishes make this diecast a must-have for every Formula 1 fan and collector seeking authenticity. Perfect to display and enhance your F1 collection with an exclusive Bburago model.
18-38177P;F1 McLaren F1 MCL39 2025 #81 Oscar Piastri - Scale 1:43;McLaren;F1 McLaren F1 MCL39 2025 #81 Oscar Piastri;1:43;Race & F1 Series;Papaya E Antracite;2025;Oscar Piastri;14.99;https://cdn.shopify.com/s/files/1/0940/7093/1843/files/18-38177P_1.jpg?v=1763397220;bburago_18-38177P.jpg;"https://cdn.shopify.com/s/files/1/0940/7093/1843/files/18-38177Ppack_2.jpg?v=1763397220;https://cdn.shopify.com/s/files/1/0940/7093/1843/files/18-38177P_3.jpg?v=1763397220;https://cdn.shopify.com/s/files/1/0940/7093/1843/files/18-38177P_4.jpg?v=1763397220;https://cdn.shopify.com/s/files/1/0940/7093/1843/files/18-38177P_5.jpg?v=1763397220";5;https://www.bburago.com/products/f1-mclaren-f1-mcl39-2025-81-oscar-piastri-scala-1-43;All the excitement of Formula 1 in a collector’s model: McLaren F1 MCL39 2025 #81 Oscar Piastri in 1:43 scale. Recreated with faithful details, papaya and anthracite livery and official McLaren Formula 1 Team licence, this diecast miniature captures the aerodynamic lines, technology and distinctive style of the 2025 single-seater. Carefully crafted finishes and official logos make it perfect for display and for enriching your Formula 1 collection, ideal for enthusiasts and fans of the Australian driver.
18-38177N;F1 McLaren MCL39 2025 #4 Lando Norris - Scale 1:43;McLaren;F1 McLaren MCL39 2025 #4 Lando Norris;1:43;Race & F1 Series;Papaya E Antracite;2025;Lando Norris;14.99;https://cdn.shopify.com/s/files/1/0940/7093/1843/files/18-38177N_1.jpg?v=1763397319;bburago_18-38177N.jpg;"https://cdn.shopify.com/s/files/1/0940/7093/1843/files/18-38177Npack_2.jpg?v=1763397319;https://cdn.shopify.com/s/files/1/0940/7093/1843/files/18-38177N_3.jpg?v=1763397319;https://cdn.shopify.com/s/files/1/0940/7093/1843/files/18-38177N_2.jpg?v=1763397319;https://cdn.shopify.com/s/files/1/0940/7093/1843/files/18-38177N_5.jpg?v=1763397319";5;https://www.bburago.com/products/f1-mclaren-mcl39-2025-4-lando-norris-scala-1-43;Feel all the excitement of Formula 1 with the McLaren MCL39 2025 #4 driven by Lando Norris in 1:43 scale. This diecast model with papaya and black livery faithfully reproduces the official car of the McLaren Formula 1 Team, featuring official McLaren license and authentic logos. Perfect for real fans and collectors, it is ideal for display and for enhancing any collection dedicated to F1 and Lando Norris.
18-38176A;F1 Mercedes-AMG W16 2025 #12 Kimi Antonelli - 1:43 Scale;Mercedes-Benz;F1 Mercedes AMG W16 2025 #12 Kimi Antonelli;1:43;Race & F1 Series;Argento E Turchese;2025;Kimi Antonelli;14.99;https://cdn.shopify.com/s/files/1/0940/7093/1843/files/18-38176A_1.jpg?v=1763397433;bburago_18-38176A.jpg;"https://cdn.shopify.com/s/files/1/0940/7093/1843/files/18-38176Apack_2.jpg?v=1763397433;https://cdn.shopify.com/s/files/1/0940/7093/1843/files/18-38176A_3.jpg?v=1763397433;https://cdn.shopify.com/s/files/1/0940/7093/1843/files/18-38176A_4.jpg?v=1763397433;https://cdn.shopify.com/s/files/1/0940/7093/1843/files/18-38176A_5.jpg?v=1763397433";5;https://www.bburago.com/products/f1-mercedes-amg-w16-2025-12-kimi-antonelli-scala-1-43;All the essence of Formula 1 in a collector’s model: the Mercedes-AMG W16 2025 #12 driven by Kimi Antonelli comes to life in 1:43 scale with official Mercedes-AMG Petronas Formula One Team license. The silver and black livery enhances the lines of the single-seater, while the accurate aerodynamic details and realistic finishes reproduce the precision, elegance and performance of the 2025 season car. Perfect for collectors and Formula 1 fans, this diecast car celebrates the new generation of Italian drivers: Kimi Antonelli brings determination and talent to the track, making this model an essen
18-38176R;F1 Mercedes-AMG W16 2025 #63 George Russell - Scale 1:43;Mercedes-Benz;F1 Mercedes AMG W16 2025 #63 George Russell;1:43;Race & F1 Series;Argento E Turchese;2025;George Russell;14.99;https://cdn.shopify.com/s/files/1/0940/7093/1843/files/18-38176R_1.jpg?v=1763397544;bburago_18-38176R.jpg;"https://cdn.shopify.com/s/files/1/0940/7093/1843/files/18-38176Rpack_2.jpg?v=1763397544;https://cdn.shopify.com/s/files/1/0940/7093/1843/files/18-38176R_3.jpg?v=1763397544;https://cdn.shopify.com/s/files/1/0940/7093/1843/files/18-38176R_4.jpg?v=1763397544;https://cdn.shopify.com/s/files/1/0940/7093/1843/files/18-38176R_5.jpg?v=1763397544";5;https://www.bburago.com/products/f1-mercedes-amg-w16-2025-63-george-russell-scala-1-43;Celebrate Mercedes-AMG power and elegance with the Mercedes-AMG W16 2025 #63 George Russell in 1:43 scale. This Bburago diecast model reproduces the 2025 season single-seater with extreme precision, featuring silver livery, turquoise details and aerodynamics faithful to the real car. High-quality finishes and the Official Mercedes-AMG Petronas Formula One Team License make this miniature a must-have piece for collectors, Formula 1 fans, Mercedes supporters and George Russell admirers.
18-38174V;F1 Red Bull Racing RB21 2025 #1 Max Verstappen - Scale 1:43;Red Bull Racing;F1 Red Bull Racing RB21 2025 #1 Max Verstappen;1:43;Race & F1 Series;Blu;2025;Max Verstappen;14.99;https://cdn.shopify.com/s/files/1/0940/7093/1843/files/18-38174V_1.jpg?v=1763397638;bburago_18-38174V.jpg;"https://cdn.shopify.com/s/files/1/0940/7093/1843/files/18-38174Vpack_3.jpg?v=1763397638;https://cdn.shopify.com/s/files/1/0940/7093/1843/files/18-38174V_3.jpg?v=1763397638;https://cdn.shopify.com/s/files/1/0940/7093/1843/files/18-38174V_4.jpg?v=1763397638;https://cdn.shopify.com/s/files/1/0940/7093/1843/files/18-38174V_5.jpg?v=1763397638";5;https://www.bburago.com/products/f1-red-bull-racing-rb21-2025-1-max-verstappen-scala-1-43;All the adrenaline of Formula 1 comes home with the Red Bull Racing RB21 2025 #1 Max Verstappen in 1:43 scale. Diecast model with plastic parts and official Oracle Red Bull Racing license, featuring blue livery with red and yellow accents, authentic details and original logos. An unmissable piece for fans and collectors, perfect to relive the emotions of the 2025 season and complete your Formula 1 vehicle collection.
18-38174T;F1 Red Bull Racing RB21 2025 #22 Yuki Tsunoda - Scale 1:43;Red Bull Racing;F1 Red Bull Racing RB21 2025 #22 Yuki Tsunoda;1:43;Race & F1 Series;Blu;2025;;14.99;https://cdn.shopify.com/s/files/1/0940/7093/1843/files/18-38174T_1.jpg?v=1763397762;bburago_18-38174T.jpg;"https://cdn.shopify.com/s/files/1/0940/7093/1843/files/18-38174Tpack_2.jpg?v=1763397762;https://cdn.shopify.com/s/files/1/0940/7093/1843/files/18-38174T_3.jpg?v=1763397762;https://cdn.shopify.com/s/files/1/0940/7093/1843/files/18-38174T_4.jpg?v=1763397762;https://cdn.shopify.com/s/files/1/0940/7093/1843/files/18-38174T_5.jpg?v=1763397762";5;https://www.bburago.com/products/f1-red-bull-racing-rb21-2025-22-yuki-tsunoda-scala-1-43;Experience all the excitement of Formula 1 with the Red Bull Racing RB21 2025 #22 Tsunoda model in 1:43 scale. The blue, red and yellow livery, refined details and official Red Bull license make this car a must‑have piece. Crafted with artisanal care, this diecast with plastic parts is designed for collectors seeking emotion, precision and quality in F1 model cars.
18-38249N;McLaren F1 MCL39 2025 #4 Lando Norris - 1:43 Scale with base and display case;McLaren;McLaren F1 MCL39 2025 #4 Lando Norris with base and display case;1:43;Race & F1 Series;Papaya E Antracite;2025;Lando Norris;24.99;https://cdn.shopify.com/s/files/1/0940/7093/1843/files/18-38249N_6.jpg?v=1763397956;bburago_18-38249N.jpg;"https://cdn.shopify.com/s/files/1/0940/7093/1843/files/18-38249Npack_2.jpg?v=1763397956;https://cdn.shopify.com/s/files/1/0940/7093/1843/files/18-38249N_3.jpg?v=1763397956;https://cdn.shopify.com/s/files/1/0940/7093/1843/files/18-38249N_1.jpg?v=1763397913;https://cdn.shopify.com/s/files/1/0940/7093/1843/files/18-38249N_2.jpg?v=1763397913;https://cdn.shopify.com/s/files/1/0940/7093/1843/files/18-38249N_5.jpg?v=1763397902";6;https://www.bburago.com/products/f1-mclaren-f1-mcl39-2025-4-lando-norris-scala-1-43-con-basetta-e-teca-espositiva;All the excitement of Formula 1 in a 1:43 scale collector’s model. The McLaren F1 MCL39 2025 #4 driven by Lando Norris, with papaya and anthracite black livery, faithfully recreates the 2025 season car, a true symbol of innovation, speed and design from the McLaren Formula 1 Team. Precise technical details, the included helmet, the personalized base and the transparent display case make it an unmissable piece for every motorsport enthusiast and modern single‑seater collector.
18-38234V;F1 Red Bull Racing RB21 2025 #1 Max Verstappen - 1:43 scale with base and display case;Red Bull Racing;F1 Red Bull Racing RB21 2025 #1 Max Verstappen with base and display case;1:43;Race & F1 Series;Blu;2025;Max Verstappen;24.99;https://cdn.shopify.com/s/files/1/0940/7093/1843/files/18-38234V_1.jpg?v=1763398058;bburago_18-38234V.jpg;"https://cdn.shopify.com/s/files/1/0940/7093/1843/files/18-38234V_2.jpg?v=1763398058;https://cdn.shopify.com/s/files/1/0940/7093/1843/files/18-38234V_3.jpg?v=1763398058;https://cdn.shopify.com/s/files/1/0940/7093/1843/files/18-38234V_4.jpg?v=1763398058;https://cdn.shopify.com/s/files/1/0940/7093/1843/files/18-38234V_5.jpg?v=1763398058;https://cdn.shopify.com/s/files/1/0940/7093/1843/files/18-38234V_5_34c592cf-831f-4d79-9f55-18f8528363a2.jpg?v=1763398055";6;https://www.bburago.com/products/f1-red-bull-racing-rb21-2025-1-max-verstappen-scala-1-43-con-basetta-e-teca-espositiva;Feel the thrill of Formula 1 with the Red Bull Racing RB21 2025 #1 Max Verstappen 1:43 scale by Bburago. This highly detailed diecast model with driver helmet, official Red Bull liveries, personalized base and clear display case included is ideal for display and collection, perfect for F1, Red Bull Racing and Max Verstappen fans. An official licence created for true fans, an unmissable piece to show in your collection.
18-38238R;Mercedes-AMG W16 2025 #63 George Russell - Scala 1:43 con basetta e teca espositiva;Mercedes-Benz;Mercedes AMG W16 2025 #63 George Russell con basetta e teca espositiva;1:43;Bburago Diecast;Argento E Turchese;2025;George Russell;24.99;https://cdn.shopify.com/s/files/1/0940/7093/1843/files/18-38238R_1.jpg?v=1763398176;bburago_18-38238R.jpg;"https://cdn.shopify.com/s/files/1/0940/7093/1843/files/18-38238R_2_350b4d05-57d0-4b1e-aa0d-2567d0bab512.jpg?v=1763398176;https://cdn.shopify.com/s/files/1/0940/7093/1843/files/18-38238R_3.jpg?v=1763398176;https://cdn.shopify.com/s/files/1/0940/7093/1843/files/18-38238R_4.jpg?v=1763398176;https://cdn.shopify.com/s/files/1/0940/7093/1843/files/18-38238R_2.jpg?v=1763398176;https://cdn.shopify.com/s/files/1/0940/7093/1843/files/18-38238R_5.jpg?v=1763398176";6;https://www.bburago.com/products/f1-mercedes-amg-w16-2025-63-george-russell-scala-1-43-con-basetta-e-teca-espositiva;Scopri l’eleganza e la potenza della Mercedes-AMG W16 2025 #63 di George Russell, riprodotta in scala 1:43 da Bburago con la massima fedeltà ai dettagli. Realizzata con licenza ufficiale Mercedes-AMG Petronas Formula One Team, questa monoposto diecast celebra il design innovativo e le prestazioni della vettura 2025. La livrea argento e nera, i dettagli aerodinamici e le finiture di alta qualità rendono questo modellino un autentico pezzo da collezione. Grazie alla basetta personalizzata e alla teca espositiva trasparente, è perfetto per arricchire la tua collezione o per essere esposto con org
18-38238A;F1 Mercedes-AMG W16 2025 #12 Kimi Antonelli - 1:43 Scale with Base and Display Case;Mercedes-Benz;F1 Mercedes AMG W16 2025 #12 Kimi Antonelli with Base and Display Case;1:43;Race & F1 Series;Argento E Turchese;2025;Kimi Antonelli;24.99;https://cdn.shopify.com/s/files/1/0940/7093/1843/files/18-38238A_1.jpg?v=1763398273;bburago_18-38238A.jpg;"https://cdn.shopify.com/s/files/1/0940/7093/1843/files/18-38238A_2.jpg?v=1763398273;https://cdn.shopify.com/s/files/1/0940/7093/1843/files/18-38238A_3.jpg?v=1763398283;https://cdn.shopify.com/s/files/1/0940/7093/1843/files/18-38238A_4.jpg?v=1763398283;https://cdn.shopify.com/s/files/1/0940/7093/1843/files/18-38238A_5.jpg?v=1763398283;https://cdn.shopify.com/s/files/1/0940/7093/1843/files/18-38238A_5_c4ef7b8d-512d-4b52-a98d-4844f2927712.jpg?v=1763398283";6;https://www.bburago.com/products/f1-mercedes-amg-w16-2025-12-kimi-antonelli-scala-1-43-con-basetta-e-teca-espositiva;Experience the new era of Formula 1 with the Mercedes-AMG W16 2025 #12 of Kimi Antonelli, a 1:43 scale diecast model with silver and turquoise livery that captures every line and detail of the Mercedes single-seater. The driver’s helmet is included, with official logos and Mercedes-AMG Petronas Formula One Team license for a top-level collector’s piece. The personalized base and clear display case protect and enhance the car, perfect to showcase in a cabinet or on the desk of every motorsport enthusiast.
18-38249P;F1 McLaren F1 MCL39 2025 #81 Oscar Piastri - 1:43 Scale with Base and Display Case;McLaren;F1 McLaren F1 MCL39 2025 #81 Oscar Piastri with Base and Display Case;1:43;Race & F1 Series;Papaya E Antracite;2025;Oscar Piastri;24.99;https://cdn.shopify.com/s/files/1/0940/7093/1843/files/18-38249P_6.jpg?v=1763398390;bburago_18-38249P.jpg;"https://cdn.shopify.com/s/files/1/0940/7093/1843/files/18-38249Ppack_2.jpg?v=1763398390;https://cdn.shopify.com/s/files/1/0940/7093/1843/files/18-38249P_3.jpg?v=1763398390;https://cdn.shopify.com/s/files/1/0940/7093/1843/files/18-38249P_1.jpg?v=1763398390;https://cdn.shopify.com/s/files/1/0940/7093/1843/files/18-38249P_2.jpg?v=1763398390;https://cdn.shopify.com/s/files/1/0940/7093/1843/files/18-38249P_5.jpg?v=1763398390";6;https://www.bburago.com/products/f1-mclaren-f1-mcl39-2025-81-oscar-piastri-scala-1-43-con-basetta-e-teca-espositiva;Step into the world of Formula 1 with the McLaren F1 MCL39 2025 #81 Oscar Piastri in 1:43 scale. This diecast model with helmet included, papaya and anthracite black livery and ultra-realistic details celebrates the competitive spirit of the McLaren Formula 1 Team. Made with official license and premium materials, it comes with a personalized base and clear display case, perfect to proudly showcase in your collection of F1 single-seaters.
31459;Lamborghini Countach LPI 800-4 White - 1:18 Diecast Model;Lamborghini;Lamborghini Countach LPI 800 4 White Model;1:18;Bburago Diecast;Bianco;2024;;49.99;https://cdn.shopify.com/s/files/1/0940/7093/1843/files/31459_MAIS_LambCounLpi800-4_WHI_PRD_9-Copia.jpg?v=1761298097;bburago_31459.jpg;"https://cdn.shopify.com/s/files/1/0940/7093/1843/files/31459pack_2.jpg?v=1761298097;https://cdn.shopify.com/s/files/1/0940/7093/1843/files/31459_MAIS_LambCounLpi800-4_WHI_PRD_2-Copia.jpg?v=1761298097;https://cdn.shopify.com/s/files/1/0940/7093/1843/files/31459_MAIS_LambCounLpi800-4_WHI_PRD_3-Copia.jpg?v=1761298097;https://cdn.shopify.com/s/files/1/0940/7093/1843/files/31459_MAIS_LambCounLpi800-4_WHI_PRD_4-Copia.jpg?v=1761298097;https://cdn.shopify.com/s/files/1/0940/7093/1843/files/31459_MAIS_LambCounLpi800-4_WHI_PRD_5-Copia.jpg?v=1761298097;https://cdn.shopify.com/s/files/1/0940/7093/1843/files/31459_MAIS_LambCounLpi800-4_WHI_PRD_10-Copia.jpg?v=1761298097;https://cdn.shopify.com/s/files/1/0940/7093/1843/files/31459_MAIS_LambCounLpi800-4_WHI_PRD_7-Copia.jpg?v=1761298097;https://cdn.shopify.com/s/files/1/0940/7093/1843/files/31459_MAIS_LambCounLpi800-4_WHI_PRD_6-Copia.jpg?v=1761298097;https://cdn.shopify.com/s/files/1/0940/7093/1843/files/31459_MAIS_LambCounLpi800-4_WHI_SIZE_3-Copia.jpg?v=1761298097";10;https://www.bburago.com/products/lamborghini-countach-lpi-800-4-bianca-modellino-diecast-1-18;Celebrate 50 years of legend with the Lamborghini Countach LPI 800-4 in white, 1:18 scale by Bburago. Made in diecast metal with high-quality plastic parts, it offers superior detailing with opening doors, engine hood and trunk to admire the interior and engine. With official Lamborghini license, it is the ideal model for demanding collectors and supercar enthusiasts looking for an elegant, powerful and innovative replica.
18-26308;488 CHALLENGE (FORMULA RACING 2017) 1:24;Ferrari;488 CHALLENGE (FORMULA RACING 2017);1:24;Race & F1 Series;Rosso;2017;;29.99;https://cdn.shopify.com/s/files/1/0940/7093/1843/files/26308_FERR_488Challenge_RED_PRD_5.jpg?v=1761296888;bburago_18-26308.jpg;"https://cdn.shopify.com/s/files/1/0940/7093/1843/files/26308_FERR_488Challenge_RED_PKG_2.jpg?v=1761296898;https://cdn.shopify.com/s/files/1/0940/7093/1843/files/26308_FERR_488Challenge_RED_360.gif?v=1761296898;https://cdn.shopify.com/s/files/1/0940/7093/1843/files/26308_FERR_488Challenge_RED_PRD_2.jpg?v=1761296888;https://cdn.shopify.com/s/files/1/0940/7093/1843/files/26308_FERR_488Challenge_RED_PRD_4.jpg?v=1761296887;https://cdn.shopify.com/s/files/1/0940/7093/1843/files/26308_FERR_488Challenge_RED_PRD_6.jpg?v=1761296887;https://cdn.shopify.com/s/files/1/0940/7093/1843/files/26308_FERR_488Challenge_RED_PRD_9.jpg?v=1761296887;https://cdn.shopify.com/s/files/1/0940/7093/1843/files/26308_FERR_488Challenge_RED_PRD_10.jpg?v=1761296888;https://cdn.shopify.com/s/files/1/0940/7093/1843/files/26308_FERR_488Challenge_RED_PRD_11.jpg?v=1761296887;https://cdn.shopify.com/s/files/1/0940/7093/1843/files/26308_FERR_488Challenge_RED_SIZE_2.jpg?v=1761296887";10;https://www.bburago.com/products/488-challenge-formula-racing-2017-1-24;Experience Ferrari excitement with the 488 Challenge (Formula Racing 2017) in 1:24 scale, faithfully reproduced in die-cast metal and quality plastics. The sporty livery, racing wheels, detailed interior and opening doors enhance the authentic motorsport spirit. With official Ferrari license, it is a must-have model for every collector or racing car enthusiast and Ferrari Challenge fan.
18-28029;PORSCHE 911 DAKAR - 1:24;Porsche;PORSCHE 911 DAKAR;1:24;Bburago Diecast;Blu E Rosso;1984;;24.99;https://cdn.shopify.com/s/files/1/0940/7093/1843/files/18-28029_PDT9.jpg?v=1761296714;bburago_18-28029.jpg;"https://cdn.shopify.com/s/files/1/0940/7093/1843/files/18-28029_rightsidepack.jpg?v=1761296722;https://cdn.shopify.com/s/files/1/0940/7093/1843/files/18-28029_PDT1.jpg?v=1761296722;https://cdn.shopify.com/s/files/1/0940/7093/1843/files/18-28029_PDT2.jpg?v=1761296722;https://cdn.shopify.com/s/files/1/0940/7093/1843/files/18-28029_PDT3.jpg?v=1761296722;https://cdn.shopify.com/s/files/1/0940/7093/1843/files/18-28029_PDT7.jpg?v=1761296722;https://cdn.shopify.com/s/files/1/0940/7093/1843/files/18-28029_PDT8.jpg?v=1761296722;https://cdn.shopify.com/s/files/1/0940/7093/1843/files/18-28029_PDT10.jpg?v=1761296722";8;https://www.bburago.com/products/porsche-911-dakar-1-24;Feel the thrill of the Dakar with the Porsche 911 Dakar Bburago 1:24 scale model. This detailed replica of the iconic German sports car in off-road version features a white, blue and red livery with race number 953, a tribute to the historic Porsche 953 winner of the 1984 Paris-Dakar. Made of die-cast metal with plastic parts, opening doors and official Porsche license, it combines sturdiness, historical accuracy and pure rally spirit. Perfect for display or play, it is a unique model for collectors and motorsport lovers, a symbol of speed, endurance and passion for adventure.
18-26310;Ferrari 330 P4 Daytona (1967) 1:24;Ferrari;Ferrari 330 P4 Daytona (1967);1:24;Bburago Diecast;Rosso;1967;;24.99;https://cdn.shopify.com/s/files/1/0940/7093/1843/files/26310_FERR_330P4Daytona_RED_PRD_6.jpg?v=1761296272;bburago_18-26310.jpg;"https://cdn.shopify.com/s/files/1/0940/7093/1843/files/26310_FERR_330P4Daytona_RED_PKG_2.jpg?v=1761296272;https://cdn.shopify.com/s/files/1/0940/7093/1843/files/26310_FERR_330P4Daytona_RED_PRD_11.jpg?v=1761296305;https://cdn.shopify.com/s/files/1/0940/7093/1843/files/26310_FERR_330P4Daytona_RED_PRD_1.jpg?v=1761296305;https://cdn.shopify.com/s/files/1/0940/7093/1843/files/26310_FERR_330P4Daytona_RED_PRD_2.jpg?v=1761296305;https://cdn.shopify.com/s/files/1/0940/7093/1843/files/26310_FERR_330P4Daytona_RED_PRD_3.jpg?v=1761296305;https://cdn.shopify.com/s/files/1/0940/7093/1843/files/26310_FERR_330P4Daytona_RED_PRD_7.jpg?v=1761296305;https://cdn.shopify.com/s/files/1/0940/7093/1843/files/26310_FERR_330P4Daytona_RED_PRD_8.jpg?v=1761296305";8;https://www.bburago.com/products/ferrari-330-p4-daytona-1967-1-24;Relive racing legend with the Ferrari 330 P4 Daytona (1967) 1:24 diecast model, crafted with fine details and opening doors. It faithfully reproduces lines, proportions, interior and bodywork of the car that starred at the 1967 24 Hours of Daytona, offering an exclusive display piece. High-quality details designed for collectors and motorsport enthusiasts, perfect gift idea for Ferrari fans and vintage racing car lovers. Add to your collection a model that embodies history, elegance and the emotions of legendary endurance races.
18-26001;Ferrari LaFerrari 1:24;Ferrari;Ferrari LaFerrari;1:24;Bburago Diecast;Rosso;2024;;22.99;https://cdn.shopify.com/s/files/1/0940/7093/1843/files/26001_FERR_Laferrari_RED_PRD_5.jpg?v=1761296188;bburago_18-26001.jpg;"https://cdn.shopify.com/s/files/1/0940/7093/1843/files/26001_FERR_Laferrari_RED_PKG_3.jpg?v=1761296199;https://cdn.shopify.com/s/files/1/0940/7093/1843/files/26001_FERR_Laferrari_RED_360.gif?v=1761296199;https://cdn.shopify.com/s/files/1/0940/7093/1843/files/26001_FERR_Laferrari_RED_PRD_1.jpg?v=1761296188;https://cdn.shopify.com/s/files/1/0940/7093/1843/files/26001_FERR_Laferrari_RED_PRD_4.jpg?v=1761296188;https://cdn.shopify.com/s/files/1/0940/7093/1843/files/26001_FERR_Laferrari_RED_PRD_6.jpg?v=1761296188;https://cdn.shopify.com/s/files/1/0940/7093/1843/files/26001_FERR_Laferrari_RED_PRD_9.jpg?v=1761296187;https://cdn.shopify.com/s/files/1/0940/7093/1843/files/26001_FERR_Laferrari_RED_PRD_10.jpg?v=1761296188;https://cdn.shopify.com/s/files/1/0940/7093/1843/files/26001_FERR_Laferrari_RED_PRD_11.jpg?v=1761296188;https://cdn.shopify.com/s/files/1/0940/7093/1843/files/26001_FERR_Laferrari_RED_SIZE_2.jpg?v=1761296188";10;https://www.bburago.com/products/ferrari-laferrari-1-24;Bring home an icon of Italian engineering with the Ferrari LaFerrari 1:24 diecast model, officially licensed by Ferrari. It faithfully reproduces the original hypercar with aerodynamic lines, precise interiors and an opening trunk for a realistic experience. A must-have for collectors and true enthusiasts, perfect to display or give as a gift to enjoy all the Ferrari passion at home.
18-36810_18-36853H;Ferrari SF-25 #44 Lewis Hamilton F1 2025 - 1:43 Scale Diecast Model with Official License;Ferrari;Ferrari SF 25 #44 Lewis Hamilton F1 2025 Model with Official License;1:43;Race & F1 Series;Rosso;2025;Lewis Hamilton;14.99;https://cdn.shopify.com/s/files/1/0940/7093/1843/files/18-36810_18-36853H_01.jpg?v=1759915064;bburago_18-36810_18-36853H.jpg;"https://cdn.shopify.com/s/files/1/0940/7093/1843/files/18-36810_18-36853H_05.jpg?v=1762436964;https://cdn.shopify.com/s/files/1/0940/7093/1843/files/18-36810_18-36853H_02.jpg?v=1762436964;https://cdn.shopify.com/s/files/1/0940/7093/1843/files/18-36810_18-36853H_03.jpg?v=1762436964;https://cdn.shopify.com/s/files/1/0940/7093/1843/files/18-36810_18-36853H_04.jpg?v=1762436964";5;https://www.bburago.com/products/ferrari-sf-25-44-lewis-hamilton-f1-2025-modellino-diecast-scala-1-43-con-licenza-ufficiale;All the adrenaline of Formula 1 and Ferrari passion in a collectible model by Bburago. The Ferrari SF-25 #44 Lewis Hamilton F1 2025 in 1:43 scale is crafted with authentic details, official 2025 livery and premium materials. Every curve, profile and proportion of the single-seater is reproduced with extreme care to offer a refined and realistic display piece. Perfect for collectors and fans, this diecast with official Ferrari license adds value to your collection and is ideal as a showcase model.
18-36810_18-36853L;Ferrari SF-25 #16 Charles Leclerc F1 2025 - 1:43 Diecast Model with Official License;Ferrari;Ferrari SF 25 #16 Charles Leclerc F1 2025 Model with Official License;1:43;Race & F1 Series;Rosso;2025;Charles Leclerc;14.99;https://cdn.shopify.com/s/files/1/0940/7093/1843/files/18-36810_18-36853L_01.jpg?v=1759914997;bburago_18-36810_18-36853L.jpg;"https://cdn.shopify.com/s/files/1/0940/7093/1843/files/18-36810_18-36853L_05.jpg?v=1762939650;https://cdn.shopify.com/s/files/1/0940/7093/1843/files/18-36810_18-36853L_02.jpg?v=1762939650;https://cdn.shopify.com/s/files/1/0940/7093/1843/files/18-36810_18-36853L_03.jpg?v=1762939650;https://cdn.shopify.com/s/files/1/0940/7093/1843/files/18-36810_18-36853L_04.jpg?v=1762939650";5;https://www.bburago.com/products/ferrari-sf-25-16-charles-leclerc-f1-2025-modellino-diecast-scala-1-43-con-licenza-ufficiale;Experience the thrill of the 2025 Formula 1 season with the 1:43 Ferrari SF-25 driven by Charles Leclerc. This high-quality diecast model faithfully reproduces the official Ferrari single-seater, featuring the 2025 livery, accurate technical details and realistic proportions designed for true collectors. Premium finishes and the official Ferrari license make it an unmissable display piece for every Scuderia Ferrari fan.
18-36852H;Ferrari SF-25 Lewis Hamilton #44 F1 2025 - 1:43 Diecast Model with Display Case;Ferrari;Ferrari SF 25 Lewis Hamilton #44 F1 2025 Model with Display Case;1:43;Race & F1 Series;Rosso;2025;Lewis Hamilton;24.99;https://cdn.shopify.com/s/files/1/0940/7093/1843/files/18-36852H_03.jpg?v=1762938654;bburago_18-36852H.jpg;"https://cdn.shopify.com/s/files/1/0940/7093/1843/files/18-36852H_07.jpg?v=1762938654;https://cdn.shopify.com/s/files/1/0940/7093/1843/files/18-36852H_01.jpg?v=1762938654;https://cdn.shopify.com/s/files/1/0940/7093/1843/files/18-36852H_02.jpg?v=1762938654;https://cdn.shopify.com/s/files/1/0940/7093/1843/files/18-36852H_04.jpg?v=1762938654;https://cdn.shopify.com/s/files/1/0940/7093/1843/files/18-36852H_05.jpg?v=1762938654;https://cdn.shopify.com/s/files/1/0940/7093/1843/files/18-36852H_06.jpg?v=1762938654";7;https://www.bburago.com/products/ferrari-sf-25-lewis-hamilton-44-f1-2025-modellino-diecast-scala-1-43-con-teca-espositiva;Feel Ferrari passion and Formula 1 adrenaline with the Ferrari SF-25 Lewis Hamilton #44 1:43 scale model. This officially licensed Ferrari diecast faithfully recreates the 2025 Formula 1 Championship car with realistic proportions, official livery and premium details. The driver’s helmet, refined finishes and high-quality materials make this model an exclusive piece, essential for any collector. A personalized base and rigid transparent display case are included, perfect to protect and showcase the model in a display cabinet, at the office or in your motorsport collection.
18-36852L;Ferrari SF-25 Charles Leclerc #16 F1 2025 - 1:43 Diecast Model with Display Case;Ferrari;Ferrari SF 25 Charles Leclerc #16 F1 2025 Model with Display Case;1:43;Race & F1 Series;Rosso;2025;Charles Leclerc;24.99;https://cdn.shopify.com/s/files/1/0940/7093/1843/files/18-36852L_6_1.jpg?v=1762939578;bburago_18-36852L.jpg;"https://cdn.shopify.com/s/files/1/0940/7093/1843/files/18-36852L_06.jpg?v=1762939578;https://cdn.shopify.com/s/files/1/0940/7093/1843/files/18-36852L_01.jpg?v=1762939578;https://cdn.shopify.com/s/files/1/0940/7093/1843/files/18-36852L_02.jpg?v=1762939578;https://cdn.shopify.com/s/files/1/0940/7093/1843/files/18-36852L_03.jpg?v=1762939578;https://cdn.shopify.com/s/files/1/0940/7093/1843/files/18-36852L_04.jpg?v=1762939578;https://cdn.shopify.com/s/files/1/0940/7093/1843/files/18-36852L_05.jpg?v=1762939578";7;https://www.bburago.com/products/ferrari-sf-25-charles-leclerc-16-f1-2025-modellino-diecast-scala-1-43-con-teca-espositiva;All the thrill of Formula 1 in an authentic collector’s model. Ferrari SF-25 #16 Leclerc 2025 in 1:43 scale, produced under official Ferrari license, faithfully recreates the official livery and every detail of Charles Leclerc’s single-seater, including the driver’s helmet. Premium finishes and accurate detailing, enhanced by a clear rigid display case on a personalized base, turn this die-cast model into a refined showpiece, perfect to enrich private collections, shop windows or professional spaces and proudly display your Ferrari passion.
18-16812H;Ferrari SF-23 #44 Hamilton Test Fiorano 1:18 - Diecast Model with Official License;Ferrari;Ferrari SF 23 #44 Hamilton Test Fiorano Model with Official License;1:18;Bburago Diecast;Rosso;2024;Lewis Hamilton;79.99;https://cdn.shopify.com/s/files/1/0940/7093/1843/files/18-16812H_01.jpg?v=1759507783;bburago_18-16812H.jpg;"https://cdn.shopify.com/s/files/1/0940/7093/1843/files/18-16812H_05.jpg?v=1762436980;https://cdn.shopify.com/s/files/1/0940/7093/1843/files/18-16812H_02.jpg?v=1762436980;https://cdn.shopify.com/s/files/1/0940/7093/1843/files/18-16812H_03.jpg?v=1762436980;https://cdn.shopify.com/s/files/1/0940/7093/1843/files/18-16812H_04.jpg?v=1762436980";5;https://www.bburago.com/products/ferrari-sf-23-44-hamilton-test-fiorano-1-18-modellino-diecast-con-licenza-ufficiale;All the adrenaline of Formula 1 in a collector’s model. The Ferrari SF-23 #44 Test Fiorano in 1:18 scale faithfully reproduces the car used by Lewis Hamilton during his historic test at Fiorano, giving collectors and enthusiasts a unique and unmissable piece. Made by Burago with maximum attention to detail and Official Ferrari License, this diecast is not just a scale car but the celebration of the meeting between one of the most successful drivers ever and the most iconic team in Formula 1.
18-16816H;Ferrari SF-25 Lewis Hamilton #44 F1 2025 - 1:18 Diecast Model with Official License;Ferrari;Ferrari SF 25 Lewis Hamilton #44 F1 2025 Model with Official License;1:18;Race & F1 Series;Rosso;2025;Lewis Hamilton;79.99;https://cdn.shopify.com/s/files/1/0940/7093/1843/files/18-16816H_01.jpg?v=1759915493;bburago_18-16816H.jpg;"https://cdn.shopify.com/s/files/1/0940/7093/1843/files/18-16816H_06.jpg?v=1762938588;https://cdn.shopify.com/s/files/1/0940/7093/1843/files/18-16816H_02.jpg?v=1762938588;https://cdn.shopify.com/s/files/1/0940/7093/1843/files/18-16816H_03.jpg?v=1762938588;https://cdn.shopify.com/s/files/1/0940/7093/1843/files/18-16816H_04.jpg?v=1762938588;https://cdn.shopify.com/s/files/1/0940/7093/1843/files/18-16816H_05.jpg?v=1762938588";6;https://www.bburago.com/products/ferrari-sf-25-lewis-hamilton-44-f1-2025-modellino-diecast-scala-1-18-con-licenza-ufficiale;Experience the thrill of the Ferrari SF-25 #44 Hamilton 2025 in 1:18 scale. Official Ferrari license, detailed craftsmanship and striking red livery. A must-have for collectors and Formula 1 fans, ideal to enrich your display or as an exclusive gift.
18-16816L;F1 Ferrari SF-25 #16 Charles Leclerc F1 2025 - 1:18 Diecast Model with Official License;Ferrari;F1 Ferrari SF 25 #16 Charles Leclerc F1 2025 Model with Official License;1:18;Race & F1 Series;Rosso;2025;Charles Leclerc;79.99;https://cdn.shopify.com/s/files/1/0940/7093/1843/files/18-16816L_01.jpg?v=1759915674;bburago_18-16816L.jpg;"https://cdn.shopify.com/s/files/1/0940/7093/1843/files/18-16816L_06.jpg?v=1762938621;https://cdn.shopify.com/s/files/1/0940/7093/1843/files/18-16816L_02.jpg?v=1762938621;https://cdn.shopify.com/s/files/1/0940/7093/1843/files/18-16816L_03.jpg?v=1762437016;https://cdn.shopify.com/s/files/1/0940/7093/1843/files/18-16816L_04.jpg?v=1762437016;https://cdn.shopify.com/s/files/1/0940/7093/1843/files/18-16816L_05.jpg?v=1762437016";6;https://www.bburago.com/products/f1-ferrari-sf-25-16-charles-leclerc-f1-2025-modellino-diecast-scala-1-18-con-licenza-ufficiale;Ferrari passion in a detailed replica: SF-25 #16 Leclerc, 1:18 scale, official 2025 livery. Unique realism and Ferrari license: a must-have F1 collector's piece.
18-38401;Mercedes Semi Truck with McLaren MCL38 #4 Lando Norris - 1:43 Diecast Model;Mercedes-Benz;Mercedes Semi Truck with McLaren MCL38 #4 Lando Norris Model;1:43;Bburago Diecast;Antracite;2024;Lando Norris;49.99;https://cdn.shopify.com/s/files/1/0940/7093/1843/files/18-38401.jpg?v=1763992359;bburago_18-38401.jpg;"https://cdn.shopify.com/s/files/1/0940/7093/1843/files/18-38401_01.jpg?v=1763992359;https://cdn.shopify.com/s/files/1/0940/7093/1843/files/18-38401_06.jpg?v=1763992359;https://cdn.shopify.com/s/files/1/0940/7093/1843/files/18-38114_18-38214P.jpg?v=1763992359;https://cdn.shopify.com/s/files/1/0940/7093/1843/files/18-38401_02.jpg?v=1763992359;https://cdn.shopify.com/s/files/1/0940/7093/1843/files/18-38401_03.jpg?v=1763992359;https://cdn.shopify.com/s/files/1/0940/7093/1843/files/18-38401_04.jpg?v=1763992359;https://cdn.shopify.com/s/files/1/0940/7093/1843/files/18-38401_05.jpg?v=1763992359";8;https://www.bburago.com/products/mercedes-semi-truck-con-mclaren-mcl38-4-lando-norris-modellino-diecast-scala-1-43;An exclusive and unmissable set for true fans: Mercedes Semi Truck and McLaren MCL38 #4 Lando Norris in 1:43 scale, with great attention to detail and official McLaren and Mercedes licenses. The perfect gift for collectors and Formula 1 fans. Choose Bburago’s passion and precision to enrich your collection.
18-38402;Mercedes-AMG Semi Truck with Mercedes W15 #63 George Russell - 1:43 Diecast Model;Mercedes-Benz;Mercedes AMG Semi Truck with Mercedes W15 #63 George Russell Model;1:43;Bburago Diecast;Turchese;2024;George Russell;49.99;https://cdn.shopify.com/s/files/1/0940/7093/1843/files/18-38402.jpg?v=1763992379;bburago_18-38402.jpg;"https://cdn.shopify.com/s/files/1/0940/7093/1843/files/18-38402_01.jpg?v=1763992379;https://cdn.shopify.com/s/files/1/0940/7093/1843/files/18-38402_05.jpg?v=1763992379;https://cdn.shopify.com/s/files/1/0940/7093/1843/files/18-38108_18-38208R.jpg?v=1763992379;https://cdn.shopify.com/s/files/1/0940/7093/1843/files/18-38402_04.jpg?v=1763992379;https://cdn.shopify.com/s/files/1/0940/7093/1843/files/18-38402_02.jpg?v=1763992379;https://cdn.shopify.com/s/files/1/0940/7093/1843/files/18-38402_03.jpg?v=1763992379";7;https://www.bburago.com/products/mercedes-amg-semi-truck-con-mercedes-w15-63-george-russell-modellino-diecast-scala-1-43;Discover the collector's set: Mercedes-AMG Semi Truck with Mercedes W15 #63 Russell in 1:43 scale. Sportiness, realism, and exclusive details. With official Mercedes-AMG license, this set offers remarkable accuracy and unique value for real Formula 1 fans. The perfect addition for every collector.
18-16019;Ferrari 812 Competizione 2021 Red 1:18;Ferrari;Ferrari 812 Competizione 2021 Red;1:18;Bburago Diecast;Rosso;2021;;59.99;https://cdn.shopify.com/s/files/1/0940/7093/1843/files/18_16019Red_3.jpg?v=1761304070;bburago_18-16019.jpg;"https://cdn.shopify.com/s/files/1/0940/7093/1843/files/18_16019Redpack_3.jpg?v=1761304070;https://cdn.shopify.com/s/files/1/0940/7093/1843/files/18_16019Red_1.jpg?v=1761304070;https://cdn.shopify.com/s/files/1/0940/7093/1843/files/18_16019Red_5.jpg?v=1761304070;https://cdn.shopify.com/s/files/1/0940/7093/1843/files/18_16019Red_4.jpg?v=1761304070;https://cdn.shopify.com/s/files/1/0940/7093/1843/files/18_16019Red_2.jpg?v=1761304070";6;https://www.bburago.com/products/ferrari-812-competizione-2021-1-18;Ferrari passion in miniature: the 812 Competizione 2021 1:18 offers Rosso Corsa power and design. Opening features and official license for collectors. Gift or display.
18-16814-18-01545;Ferrari 312 T4 'Short Tail' #11 Jody Scheckter - Monaco GP 1979 Winner - 1:18 scale with driver;Ferrari;Ferrari 312 T4 'Short Tail' #11 Jody Scheckter Monaco GP 1979 Winner with driver;1:18;Bburago Diecast;Rosso;1979;;69.99;https://cdn.shopify.com/s/files/1/0940/7093/1843/files/18-16814-18-01545_3.jpg?v=1761297479;bburago_18-16814-18-01545.jpg;"https://cdn.shopify.com/s/files/1/0940/7093/1843/files/18-16814-18-01545_Pack3.jpg?v=1761297489;https://cdn.shopify.com/s/files/1/0940/7093/1843/files/18-16814-18-01545_2.jpg?v=1761297489;https://cdn.shopify.com/s/files/1/0940/7093/1843/files/18-16814-18-01545_4.jpg?v=1761297489;https://cdn.shopify.com/s/files/1/0940/7093/1843/files/18-16814-18-01545_5.jpg?v=1761297489";5;https://www.bburago.com/products/ferrari-312-t4-short-tail-11-jody-scheckter-vincitore-gp-monaco-1979-scala-1-18-con-pilota;Relive Ferrari's legendary win in Monte Carlo with the 312 T4 Short Tail #11, 1:18 scale. Features Jody Scheckter, detailed diecast and official Ferrari license.
18-16814;Ferrari 312 T4 #12 Gilles Villeneuve - Winner South Africa GP 1979 - 1:18 Scale with driver;Ferrari;Ferrari 312 T4 #12 Gilles Villeneuve Winner South Africa GP 1979 with driver;1:18;Bburago Diecast;Rosso;1979;;69.99;https://cdn.shopify.com/s/files/1/0940/7093/1843/files/18-16814_SouthAfricaGP__1.jpg?v=1761297429;bburago_18-16814.jpg;"https://cdn.shopify.com/s/files/1/0940/7093/1843/files/18-16814_SouthAfricaGP__Pack2.jpg?v=1761297444;https://cdn.shopify.com/s/files/1/0940/7093/1843/files/18-16814_SouthAfricaGP__4.jpg?v=1761297444;https://cdn.shopify.com/s/files/1/0940/7093/1843/files/18-16814_SouthAfricaGP__5.jpg?v=1761297444;https://cdn.shopify.com/s/files/1/0940/7093/1843/files/18-16814_SouthAfricaGP__3.jpg?v=1761297444";5;https://www.bburago.com/products/ferrari-312-t4-12-gilles-villeneuve-vincitore-gp-sudafrica-1979-scala-1-18-con-pilota;Experience classic F1 with the Ferrari 312 T4 #12 Villeneuve South Africa 1979 in 1:18 scale, complete with driver figure and authentic details. Officially licensed for collectors, this tribute honors Gilles Villeneuve's talent. Make your collection unique!
18-16020-02014;Ferrari SF90 XX Stradale 2024 Rosso Corsa 1:18 Scale Model;Ferrari;Ferrari SF90 XX Stradale 2024 Rosso Corsa Model;1:18;Bburago Diecast;Rosso Corsa;2024;;59.99;https://cdn.shopify.com/s/files/1/0940/7093/1843/files/18-16020-02014_3.jpg?v=1761297366;bburago_18-16020-02014.jpg;"https://cdn.shopify.com/s/files/1/0940/7093/1843/files/18-16020-02014pack_2.jpg?v=1761297372;https://cdn.shopify.com/s/files/1/0940/7093/1843/files/18-16020-02014_4.jpg?v=1762940831;https://cdn.shopify.com/s/files/1/0940/7093/1843/files/18-16020-02014_1.jpg?v=1762940831;https://cdn.shopify.com/s/files/1/0940/7093/1843/files/18-16020-02014_2.jpg?v=1762940831;https://cdn.shopify.com/s/files/1/0940/7093/1843/files/18-16020-02014_5.jpg?v=1761297372";6;https://www.bburago.com/products/ferrari-sf90-xx-stradale-2024-rosso-corsa-in-scala-1-18;Experience the Ferrari thrill with the SF90 XX Stradale 2024 1:18 model. Opening doors and hood, iconic Rosso Corsa color for true collectors.
18-36843-01928-LEC-M;Ferrari SF-24 #16 Charles Leclerc - Monza GP 2024 Winner - 1:43 Scale with Driver and Display Case;Ferrari;Ferrari SF 24 #16 Charles Leclerc Monza GP 2024 Winner with Driver and Display Case;1:43;Bburago Diecast;Rosso E Nero;2024;Charles Leclerc;24.99;https://cdn.shopify.com/s/files/1/0940/7093/1843/files/18-36843-01928-LEC-MONZA_PRD_9.jpg?v=1761297240;bburago_18-36843-01928-LEC-M.jpg;"https://cdn.shopify.com/s/files/1/0940/7093/1843/files/18-36843-01928-LEC-MONZA_PKG_4.jpg?v=1761297255;https://cdn.shopify.com/s/files/1/0940/7093/1843/files/18-36843-01928-LEC-MONZA_PKG_2.jpg?v=1761297255;https://cdn.shopify.com/s/files/1/0940/7093/1843/files/18-36843-01928-LEC-MONZA_PRD_1.jpg?v=1761297239;https://cdn.shopify.com/s/files/1/0940/7093/1843/files/18-36843-01928-LEC-MONZA_PRD_2.jpg?v=1761297239;https://cdn.shopify.com/s/files/1/0940/7093/1843/files/18-36843-01928-LEC-MONZA_PRD_3.jpg?v=1761297239;https://cdn.shopify.com/s/files/1/0940/7093/1843/files/18-36843-01928-LEC-MONZA_PRD_7.jpg?v=1761297239;https://cdn.shopify.com/s/files/1/0940/7093/1843/files/18-36843-01928-LEC-MONZA_PRD_8.jpg?v=1761297239";8;https://www.bburago.com/products/ferrari-sf-24-16-charles-leclerc-vincitore-monza-gp-2024-in-scala-1-43-con-pilota-e-teca-espositiva;Celebrate Ferrari's triumph with the SF-24 #16 Leclerc, Monza GP 2024 winner. 1:43 scale, driver onboard, display case and official Ferrari license. The perfect gift for collectors and fans!
18-38215-P-SENNA;McLaren MCL38 #81 Oscar Piastri Monaco GP 2024 Senna 30th Anniversary 1:43 with driver and display case;McLaren;McLaren MCL38 #81 Oscar Piastri Monaco GP 2024 Senna 30th Anniversary with driver and display case;1:43;Bburago Diecast;Giallo E Verde;2024;Oscar Piastri;24.99;https://cdn.shopify.com/s/files/1/0940/7093/1843/files/18-38215-P-SENNA_5.jpg?v=1761303974;bburago_18-38215-P-SENNA.jpg;"https://cdn.shopify.com/s/files/1/0940/7093/1843/files/18-38215-P-SENNAPKG_3.jpg?v=1761303974;https://cdn.shopify.com/s/files/1/0940/7093/1843/files/18-38215-P-SENNA_1.jpg?v=1761303974;https://cdn.shopify.com/s/files/1/0940/7093/1843/files/18-38215-P-SENNA_3.jpg?v=1761303974;https://cdn.shopify.com/s/files/1/0940/7093/1843/files/18-38215-P-SENNA_4.jpg?v=1761303974;https://cdn.shopify.com/s/files/1/0940/7093/1843/files/18-38215-P-SENNA_2.jpg?v=1761303958";6;https://www.bburago.com/products/mclaren-mcl38-81-oscar-piastri-monaco-gp-2024-con-livrea-senna-30deg-anniversario-in-scala-1-43-con-pilota-e-teca-espositiva;Celebrate Formula 1 legend with McLaren MCL38 #81 Piastri Monaco GP 2024, Senna 30th Anniversary livery. 1:43 model, driver included, display case. Exclusive details.
18-38215-N-SENNA;McLaren F1 MCL38 Lando Norris #4 GP Monaco 2024 Senna 30th Anniversary Livery 1:43 with driver and display case;McLaren;McLaren F1 MCL38 Lando Norris #4 GP Monaco 2024 Senna 30th Anniversary Livery with driver and display case;1:43;Race & F1 Series;Gialla E Verde;2024;Lando Norris;24.99;https://cdn.shopify.com/s/files/1/0940/7093/1843/files/18-38215-N-SENNA_3.jpg?v=1761297201;bburago_18-38215-N-SENNA.jpg;"https://cdn.shopify.com/s/files/1/0940/7093/1843/files/18-38215-N-SENNApack_2.jpg?v=1761297209;https://cdn.shopify.com/s/files/1/0940/7093/1843/files/18-38215-N-SENNA_1.jpg?v=1761297209;https://cdn.shopify.com/s/files/1/0940/7093/1843/files/18-38215-N-SENNA_2.jpg?v=1761297209;https://cdn.shopify.com/s/files/1/0940/7093/1843/files/18-38215-N-SENNA_4.jpg?v=1761297209";5;https://www.bburago.com/products/mclaren-f1-mcl38-lando-norris-4-gp-monaco-2024-con-livrea-senna-30deg-anniversario-in-scala-1-43-con-pilota-e-teca-espositiva;Unique and unmissable: McLaren F1 MCL38 Norris #4 Monaco 2024 1:43, Senna 30th Anniversary livery, driver included, display case. Official McLaren license. Perfect for true F1 collectors!
18-36843-LEC-MIAMI;Ferrari F1 SF-24 Charles Leclerc #16 Miami GP 2024 Livery 1:43 with Driver and Display Case;Ferrari;Ferrari F1 SF 24 Charles Leclerc #16 Miami GP 2024 Livery with Driver and Display Case;1:43;Race & F1 Series;Rosso Con Dettagli Azzurri;2024;Charles Leclerc;24.99;https://cdn.shopify.com/s/files/1/0940/7093/1843/files/18-36843-LEC-MIAMI_1.1.jpg?v=1761297166;bburago_18-36843-LEC-MIAMI.jpg;"https://cdn.shopify.com/s/files/1/0940/7093/1843/files/18-36843-LEC-MIAMI_pack1.3.jpg?v=1761297173;https://cdn.shopify.com/s/files/1/0940/7093/1843/files/18-36843-LEC-MIAMI_1.4.jpg?v=1761297173;https://cdn.shopify.com/s/files/1/0940/7093/1843/files/18-36843-LEC-MIAMI_1.5.jpg?v=1761297173";4;https://www.bburago.com/products/ferrari-f1-sf-24-charles-leclerc-16-livrea-miami-gp-2024-scala-1-43-con-pilota-e-teca;Experience Ferrari excitement with the SF-24 Leclerc Miami GP 2024 1:43 scale: colorful details, display case included and driver in seat. Perfect for collectors.
18-36844-L-MIAMI;Ferrari F1 SF-24 Charles Leclerc #16 Miami GP 2024 Livery 1:43;Ferrari;Ferrari F1 SF 24 Charles Leclerc #16 Miami GP 2024 Livery;1:43;Race & F1 Series;Rosso Con Dettagli Azzurri;2024;Charles Leclerc;14.99;https://cdn.shopify.com/s/files/1/0940/7093/1843/files/18-36844-L-MIAMI_1.1.jpg?v=1761297124;bburago_18-36844-L-MIAMI.jpg;"https://cdn.shopify.com/s/files/1/0940/7093/1843/files/18-36844-L-MIAMI_pack1.3.jpg?v=1761297130;https://cdn.shopify.com/s/files/1/0940/7093/1843/files/18-36844-L-MIAMI_1.4.jpg?v=1761297130;https://cdn.shopify.com/s/files/1/0940/7093/1843/files/18-36844-L-MIAMI_1.5.jpg?v=1761297130";4;https://www.bburago.com/products/ferrari-f1-sf-24-charles-leclerc-16-livrea-miami-gp-2024-1-43;Bring home the glamour of Formula 1 with the Ferrari SF-24 Charles Leclerc #16 Miami GP 2024 1:43 scale model. Red and blue details, official licensed Bburago replica for true collectors and fans. Finest materials and exclusive design enhance performance, style and innovation from the season’s most spectacular weekend.
18-36844-L-MONZA;Ferrari SF-24 Charles Leclerc #16 Winner Italy Monza GP 2024 1:43;Ferrari;Ferrari SF 24 Charles Leclerc #16 Winner Italy Monza GP 2024;1:43;Bburago Diecast;Rosso;2024;Charles Leclerc;14.99;https://cdn.shopify.com/s/files/1/0940/7093/1843/files/18-36844_Monza_16_3.jpg?v=1764062115;bburago_18-36844-L-MONZA.jpg;"https://cdn.shopify.com/s/files/1/0940/7093/1843/files/18-36844_Monza_16_pack_2.jpg?v=1764062130;https://cdn.shopify.com/s/files/1/0940/7093/1843/files/18-36844_Monza_16_1.jpg?v=1764062156;https://cdn.shopify.com/s/files/1/0940/7093/1843/files/18-36844_Monza_16_2.jpg?v=1764062165;https://cdn.shopify.com/s/files/1/0940/7093/1843/files/18-36844_Monza_16_5.jpg?v=1764062174";5;https://www.bburago.com/products/ferrari-sf-24-charles-leclerc-16-winner-italy-monza-gp-2024-1-43;Celebrate Ferrari’s iconic Monza win: Leclerc’s SF-24, 1:43 scale, red diecast, official license. A must-have for every real collector!
31391;Lamborghini Huracán Performante Green - 1:18 Diecast Model;Lamborghini;Lamborghini Huracán Performante Green Model;1:18;Bburago Diecast;Verde;2024;;49.99;https://cdn.shopify.com/s/files/1/0940/7093/1843/files/31391_MAIS_LamboHuracanPerformante_GRN_PRD_6-Copia.jpg?v=1761298274;bburago_31391.jpg;"https://cdn.shopify.com/s/files/1/0940/7093/1843/files/31391pack_2.jpg?v=1761298274;https://cdn.shopify.com/s/files/1/0940/7093/1843/files/31391_MAIS_LamboHuracanPerformante_GRN_PRD_7-Copia.jpg?v=1761298274;https://cdn.shopify.com/s/files/1/0940/7093/1843/files/31391_MAIS_LamboHuracanPerformante_GRN_360-Copia.gif?v=1761298237;https://cdn.shopify.com/s/files/1/0940/7093/1843/files/31391_MAIS_LamboHuracanPerformante_GRN_PRD_3.jpg?v=1761298237;https://cdn.shopify.com/s/files/1/0940/7093/1843/files/31391_MAIS_LamboHuracanPerformante_GRN_PRD_4.jpg?v=1761298237;https://cdn.shopify.com/s/files/1/0940/7093/1843/files/31391_MAIS_LamboHuracanPerformante_GRN_PRD_2.jpg?v=1761298237;https://cdn.shopify.com/s/files/1/0940/7093/1843/files/31391_MAIS_LamboHuracanPerformante_GRN_PRD_5.jpg?v=1761298237;https://cdn.shopify.com/s/files/1/0940/7093/1843/files/31391_MAIS_LamboHuracanPerformante_GRN_SIZE_2.jpg?v=1761298237";9;https://www.bburago.com/products/lamborghini-huracan-performante-verde-modellino-diecast-in-scala-1-18;Discover the Lamborghini Huracán Performante in metallic green 1:18 scale: opening doors, hood, trunk, authentic details and official Lamborghini license. Perfect for real supercar collectors, it adds excitement to your showcase!
18-28017;Lamborghini Essenza SCV12 1:24 Race Green and Black;Lamborghini;Lamborghini Essenza SCV12 Race Green and Black;1:24;Bburago Diecast;Verde E Nero;2024;;24.99;https://cdn.shopify.com/s/files/1/0940/7093/1843/files/28017_BBUR_LamborghiniEsseSCV12_GRN_PRD_5.jpg?v=1761296923;bburago_18-28017.jpg;"https://cdn.shopify.com/s/files/1/0940/7093/1843/files/28017_BBUR_LamborghiniEsseSCV12_GRN_PKG_1.jpg?v=1761296924;https://cdn.shopify.com/s/files/1/0940/7093/1843/files/28017_BBUR_LamborghiniEsseSCV12_GRN_PRD_2.jpg?v=1761296924;https://cdn.shopify.com/s/files/1/0940/7093/1843/files/28017_BBUR_LamborghiniEsseSCV12_GRN_PRD_4.jpg?v=1761296923;https://cdn.shopify.com/s/files/1/0940/7093/1843/files/28017_BBUR_LamborghiniEsseSCV12_GRN_PRD_6.jpg?v=1761296923;https://cdn.shopify.com/s/files/1/0940/7093/1843/files/28017_BBUR_LamborghiniEsseSCV12_GRN_PRD_9.jpg?v=1761296923;https://cdn.shopify.com/s/files/1/0940/7093/1843/files/28017_BBUR_LamborghiniEsseSCV12_GRN_PRD_10.jpg?v=1761296924;https://cdn.shopify.com/s/files/1/0940/7093/1843/files/28017_BBUR_LamborghiniEsseSCV12_GRN_PRD_11.jpg?v=1761296923";8;https://www.bburago.com/products/lamborghini-essenza-scv12-1-24-race-green-and-black;Experience pure adrenaline with the Lamborghini Essenza SCV12 1:24 in striking green and black! Faithful hypercar replica with refined details, sporty RACE livery, opening doors, and official Lamborghini license. A masterpiece for collectors and enthusiasts eager to savor Lamborghini excitement every day.
18-16303;Ferrari 499P LMH n°50 (2024 24h LeMans Champion) 1:18;Ferrari;Ferrari 499P LMH n°50 (2024 24h LeMans Champion);1:18;Bburago Diecast;Rosso;2024;;79.99;https://cdn.shopify.com/s/files/1/0940/7093/1843/files/16303_FERR_499P_RED_PRD_3.jpg?v=1761296850;bburago_18-16303.jpg;"https://cdn.shopify.com/s/files/1/0940/7093/1843/files/16303_FERR_499P_RED_PKG_1.jpg?v=1761296851;https://cdn.shopify.com/s/files/1/0940/7093/1843/files/16303_FERR_499P_RED_PRD_1.jpg?v=1761296850;https://cdn.shopify.com/s/files/1/0940/7093/1843/files/16303_FERR_499P_RED_PRD_2.jpg?v=1761296850;https://cdn.shopify.com/s/files/1/0940/7093/1843/files/16303_FERR_499P_RED_PRD_4.jpg?v=1761296850;https://cdn.shopify.com/s/files/1/0940/7093/1843/files/16303_FERR_499P_RED_PRD_5.jpg?v=1761296850";6;https://www.bburago.com/products/ferrari-499p-lmh-ndeg50-2024-24h-lemans-champion-1-18;Celebrate Ferrari's legendary victory at the 2024 24 Hours of Le Mans with the 1:18 scale 499P LMH n°50 diecast model. This faithful replica, featuring the official livery, opening doors, and authentic details, brings Ferrari’s engineering excellence to your collection. An officially licensed model ideal for every true fan.
18-21088;Renault 5 Turbo - 1:24;Renault;Renault 5 Turbo;1:24;Bburago Diecast;Blu E Rosso;2024;;18.99;https://cdn.shopify.com/s/files/1/0940/7093/1843/files/21088_BBUR_Rena5Turbo_BLU_RED_PRD_5.jpg?v=1761296748;bburago_18-21088.jpg;"https://cdn.shopify.com/s/files/1/0940/7093/1843/files/21088_BBUR_Rena5Turbo_BLU_RED_PKG_1.jpg?v=1761296762;https://cdn.shopify.com/s/files/1/0940/7093/1843/files/21088_BBUR_Rena5Turbo_BLU_RED_360.gif?v=1761296762;https://cdn.shopify.com/s/files/1/0940/7093/1843/files/21088_BBUR_Rena5Turbo_BLU_RED_PRD_2.jpg?v=1761296749;https://cdn.shopify.com/s/files/1/0940/7093/1843/files/21088_BBUR_Rena5Turbo_BLU_RED_PRD_4.jpg?v=1761296748;https://cdn.shopify.com/s/files/1/0940/7093/1843/files/21088_BBUR_Rena5Turbo_BLU_RED_PRD_6.jpg?v=1761296749;https://cdn.shopify.com/s/files/1/0940/7093/1843/files/21088_BBUR_Rena5Turbo_BLU_RED_PRD_9.jpg?v=1761296748;https://cdn.shopify.com/s/files/1/0940/7093/1843/files/21088_BBUR_Rena5Turbo_BLU_RED_PRD_10.jpg?v=1761296749;https://cdn.shopify.com/s/files/1/0940/7093/1843/files/21088_BBUR_Rena5Turbo_BLU_RED_PRD_11.jpg?v=1761296749;https://cdn.shopify.com/s/files/1/0940/7093/1843/files/21088_BBUR_Rena5Turbo_BLU_RED_SIZE_2.jpg?v=1761296749";10;https://www.bburago.com/products/renault-5-turbo-1-24;Relive the spirit of the '80s with the Bburago Renault 5 Turbo 1:24. An iconic diecast replica in blue and red, with opening doors and lifelike interiors - an unmissable addition for classic car collectors.
18-21092;Lamborghini Huracan Performante 1:24 orange;Lamborghini;Lamborghini Huracan Performante orange;1:24;Bburago Diecast;Arancione;2024;;18.99;https://cdn.shopify.com/s/files/1/0940/7093/1843/files/21092_BBUR_LambHuracanPerformante_ORG_PRD_3.jpg?v=1761296677;bburago_18-21092.jpg;"https://cdn.shopify.com/s/files/1/0940/7093/1843/files/28_21092pack_3.jpg?v=1761296677;https://cdn.shopify.com/s/files/1/0940/7093/1843/files/21092_BBUR_LambHuracanPerformante_ORG_360.gif?v=1761296677;https://cdn.shopify.com/s/files/1/0940/7093/1843/files/21092_BBUR_LambHuracanPerformante_ORG_PRD_11.jpg?v=1762940132;https://cdn.shopify.com/s/files/1/0940/7093/1843/files/21092_BBUR_LambHuracanPerformante_ORG_PRD_2.jpg?v=1762940132;https://cdn.shopify.com/s/files/1/0940/7093/1843/files/21092_BBUR_LambHuracanPerformante_ORG_PRD_7.jpg?v=1762940132;https://cdn.shopify.com/s/files/1/0940/7093/1843/files/21092_BBUR_LambHuracanPerformante_ORG_PRD_8.jpg?v=1762940132;https://cdn.shopify.com/s/files/1/0940/7093/1843/files/21092_BBUR_LambHuracanPerformante_ORG_PRD_9.jpg?v=1762940132;https://cdn.shopify.com/s/files/1/0940/7093/1843/files/21092_BBUR_LambHuracanPerformante_ORG_SIZE_2.jpg?v=1761296677";9;https://www.bburago.com/products/lamborghini-huracan-performante-1-24-orange;Discover the Bburago Lamborghini Huracán Performante 1:24 in striking orange, with opening doors and authentic details. Perfect for collectors and play.
18-21106;Lamborghini Revuelto 1:24 orange;Lamborghini;Lamborghini Revuelto orange;1:24;Bburago Diecast;Arancione;2024;;19.99;https://cdn.shopify.com/s/files/1/0940/7093/1843/files/18-21106_PDT9.jpg?v=1761296601;bburago_18-21106.jpg;"https://cdn.shopify.com/s/files/1/0940/7093/1843/files/18_21106_rightsidepack.jpg?v=1761296619;https://cdn.shopify.com/s/files/1/0940/7093/1843/files/18-21106_PDT1.jpg?v=1761296619;https://cdn.shopify.com/s/files/1/0940/7093/1843/files/18-21106_PDT2.jpg?v=1761296619;https://cdn.shopify.com/s/files/1/0940/7093/1843/files/18-21106_PDT4.jpg?v=1761296619;https://cdn.shopify.com/s/files/1/0940/7093/1843/files/18-21106_PDT6.jpg?v=1761296619;https://cdn.shopify.com/s/files/1/0940/7093/1843/files/18-21106_PDT10.jpg?v=1761296619";7;https://www.bburago.com/products/lamborghini-revuelto-1-24-orange;Experience the Lamborghini Revuelto Bburago 1:24 in orange: opening doors, refined details and official license. Add style and innovation to your collection.
18-22106;Fiat 500 (2007) 1:24 White;Fiat;Fiat 500 (2007) White;1:24;Bburago Diecast;Bianco;2007;;16.99;https://cdn.shopify.com/s/files/1/0940/7093/1843/files/18-22106_3.jpg?v=1761296564;bburago_18-22106.jpg;"https://cdn.shopify.com/s/files/1/0940/7093/1843/files/18-22106Pack_1.jpg?v=1761296570;https://cdn.shopify.com/s/files/1/0940/7093/1843/files/18-22106_1.jpg?v=1761296570;https://cdn.shopify.com/s/files/1/0940/7093/1843/files/18-22106_4.jpg?v=1761296570;https://cdn.shopify.com/s/files/1/0940/7093/1843/files/18-22106_7.jpg?v=1761296570;https://cdn.shopify.com/s/files/1/0940/7093/1843/files/18-22106_8.jpg?v=1761296570";6;https://www.bburago.com/products/fiat-500-2007-1-24-white;Discover the charm of the Fiat 500 (2007) 1:24 in elegant white: opening doors and hood, diecast construction. Perfect for collectors!
18-22099;FIAT 500L (1968) 1:24 Red;Fiat;FIAT 500L (1968) Red;1:21;Bburago Diecast;Rosso;1968;;16.99;https://cdn.shopify.com/s/files/1/0940/7093/1843/files/18-22099.jpg?v=1761296537;bburago_18-22099.jpg;"https://cdn.shopify.com/s/files/1/0940/7093/1843/files/18-22099_pack.jpg?v=1761296542;https://cdn.shopify.com/s/files/1/0940/7093/1843/files/18-22099_aperture.jpg?v=1761296542";3;https://www.bburago.com/products/fiat-500l-1968-1-21;Discover the charm of the FIAT 500L (1968) 1:24 Red by Bburago. Opening doors and trunk, refined details. A must for collectors and lovers of Italian style!
18-11044;Bugatti Chiron Sport 1:18;Bugatti;Bugatti Chiron Sport;1:18;Bburago Diecast;Rosso E Nero;2024;;49.99;https://cdn.shopify.com/s/files/1/0940/7093/1843/files/11044_BBUR_BugaChironSport_RED_BLK_PRD_5.jpg?v=1761296512;bburago_18-11044.jpg;"https://cdn.shopify.com/s/files/1/0940/7093/1843/files/11044_BBUR_BugaChironSport_RED_BLK_PKG_3.jpg?v=1761296512;https://cdn.shopify.com/s/files/1/0940/7093/1843/files/11044_BBUR_BugaChironSport_RED_BLK_360.gif?v=1761296512;https://cdn.shopify.com/s/files/1/0940/7093/1843/files/11044_BBUR_BugaChironSport_RED_BLK_PRD_3.jpg?v=1761296512;https://cdn.shopify.com/s/files/1/0940/7093/1843/files/11044_BBUR_BugaChironSport_RED_BLK_PRD_4.jpg?v=1761296512;https://cdn.shopify.com/s/files/1/0940/7093/1843/files/11044_BBUR_BugaChironSport_RED_BLK_PRD_6.jpg?v=1761296490;https://cdn.shopify.com/s/files/1/0940/7093/1843/files/11044_BBUR_BugaChironSport_RED_BLK_PRD_9.jpg?v=1761296491;https://cdn.shopify.com/s/files/1/0940/7093/1843/files/11044_BBUR_BugaChironSport_RED_BLK_PRD_10.jpg?v=1761296489;https://cdn.shopify.com/s/files/1/0940/7093/1843/files/11044_BBUR_BugaChironSport_RED_BLK_PRD_11.jpg?v=1761296490;https://cdn.shopify.com/s/files/1/0940/7093/1843/files/11044_BBUR_BugaChironSport_RED_BLK_SIZE_2.jpg?v=1761296489";10;https://www.bburago.com/products/bugatti-chiron-sport-1-18;Discover the world of supercars with the Bugatti Chiron Sport 1:18 by Bburago. Striking red and black livery, opening doors and hood, precision details, and official Bugatti license make this die-cast masterpiece perfect for collectors and enthusiasts alike. An ideal choice for display or realistic play.
18-11045RD;BUGATTI DIVO 1:18 Red;Bugatti;BUGATTI DIVO Red;1:18;Bburago Diecast;Rosso;2024;;49.99;https://cdn.shopify.com/s/files/1/0940/7093/1843/files/18-11045RD_3.jpg?v=1761296410;bburago_18-11045RD.jpg;"https://cdn.shopify.com/s/files/1/0940/7093/1843/files/18-11045RDpack_2.jpg?v=1761296416;https://cdn.shopify.com/s/files/1/0940/7093/1843/files/18-11045RD_1.jpg?v=1761296416;https://cdn.shopify.com/s/files/1/0940/7093/1843/files/18-11045RD_2.jpg?v=1761296416;https://cdn.shopify.com/s/files/1/0940/7093/1843/files/18-11045RD_4.jpg?v=1761296416;https://cdn.shopify.com/s/files/1/0940/7093/1843/files/18-11045RD_5.jpg?v=1761296416";6;https://www.bburago.com/products/bugatti-divo-1-18-rossa;Let yourself be captivated by the Bugatti Divo 1:18 Red: elegance, sportiness, and realism. Opening doors and hood, detailed interior, and official Bugatti license. Perfect for collectors and enthusiasts who want to experience the hypercar legend, both on display and in play.
18-11047B;BUGATTI BOLIDE 1:18;Bugatti;BUGATTI BOLIDE;1:18;Bburago Diecast;Blu E Nero;2024;;49.99;https://cdn.shopify.com/s/files/1/0940/7093/1843/files/11047_BBUR_BugaBoli_BLU_BLK_PRD_8.jpg?v=1761296369;bburago_18-11047B.jpg;"https://cdn.shopify.com/s/files/1/0940/7093/1843/files/11047_BBUR_BugaBoli_BLU_BLK_PKG_2.jpg?v=1761296369;https://cdn.shopify.com/s/files/1/0940/7093/1843/files/11047_BBUR_BugaBoli_BLU_BLK_PRD_2.jpg?v=1761296370;https://cdn.shopify.com/s/files/1/0940/7093/1843/files/11047_BBUR_BugaBoli_BLU_BLK_PRD_3.jpg?v=1761296370;https://cdn.shopify.com/s/files/1/0940/7093/1843/files/11047_BBUR_BugaBoli_BLU_BLK_PRD_4.jpg?v=1761296369;https://cdn.shopify.com/s/files/1/0940/7093/1843/files/11047_BBUR_BugaBoli_BLU_BLK_PRD_5.jpg?v=1761296369;https://cdn.shopify.com/s/files/1/0940/7093/1843/files/11047_BBUR_BugaBoli_BLU_BLK_PRD_6.jpg?v=1761296369;https://cdn.shopify.com/s/files/1/0940/7093/1843/files/11047_BBUR_BugaBoli_BLU_BLK_PRD_10.jpg?v=1761296369;https://cdn.shopify.com/s/files/1/0940/7093/1843/files/11047_BBUR_BugaBoli_BLU_BLK_PRD_11.jpg?v=1761296369;https://cdn.shopify.com/s/files/1/0940/7093/1843/files/11047_BBUR_BugaBoli_BLU_BLK_SIZE_1.jpg?v=1761296370";10;https://www.bburago.com/products/bugatti-bolide-1-18;Step into the world of supercars with the Bugatti Bolide 1:18 Bburago: blue and black livery, opening doors, and official license. Perfect for speed enthusiasts and fans of innovative design, this die-cast scale model will enhance your collection with stunning details and unmistakable style.
18-11049R;ALFA ROMEO GIULIA GTAm 1:18;Alfa Romeo;ALFA ROMEO GIULIA GTAm;1:18;Bburago Diecast;Rosso;2020;;49.99;https://cdn.shopify.com/s/files/1/0940/7093/1843/files/18-11049R_3.jpg?v=1761296333;bburago_18-11049R.jpg;"https://cdn.shopify.com/s/files/1/0940/7093/1843/files/18-11049Rpack_2.jpg?v=1761296341;https://cdn.shopify.com/s/files/1/0940/7093/1843/files/18-11049R_1.jpg?v=1761296341;https://cdn.shopify.com/s/files/1/0940/7093/1843/files/18-11049R_2.jpg?v=1761296341;https://cdn.shopify.com/s/files/1/0940/7093/1843/files/18-11049R_4.jpg?v=1761296341;https://cdn.shopify.com/s/files/1/0940/7093/1843/files/18-11049R_5.jpg?v=1761296341";6;https://www.bburago.com/products/alfa-romeo-giulia-gtam-1-18;Experience all the excitement of motorsport with the Alfa Romeo Giulia GTAm 2020 1:18 scale model, featuring a striking metallic red livery. Packed with racing details such as opening doors, hood, and trunk, racing-inspired seats and steering wheels, it's made from premium materials. Impossible to resist: a must-have piece for every collector and sports car enthusiast.
18-11048;ALFA ROMEO GIULIA GTA 2020 1:18 Red;Alfa Romeo;ALFA ROMEO GIULIA GTA 2020 Red;1:18;Bburago Diecast;Rosso;2020;;49.99;https://cdn.shopify.com/s/files/1/0940/7093/1843/files/18-11048_01_c270683a-b085-431a-a3b3-b6c4be44ee40.jpg?v=1788450749;bburago_18-11048.jpg;"https://cdn.shopify.com/s/files/1/0940/7093/1843/files/18-11048_02_178ead53-cdf3-4cc0-b25c-20aa1d849e89.jpg?v=1788450749;https://cdn.shopify.com/s/files/1/0940/7093/1843/files/18-11048_03_d9f96587-b293-4580-ae57-acbe8a1324ae.jpg?v=1788450748;https://cdn.shopify.com/s/files/1/0940/7093/1843/files/18-11048_04_9206f14f-98fd-4009-a44c-ba477029af17.jpg?v=1788450749;https://cdn.shopify.com/s/files/1/0940/7093/1843/files/18-11048_05_b9e59517-e29a-4f7e-a71b-eeabef12f04f.jpg?v=1788450749;https://cdn.shopify.com/s/files/1/0940/7093/1843/files/18-11048_06_765bf061-d04f-4b16-a578-853c42dbed03.jpg?v=1788450748;https://cdn.shopify.com/s/files/1/0940/7093/1843/files/18-11048_07_77adc101-ab36-4767-913d-54a05543fa71.jpg?v=1788450749;https://cdn.shopify.com/s/files/1/0940/7093/1843/files/18-11048_08.jpg?v=1788450750";8;https://www.bburago.com/products/alfa-romeo-giulia-gta-2020-1-18;Experience pure racing adrenaline with the Alfa Romeo Giulia GTA 2020 1:18 Red. This highly detailed Burago model features opening doors, hood and trunk, steerable wheels, and racing-inspired interiors that honor the legendary Italian sports car. The iconic Rosso Alfa finish and attention to detail make this model a must-have for collectors and car enthusiasts.
18-11052P;Lamborghini Temerario 1:18 Metallic Purple;Lamborghini;Lamborghini Temerario Metallic Purple;1:18;Bburago Diecast;Viola;2024;;49.99;https://cdn.shopify.com/s/files/1/0940/7093/1843/files/18-11052P_3.jpg?v=1761296228;bburago_18-11052P.jpg;"https://cdn.shopify.com/s/files/1/0940/7093/1843/files/18-11052pack_2.jpg?v=1761296235;https://cdn.shopify.com/s/files/1/0940/7093/1843/files/18-11052P_1.jpg?v=1761296235;https://cdn.shopify.com/s/files/1/0940/7093/1843/files/18-11052P_2.jpg?v=1761296235;https://cdn.shopify.com/s/files/1/0940/7093/1843/files/18-11052P_4.jpg?v=1761296235;https://cdn.shopify.com/s/files/1/0940/7093/1843/files/18-11052P_5.jpg?v=1761296235";6;https://www.bburago.com/products/lamborghini-temerario-1-18;Add the Lamborghini Temerario 1:18 metallic purple to your collection! Realistic doors and hoods open, steerable wheels, and detailed sporty interiors.
18-11046GN;Lamborghini Sian FKP 37 1:18 Green;Lamborghini;Lamborghini Sian FKP 37 Green;1:18;Bburago Diecast;Verde;2024;;49.99;https://cdn.shopify.com/s/files/1/0940/7093/1843/files/11046_BBUR_LambSianFkp37_GRN_PRD_5.jpg?v=1761296087;bburago_18-11046GN.jpg;"https://cdn.shopify.com/s/files/1/0940/7093/1843/files/11046_BBUR_LambSianFkp37_GRN_PKG_3_1cb559c8-5fad-4247-8b0c-b109968e0f58.jpg?v=1761296109;https://cdn.shopify.com/s/files/1/0940/7093/1843/files/11046_BBUR_LambSianFkp37_GRN_360.gif?v=1761296109;https://cdn.shopify.com/s/files/1/0940/7093/1843/files/11046_BBUR_LambSianFkp37_GRN_PRD_2.jpg?v=1761296087;https://cdn.shopify.com/s/files/1/0940/7093/1843/files/11046_BBUR_LambSianFkp37_GRN_PRD_3.jpg?v=1761296086;https://cdn.shopify.com/s/files/1/0940/7093/1843/files/11046_BBUR_LambSianFkp37_GRN_PRD_4.jpg?v=1761296087;https://cdn.shopify.com/s/files/1/0940/7093/1843/files/11046_BBUR_LambSianFkp37_GRN_PRD_6.jpg?v=1761296086;https://cdn.shopify.com/s/files/1/0940/7093/1843/files/11046_BBUR_LambSianFkp37_GRN_PRD_9.jpg?v=1761296087;https://cdn.shopify.com/s/files/1/0940/7093/1843/files/11046_BBUR_LambSianFkp37_GRN_PRD_10.jpg?v=1761296086;https://cdn.shopify.com/s/files/1/0940/7093/1843/files/11046_BBUR_LambSianFkp37_GRN_PRD_11.jpg?v=1761296086;https://cdn.shopify.com/s/files/1/0940/7093/1843/files/11046_BBUR_LambSianFkp37_GRN_SIZE_2.jpg?v=1761296087";11;https://www.bburago.com/products/lamborghini-sian-fkp-37-1-18;Lamborghini Sian FKP 37 1:18 green: official Lamborghini-licensed diecast collectible. Realistic details, opening doors and trunk. Perfect for car enthusiasts.
18-38453V;Red Bull Pit Stop with RB20 #1 Max Verstappen Diecast Model 1:43 F1 2024;Red Bull Racing;Red Bull Pit Stop with RB20 #1 Max Verstappen Model F1 2024;1:43;Race & F1 Series;Giallo;2024;Max Verstappen;29.99;https://cdn.shopify.com/s/files/1/0940/7093/1843/files/18-38453V.jpg?v=1762937819;bburago_18-38453V.jpg;"https://cdn.shopify.com/s/files/1/0940/7093/1843/files/18-38453Vpack_3.jpg?v=1762937840;https://cdn.shopify.com/s/files/1/0940/7093/1843/files/18-38453Vcar.jpg?v=1762937840;https://cdn.shopify.com/s/files/1/0940/7093/1843/files/18-38453V_1_2.jpg?v=1762937840;https://cdn.shopify.com/s/files/1/0940/7093/1843/files/18-38453V_1_1.jpg?v=1762937840;https://cdn.shopify.com/s/files/1/0940/7093/1843/files/18-38453Vpack_2.jpg?v=1759913650";6;https://www.bburago.com/products/pit-stop-red-bull-con-rb20-1-max-verstappen-modellino-diecast-scala-1-43-f1-2024;All the adrenaline of Formula 1 at home! The Red Bull RB20 #1 Max Verstappen 1:43 pit stop is an official playset with a detailed pit lane diorama, 6 Red Bull mechanics, and Verstappen's car. Thanks to high-quality materials and realistic reproduction, you can relive the magic of tire changes, discover race strategies, and iconic moments. A must-have for Red Bull fans and collectors!
18-36810_18-36836H;Ferrari SF-23 Test Fiorano #44 Lewis Hamilton - 1:43 Scale Diecast Model with Official License;Ferrari;Ferrari SF 23 Test Fiorano #44 Lewis Hamilton Model with Official License;1:43;Bburago Diecast;Rosso;2024;Lewis Hamilton;16.99;https://cdn.shopify.com/s/files/1/0940/7093/1843/files/18-36810_18-36836H_3.jpg?v=1759915162;bburago_18-36810_18-36836H.jpg;"https://cdn.shopify.com/s/files/1/0940/7093/1843/files/18-36810_18-36836Hpack_1.jpg?v=1761572582;https://cdn.shopify.com/s/files/1/0940/7093/1843/files/18-36810_18-36836H_5.jpg?v=1761572582;https://cdn.shopify.com/s/files/1/0940/7093/1843/files/18-36810_18-36836H_1.jpg?v=1761572582;https://cdn.shopify.com/s/files/1/0940/7093/1843/files/18-36810_18-36836H_2.jpg?v=1761572582";5;https://www.bburago.com/products/ferrari-sf-23-test-fiorano-44-lewis-hamilton-modellino-diecast-scala-1-43-con-licenza-ufficiale;Step into the world of Formula 1 with the Ferrari SF-23 Test Fiorano #44 Hamilton 1:43. Detailed red diecast model with official Ferrari license. The perfect collectible for enthusiasts, boasting realism and premium quality to enhance any collection.
34398_B;Ducati Lenovo Team 2024 #1 Francesco Bagnaia - Modellino Diecast Scala 1:18;Ducati;Ducati Lenovo Team 2024 #1 Francesco Bagnaia Modellino;1:18;Bburago Diecast;Rosso;2024;;14.99;https://cdn.shopify.com/s/files/1/0940/7093/1843/files/34398_B_01.jpg?v=1759997179;bburago_34398_B.jpg;"https://cdn.shopify.com/s/files/1/0940/7093/1843/files/34398_B_06.jpg?v=1761726156;https://cdn.shopify.com/s/files/1/0940/7093/1843/files/34398_B_02.jpg?v=1761726156;https://cdn.shopify.com/s/files/1/0940/7093/1843/files/34398_B_03.jpg?v=1761726156;https://cdn.shopify.com/s/files/1/0940/7093/1843/files/34398_B_05.jpg?v=1761726156;https://cdn.shopify.com/s/files/1/0940/7093/1843/files/34398_B_04.jpg?v=1761726156";6;https://www.bburago.com/products/ducati-lenovo-team-2024-1-francesco-bagnaia-modellino-diecast-scala-1-18;Vivi l’emozione della MotoGP con la replica in scala 1:18 della Ducati Lenovo Team 2024 #1 guidata da Francesco Bagnaia. Prodotta da Maisto con licenza ufficiale Ducati, offre una fedele riproduzione del bolide campione con dettagli realistici e livrea ufficiale. Un pezzo da collezione per veri appassionati delle due ruote.
18-38114_18-38214P;McLaren MCL38 #81 Oscar Piastri F1 2024 - Scale Model 1:43 Diecast;McLaren;McLaren MCL38 #81 Oscar Piastri F1 2024 Model;1:43;Race & F1 Series;Antracite;2024;Oscar Piastri;14.99;https://cdn.shopify.com/s/files/1/0940/7093/1843/files/38214_BBUR_MclarenTeamMcl38_81_PRD_6.jpg?v=1759918150;bburago_18-38114_18-38214P.jpg;"https://cdn.shopify.com/s/files/1/0940/7093/1843/files/38214_BBUR_MclarenTeamMcl38_81_PKG_3.jpg?v=1761906695;https://cdn.shopify.com/s/files/1/0940/7093/1843/files/38214_BBUR_MclarenTeamMcl38_81_PRD_3.jpg?v=1761906695;https://cdn.shopify.com/s/files/1/0940/7093/1843/files/38214_BBUR_MclarenTeamMcl38_81_PRD_11.jpg?v=1761906695;https://cdn.shopify.com/s/files/1/0940/7093/1843/files/38214_BBUR_MclarenTeamMcl38_81_PRD_1.jpg?v=1761906695;https://cdn.shopify.com/s/files/1/0940/7093/1843/files/38214_BBUR_MclarenTeamMcl38_81_PRD_2.jpg?v=1761906695;https://cdn.shopify.com/s/files/1/0940/7093/1843/files/38214_BBUR_MclarenTeamMcl38_81_PRD_7.jpg?v=1761906695";7;https://www.bburago.com/products/mclaren-mcl38-81-oscar-piastri-f1-2024-modellino-scala-1-43-diecast;Experience F1 passion with the McLaren MCL38 #81 Oscar Piastri in 1:43 scale, Papaya and Anthracite colors. Realistic details and official McLaren license - perfect for collectors.
18-36867;Iveco S-Way 570 Racing Transport with Ferrari SF-24 #16 Charles Leclerc - 1:43 Diecast Model;Ferrari;Iveco S Way 570 Racing Transport with Ferrari SF 24 #16 Charles Leclerc Model;1:43;Race & F1 Series;Rosso;2024;Charles Leclerc;49.99;https://cdn.shopify.com/s/files/1/0940/7093/1843/files/18-36867.jpg?v=1763992330;bburago_18-36867.jpg;"https://cdn.shopify.com/s/files/1/0940/7093/1843/files/18-36867_01.jpg?v=1763992330;https://cdn.shopify.com/s/files/1/0940/7093/1843/files/36844_FERR_2024SeasonCar_16_PRD_6.jpg?v=1763992330;https://cdn.shopify.com/s/files/1/0940/7093/1843/files/18-36867_05.jpg?v=1763992330;https://cdn.shopify.com/s/files/1/0940/7093/1843/files/18-36867_02.jpg?v=1763992330;https://cdn.shopify.com/s/files/1/0940/7093/1843/files/18-36867_03.jpg?v=1763992330;https://cdn.shopify.com/s/files/1/0940/7093/1843/files/18-36867_04.jpg?v=1763992330";7;https://www.bburago.com/products/iveco-s-way-570-racing-transport-con-ferrari-sf-24-16-charles-leclerc-modellino-diecast-scala-1-43;Experience the thrill of Formula 1: Iveco S-Way 570 Racing and Ferrari SF-24 #16 Leclerc in 1:43 scale. Official Ferrari & Iveco license. Detailed, sporty, realistic. Enhance your collection!
18-36862L;Pit Stop Ferrari with SF-24 #16 Charles Leclerc Diecast Model 1:43 F1 2024;Ferrari;Pit Stop Ferrari with SF 24 #16 Charles Leclerc Model F1 2024;1:43;Race & F1 Series;Rosso;2024;Charles Leclerc;29.99;https://cdn.shopify.com/s/files/1/0940/7093/1843/files/18-36862L.jpg?v=1761726003;bburago_18-36862L.jpg;"https://cdn.shopify.com/s/files/1/0940/7093/1843/files/18-36862Lpack_3.jpg?v=1761840700;https://cdn.shopify.com/s/files/1/0940/7093/1843/files/18-36862Lcar.jpg?v=1761840700;https://cdn.shopify.com/s/files/1/0940/7093/1843/files/18-36862L_2.jpg?v=1761840700;https://cdn.shopify.com/s/files/1/0940/7093/1843/files/18-36862L_1.jpg?v=1761840700;https://cdn.shopify.com/s/files/1/0940/7093/1843/files/18-36862Lfigures.jpg?v=1761840700;https://cdn.shopify.com/s/files/1/0940/7093/1843/files/18-36862LPack_1_ba046c62-61d3-47d7-92e3-78bdeee3a49f.jpg?v=1759914389;https://cdn.shopify.com/s/files/1/0940/7093/1843/files/18-36862LPack_2_cbd45d46-9085-4131-92c9-6e4721c9df9a.jpg?v=1759914389;https://cdn.shopify.com/s/files/1/0940/7093/1843/files/18-36862LPack_3_47a41d0d-c93b-44e2-a484-63d1551768e7.jpg?v=1759914389";9;https://www.bburago.com/products/pit-stop-ferrari-con-sf-24-16-charles-leclerc-modellino-diecast-scala-1-43-f1-2024;Join Formula 1 with the Pit Stop Ferrari SF-24 #16 Leclerc playset in 1:43 scale. A lifelike diorama with pit stop, paddock, pit lane, 6 Ferrari mechanics, and diecast SF-24 #16. Experience race strategies at home with the authentic details and quality by Bburago. Perfect for young drivers and true Ferrari fans.
18-36322_18-36316;Ferrari 499P #50 Le Mans Champion 2024 - Official 1:43 Diecast Model;Ferrari;Ferrari 499P #50 Le Mans Champion 2024 Official Model;1:43;Bburago Diecast;Rosso;2024;;14.99;https://cdn.shopify.com/s/files/1/0940/7093/1843/files/18-36322_18-36316_01.jpg?v=1759916964;bburago_18-36322_18-36316.jpg;"https://cdn.shopify.com/s/files/1/0940/7093/1843/files/18-36322_18-36316_05.jpg?v=1761725929;https://cdn.shopify.com/s/files/1/0940/7093/1843/files/18-36322_18-36316_02.jpg?v=1761725929;https://cdn.shopify.com/s/files/1/0940/7093/1843/files/18-36322_18-36316_03.jpg?v=1761725929;https://cdn.shopify.com/s/files/1/0940/7093/1843/files/18-36322_18-36316_04.jpg?v=1761725929";5;https://www.bburago.com/products/ferrari-499p-50-le-mans-champion-2024-modellino-diecast-scala-1-43-con-licenza-ufficiale;Experience Ferrari passion with the 499P #50 Le Mans Champion 2024 1:43 model. Authentic details, original livery, and official license. Celebrate Ferrari's legendary Le Mans win: a quality collectible for lovers of racing history.
18-26033;Ferrari 12 Cilindri R&P - Diecast Model 1:24;Ferrari;Ferrari 12 Cilindri R&P Model;1:25;Bburago Diecast;Rosso;2024;;22.99;https://cdn.shopify.com/s/files/1/0940/7093/1843/files/18-26033_01.jpg?v=1760000866;bburago_18-26033.jpg;"https://cdn.shopify.com/s/files/1/0940/7093/1843/files/18-26033_06.jpg?v=1761725887;https://cdn.shopify.com/s/files/1/0940/7093/1843/files/18-26033_05.jpg?v=1761725887;https://cdn.shopify.com/s/files/1/0940/7093/1843/files/18-26033_02.jpg?v=1761725887;https://cdn.shopify.com/s/files/1/0940/7093/1843/files/18-26033_03.jpg?v=1761725887;https://cdn.shopify.com/s/files/1/0940/7093/1843/files/18-26033_04.jpg?v=1761725887";6;https://www.bburago.com/products/ferrari-12-cilindri-r-p-modellino-diecast-scala-1-24;Ferrari passion in scale: the Ferrari 12 Cilindri R&P 1:24 model with opening hood and doors embodies the Prancing Horse's racing DNA. Its red sporty design and attention to detail make it a must for collectors and fans, offering a realistic, high-quality experience.
18-36835H;Ferrari SF-23 Test Fiorano - 1:43 Diecast Model Lewis Hamilton with Display Case;Ferrari;Ferrari SF 23 Test Fiorano Model Lewis Hamilton with Display Case;1:43;Bburago Diecast;Rosso;2023;Lewis Hamilton;29.99;https://cdn.shopify.com/s/files/1/0940/7093/1843/files/18-36835H_01.jpg?v=1759507822;bburago_18-36835H.jpg;"https://cdn.shopify.com/s/files/1/0940/7093/1843/files/18-36835H_pack_1_2.jpg?v=1761567737;https://cdn.shopify.com/s/files/1/0940/7093/1843/files/18-36835H_05.jpg?v=1761567737;https://cdn.shopify.com/s/files/1/0940/7093/1843/files/18-36835H_02.jpg?v=1761567737;https://cdn.shopify.com/s/files/1/0940/7093/1843/files/18-36835H_03.jpg?v=1761567737;https://cdn.shopify.com/s/files/1/0940/7093/1843/files/18-36835H_04.jpg?v=1761567737";6;https://www.bburago.com/products/ferrari-sf-23-test-fiorano-modellino-diecast-scala-1-43-lewis-hamilton-con-teca-espositiva;Passion and Ferrari history in 1:43 scale: SF-23 Test Fiorano model, driven by Lewis Hamilton in 2023. High-level finishes, official piece for true collectors.
82580_82344;Remote Controlled Porsche 911 GT3 RS - 1:24 Scale Special Pack;Porsche;Remote Controlled Porsche 911 GT3 RS Special Pack;1:24;Bburago Diecast;Nero;2024;;29.99;https://cdn.shopify.com/s/files/1/0940/7093/1843/files/82344.jpg?v=1760457891;bburago_82580_82344.jpg;"https://cdn.shopify.com/s/files/1/0940/7093/1843/files/82580_82344_01.jpg?v=1760457891;https://cdn.shopify.com/s/files/1/0940/7093/1843/files/82580_82344_02.jpg?v=1760457891;https://cdn.shopify.com/s/files/1/0940/7093/1843/files/82344..jpg?v=1760457891;https://cdn.shopify.com/s/files/1/0940/7093/1843/files/81530_MTRC_LaFerrari_RED_RMT.jpg?v=1759912867";5;https://www.bburago.com/products/veicolo-radiocomandato-porsche-911-gt3-rs-scala-1-24-special-pack;Experience the thrill of the track with the Porsche 911 GT3 RS remote control 1:24, with exclusive package. 2.4 GHz steering, realistic features and batteries included.
82580_82334;Ferrari SF90 RC Vehicle - 1:24 Scale Special Pack;Ferrari;Ferrari SF90 RC Vehicle Special Pack;1:24;Bburago Diecast;Rosso;2024;;29.99;https://cdn.shopify.com/s/files/1/0940/7093/1843/files/82580_82334_05.jpg?v=1760457903;bburago_82580_82334.jpg;"https://cdn.shopify.com/s/files/1/0940/7093/1843/files/82580_82334_01.jpg?v=1760457903;https://cdn.shopify.com/s/files/1/0940/7093/1843/files/82580_82334_02_1.gif?v=1760457903;https://cdn.shopify.com/s/files/1/0940/7093/1843/files/82580_82334_03.jpg?v=1760457903;https://cdn.shopify.com/s/files/1/0940/7093/1843/files/82580_82334_04.jpg?v=1760457903;https://cdn.shopify.com/s/files/1/0940/7093/1843/files/82580_82334_06.jpg?v=1760428901";6;https://www.bburago.com/products/veicolo-radiocomandato-ferrari-sf90-scala-1-24-special-pack;Experience the thrill of racing with the Ferrari SF90 RC 1:24 scale. Refined design, realistic details, and 2.4 GHz technology for perfect control.
18-38451N;Pit Stop McLaren with MCL38 #4 Lando Norris Diecast Model 1:43 F1 2024;McLaren;Pit Stop McLaren with MCL38 #4 Lando Norris Model F1 2024;1:43;Race & F1 Series;Antracite;2024;Lando Norris;29.99;https://cdn.shopify.com/s/files/1/0940/7093/1843/files/18-38451N_01.jpg?v=1760429430;bburago_18-38451N.jpg;"https://cdn.shopify.com/s/files/1/0940/7093/1843/files/18-38451N_02.jpg?v=1760429420;https://cdn.shopify.com/s/files/1/0940/7093/1843/files/18-38451N_1.jpg?v=1759913870;https://cdn.shopify.com/s/files/1/0940/7093/1843/files/18-38451N_2.jpg?v=1759913813;https://cdn.shopify.com/s/files/1/0940/7093/1843/files/18-38451Npack_1_2a723c00-8278-44e7-a1a6-0e8a3c889eb3.jpg?v=1759913826;https://cdn.shopify.com/s/files/1/0940/7093/1843/files/18-38451Npack_2.jpg?v=1759913826;https://cdn.shopify.com/s/files/1/0940/7093/1843/files/18-38451Npack_3.jpg?v=1759913826;https://cdn.shopify.com/s/files/1/0940/7093/1843/files/18-38451NPack_1.jpg?v=1759913826";8;https://www.bburago.com/products/pit-stop-mclaren-con-mcl38-4-lando-norris-modellino-diecast-scala-1-43-f1-2024;Experience all the action of Formula 1 with the PIT STOP McLaren MCL38 #4 Lando Norris in 1:43 scale. This detailed playset includes the diecast car, 6 McLaren mechanics, paddock and pit lane to simulate race strategies and discover teamwork in the pits. Perfect for collectors and young F1 fans.
18-38114_18-38214N;McLaren MCL38 2024 #4 Lando Norris F1 2024 - 1:43 Diecast Model;McLaren;McLaren MCL38 2024 #4 Lando Norris F1 2024 Model;1:43;Race & F1 Series;Antracite;2024;Lando Norris;14.99;https://cdn.shopify.com/s/files/1/0940/7093/1843/files/38214_BBUR_MclarenTeamMcl38_4_PRD_6.jpg?v=1759918384;bburago_18-38114_18-38214N.jpg;"https://cdn.shopify.com/s/files/1/0940/7093/1843/files/18-38114_07.jpg?v=1760458294;https://cdn.shopify.com/s/files/1/0940/7093/1843/files/38214_BBUR_MclarenTeamMcl38_4_PRD_3.jpg?v=1760458294;https://cdn.shopify.com/s/files/1/0940/7093/1843/files/38214_BBUR_MclarenTeamMcl38_4_PRD_11.jpg?v=1760458294;https://cdn.shopify.com/s/files/1/0940/7093/1843/files/38214_BBUR_MclarenTeamMcl38_4_PRD_1.jpg?v=1760458294;https://cdn.shopify.com/s/files/1/0940/7093/1843/files/38214_BBUR_MclarenTeamMcl38_4_PRD_2.jpg?v=1760458294;https://cdn.shopify.com/s/files/1/0940/7093/1843/files/38214_BBUR_MclarenTeamMcl38_4_PRD_7.jpg?v=1760458294";7;https://www.bburago.com/products/mclaren-mcl38-2024-4-lando-norris-f1-2024-modellino-scala-1-43-diecast;Discover the 1:43 McLaren MCL38 2024 #4 Lando Norris: ultra-realistic details, advanced aerodynamics and carbon fiber chassis. Official McLaren license for F1 fans and collectors.
18-36856;2-Model Set SF-24 #16 Charles Leclerc / #55 Carlos Sainz F1 2024 1:43 Imola Livery;Ferrari;2 Model Set SF 24 #16 Charles Leclerc / #55 Carlos Sainz F1 2024 Imola Livery;1:43;Race & F1 Series;Rosso;2024;Charles Leclerc;24.99;https://cdn.shopify.com/s/files/1/0940/7093/1843/files/18-36856-3.jpg?v=1759914554;bburago_18-36856.jpg;"https://cdn.shopify.com/s/files/1/0940/7093/1843/files/18-36856.jpg?v=1759914557;https://cdn.shopify.com/s/files/1/0940/7093/1843/files/18-36856-2.jpg?v=1759914565;https://cdn.shopify.com/s/files/1/0940/7093/1843/files/18-36856-1.jpg?v=1759914573";4;https://www.bburago.com/products/set-2-modellini-sf-24-16-charles-leclerc-55-carlos-sainz-f1-2024-in-scala-1-43-livrea-imola;Feel the thrill of Formula 1 with this Ferrari SF-24 Leclerc & Sainz collector set: 1:43 models, Imola 2024 livery, and frame-display box. For true fans!
18-36317;Ferrari 499P #83 - 24 Hours of Le Mans 2024 - 1:43 Diecast Model with Display Case;Ferrari;Ferrari 499P #83 24 Hours of Le Mans 2024 Model with Display Case;1:43;Bburago Diecast;Giallo;2024;;24.99;https://cdn.shopify.com/s/files/1/0940/7093/1843/files/18-36317_01.jpg?v=1759507819;bburago_18-36317.jpg;"https://cdn.shopify.com/s/files/1/0940/7093/1843/files/18-36317_05.jpg?v=1760458320;https://cdn.shopify.com/s/files/1/0940/7093/1843/files/18-36317_02.jpg?v=1760458320;https://cdn.shopify.com/s/files/1/0940/7093/1843/files/18-36317_03.jpg?v=1760458320;https://cdn.shopify.com/s/files/1/0940/7093/1843/files/18-36317_04.jpg?v=1760458320";5;https://www.bburago.com/products/ferrari-499p-83-24-ore-di-le-mans-2024-modellino-diecast-scala-1-43-con-teca-espositiva;Experience Ferrari passion with the official 499P #83 Le Mans 2024 replica, 1:43 scale. Realistic details, transparent case, and custom base. For collectors.
18-36316;Ferrari 499P #50 24h Le Mans Champion 2024 - 1:43 Diecast Model with Display Case;Ferrari;Ferrari 499P #50 24h Le Mans Champion 2024 Model with Display Case;1:43;Bburago Diecast;Rosso;2024;;24.99;https://cdn.shopify.com/s/files/1/0940/7093/1843/files/18-36316_01.jpg?v=1759997549;bburago_18-36316.jpg;"https://cdn.shopify.com/s/files/1/0940/7093/1843/files/18-36316_06.jpg?v=1759997575;https://cdn.shopify.com/s/files/1/0940/7093/1843/files/18-36316_02.jpg?v=1759997575;https://cdn.shopify.com/s/files/1/0940/7093/1843/files/18-36316_03.jpg?v=1759997575;https://cdn.shopify.com/s/files/1/0940/7093/1843/files/18-36316_04.jpg?v=1759997575;https://cdn.shopify.com/s/files/1/0940/7093/1843/files/18-36316_05.jpg?v=1759997575;https://cdn.shopify.com/s/files/1/0940/7093/1843/files/18-36316_07.jpg?v=1759997575";7;https://www.bburago.com/products/ferrari-499p-50-24h-le-mans-champion-2024-modellino-diecast-1-43-con-teca-espositiva;Celebrate Ferrari's victory with the official 499P #50 Le Mans Champion 2024 replica. 1:43 diecast model with original livery and protective display case. A must-have for any motorsport or Ferrari enthusiast collection.
18-30489;ANTA SPORTIVA 1:43 Special Edition - 50th Anniversary Collector Model;Outro;ANTA SPORTIVA Special Edition 50th Anniversary Collector Model;1:43;Bburago Diecast;Nero;2024;;14.99;https://cdn.shopify.com/s/files/1/0940/7093/1843/files/18-30489_01.jpg?v=1759507816;bburago_18-30489.jpg;"https://cdn.shopify.com/s/files/1/0940/7093/1843/files/18_30489_2.jpg?v=1760434400;https://cdn.shopify.com/s/files/1/0940/7093/1843/files/18-30489_02.png?v=1760434400;https://cdn.shopify.com/s/files/1/0940/7093/1843/files/18-30489_03.jpg?v=1760434400;https://cdn.shopify.com/s/files/1/0940/7093/1843/files/18-30489_04.jpg?v=1760434400;https://cdn.shopify.com/s/files/1/0940/7093/1843/files/18-30489_05.jpg?v=1760434400;https://cdn.shopify.com/s/files/1/0940/7093/1843/files/18-30489_06.jpg?v=1760434400;https://cdn.shopify.com/s/files/1/0940/7093/1843/files/18-30489pack_5.jpg?v=1760434398";8;https://www.bburago.com/products/anta-sportiva-1-43-special-edition-modellino-celebrativo-50-0-anniversario-burago;Celebrate Bburago's 50th Anniversary with ANTA SPORTIVA 1:43 Special Edition, an exclusive diecast model designed by SPD Milan students. Premium details, collector’s packaging and an iconic tribute to Bburago creativity and innovation.
18-28504;Model Kit McLaren MCL38 2024 #4 Lando Norris - Scale 1:24;McLaren;Model Kit McLaren MCL38 2024 #4 Lando Norris;1:24;Model Kit;Antracite;2024;Lando Norris;39.99;https://cdn.shopify.com/s/files/1/0940/7093/1843/files/18-28504_06.jpg?v=1760457811;bburago_18-28504.jpg;"https://cdn.shopify.com/s/files/1/0940/7093/1843/files/18-28504_01.jpg?v=1760457811;https://cdn.shopify.com/s/files/1/0940/7093/1843/files/18-28504_02.jpg?v=1760457811;https://cdn.shopify.com/s/files/1/0940/7093/1843/files/18-28504_03.jpg?v=1760457811;https://cdn.shopify.com/s/files/1/0940/7093/1843/files/18-28504_05.jpg?v=1760457811;https://cdn.shopify.com/s/files/1/0940/7093/1843/files/18-28504_04.jpg?v=1760457811;https://cdn.shopify.com/s/files/1/0940/7093/1843/files/18-28504_07.jpg?v=1759997750";7;https://www.bburago.com/products/model-kit-mclaren-mcl38-2024-4-lando-norris-scala-1-24;Discover the Model Kit McLaren MCL38 2024 #4 Lando Norris in 1:24 scale: a faithful and detailed replica for a true Formula 1 thrill. The kit, featuring 42 easy-to-assemble parts, delivers a realistic modeling experience. With Official McLaren License, it's a must for fans and collectors seeking quality, authenticity, and the iconic papaya-anthracite livery.
18-28501;Model Kit Red Bull RB19 2023 #1 Max Verstappen - 1:24 scale;Red Bull Racing;Model Kit Red Bull RB19 2023 #1 Max Verstappen;1:24;Model Kit;Blu E;2023;Max Verstappen;39.99;https://cdn.shopify.com/s/files/1/0940/7093/1843/files/18-28501_BBUR_OracleRedBullRacingRB19_1_PKG_3.jpg?v=1761567565;bburago_18-28501.jpg;"https://cdn.shopify.com/s/files/1/0940/7093/1843/files/18-28501_BBUR_OracleRedBullRacingRB19_1_PRD_3.jpg?v=1761567565;https://cdn.shopify.com/s/files/1/0940/7093/1843/files/18-28501_BBUR_OracleRedBullRacingRB19_1_PRD_1.jpg?v=1761567565;https://cdn.shopify.com/s/files/1/0940/7093/1843/files/18-28501_BBUR_OracleRedBullRacingRB19_1_PRD_5.jpg?v=1761567565;https://cdn.shopify.com/s/files/1/0940/7093/1843/files/18-28501_BBUR_OracleRedBullRacingRB19_1_PRD_2.jpg?v=1761567565;https://cdn.shopify.com/s/files/1/0940/7093/1843/files/18-28501_BBUR_OracleRedBullRacingRB19_1_PRD_4.jpg?v=1761567565;https://cdn.shopify.com/s/files/1/0940/7093/1843/files/18-28501_BBUR_OracleRedBullRacingRB19_1_PKG_4.jpg?v=1761567565";7;https://www.bburago.com/products/model-kit-red-bull-rb19-2023-1-max-verstappen-scala-1-24;Build the world champion's F1 car step by step with the 1:24 Red Bull RB19 2023 #1 Max Verstappen Model Kit. With 44 pieces, assemble every detail of the car in a precise and rewarding way. Ideal for adult collectors and true Formula 1 fans, it offers a unique combination of fun, precision, and satisfaction during assembly.
18-28042;Porsche Penske 963 #6 - 1:24 Scale Diecast Model;Porsche;Porsche Penske 963 #6 Model;1:24;Bburago Diecast;Bianco;2024;;24.99;https://cdn.shopify.com/s/files/1/0940/7093/1843/files/18-28042_01.jpg?v=1760957467;bburago_18-28042.jpg;"https://cdn.shopify.com/s/files/1/0940/7093/1843/files/18-28042_10.jpg?v=1760458350;https://cdn.shopify.com/s/files/1/0940/7093/1843/files/18-28042_03.jpg?v=1760458350;https://cdn.shopify.com/s/files/1/0940/7093/1843/files/18-28042_04.jpg?v=1760458350;https://cdn.shopify.com/s/files/1/0940/7093/1843/files/18-28042_05.jpg?v=1760458350;https://cdn.shopify.com/s/files/1/0940/7093/1843/files/18-28042_06.jpg?v=1760458350;https://cdn.shopify.com/s/files/1/0940/7093/1843/files/18-28042_07.jpg?v=1760458350;https://cdn.shopify.com/s/files/1/0940/7093/1843/files/18-28042_08.jpg?v=1760458350;https://cdn.shopify.com/s/files/1/0940/7093/1843/files/18-28042_09.jpg?v=1760458350";9;https://www.bburago.com/products/porsche-penske-963-6-modellino-diecast-scala-1-24;Experience the thrill of endurance racing with the Porsche Penske 963 #6, a 1:24 scale icon created by Bburago. Authentic red and white livery, opening doors, finely crafted interiors, and die-cast details: elevate your Porsche collection with this unique replica.
18-28040N;McLaren MCL38 Lando Norris #4 F1 2024 - 1:24 Scale Diecast Model with Driver;McLaren;McLaren MCL38 Lando Norris #4 F1 2024 Model with Driver;1:24;Race & F1 Series;Antracite;2024;Lando Norris;39.99;https://cdn.shopify.com/s/files/1/0940/7093/1843/files/28040_BBUR_MclarenTeamMcl38_4_PRD_5.jpg?v=1760450348;bburago_18-28040N.jpg;"https://cdn.shopify.com/s/files/1/0940/7093/1843/files/18-28501_09_db6560dc-70da-4489-b49d-e6b85a524e19.jpg?v=1760458361;https://cdn.shopify.com/s/files/1/0940/7093/1843/files/18-28501_02_fd11c5f8-02fa-4e7d-ad82-3664fc62c6af.jpg?v=1760458361;https://cdn.shopify.com/s/files/1/0940/7093/1843/files/18-28501_03_970d1bd4-2763-4b3d-9c2a-0c9cac50343f.jpg?v=1760458361;https://cdn.shopify.com/s/files/1/0940/7093/1843/files/18-28501_04_0fa7f71a-3278-4917-b039-318b84dd2946.jpg?v=1760458361;https://cdn.shopify.com/s/files/1/0940/7093/1843/files/18-28501_05_c8326856-af32-42dc-927f-47af0642c29d.jpg?v=1760458361;https://cdn.shopify.com/s/files/1/0940/7093/1843/files/18-28501_07_106dd3fd-2339-4898-ae6f-a417a7cb70d2.jpg?v=1760458361;https://cdn.shopify.com/s/files/1/0940/7093/1843/files/18-28501_08_1396f802-cc51-4e9e-a229-c0b9b71ce560.jpg?v=1760458361;https://cdn.shopify.com/s/files/1/0940/7093/1843/files/18-28501_10_64033568-0448-4412-b0ff-ff6d5ec84d73.jpg?v=1760450348";9;https://www.bburago.com/products/mclaren-mcl38-lando-norris-4-f1-2024-modellino-diecast-scala-1-24-con-pilota;All the passion of Formula 1 in a unique model: McLaren MCL38 #4 driven by Lando Norris, 2024 season. 1:24 scale with driver in official suit and Papaya-Anthracite livery. This detailed and realistic diecast model excels with precise proportions. An exclusive set with official McLaren license, a must-have for every fan or collector. Display with pride or gift the authentic charm of motorsport.
18-28037H;Mercedes W14 E Performance #44 Lewis Hamilton F1 2023 - 1:24 Diecast Model with Driver;Mercedes-Benz;Mercedes W14 E Performance #44 Lewis Hamilton F1 2023 Model with Driver;1:24;Race & F1 Series;Turchese;2023;Lewis Hamilton;39.99;https://cdn.shopify.com/s/files/1/0940/7093/1843/files/1.png?v=1760456271;bburago_18-28037H.jpg;"https://cdn.shopify.com/s/files/1/0940/7093/1843/files/18-28037H_09.jpg?v=1760458381;https://cdn.shopify.com/s/files/1/0940/7093/1843/files/18-28037H_01.jpg?v=1760458381;https://cdn.shopify.com/s/files/1/0940/7093/1843/files/18-28037H_02p.jpg?v=1760458381;https://cdn.shopify.com/s/files/1/0940/7093/1843/files/2.png?v=1760458381;https://cdn.shopify.com/s/files/1/0940/7093/1843/files/18-28037H_02.jpg?v=1760458381;https://cdn.shopify.com/s/files/1/0940/7093/1843/files/18-28037H_04.jpg?v=1760458381;https://cdn.shopify.com/s/files/1/0940/7093/1843/files/18-28037H_05.jpg?v=1760458381;https://cdn.shopify.com/s/files/1/0940/7093/1843/files/18-28037H_03.jpg?v=1760458381;https://cdn.shopify.com/s/files/1/0940/7093/1843/files/18-28037H_06.jpg?v=1760458381;https://cdn.shopify.com/s/files/1/0940/7093/1843/files/18-28037H_07.jpg?v=1760458381;https://cdn.shopify.com/s/files/1/0940/7093/1843/files/18-28037H_08.jpg?v=1760458381;https://cdn.shopify.com/s/files/1/0940/7093/1843/files/18-28037H_10.jpg?v=1760458381";13;https://www.bburago.com/products/mercedes-w14-e-performance-44-lewis-hamilton-f1-2023-modellino-diecast-scala-1-24-con-pilota;Discover the Mercedes AMG PETRONAS W14 2023 #44 Lewis Hamilton in 1:24 scale: realistic details, premium finish, official livery, and driver included. Perfect for Formula 1 collectors - add it to your display and relive the passion of F1 every day!
18-28036V;Red Bull RB19 #1 Max Verstappen F1 2023 - 1:24 Diecast Model with Driver;Red Bull Racing;Red Bull RB19 #1 Max Verstappen F1 2023 Model with Driver;1:24;Race & F1 Series;Giallo;2023;Max Verstappen;39.99;https://cdn.shopify.com/s/files/1/0940/7093/1843/files/18-28036V_1.jpg?v=1760429176;bburago_18-28036V.jpg;"https://cdn.shopify.com/s/files/1/0940/7093/1843/files/18-28036V_010.jpg?v=1760458398;https://cdn.shopify.com/s/files/1/0940/7093/1843/files/18-28036V_01eeee.jpg?v=1760458398;https://cdn.shopify.com/s/files/1/0940/7093/1843/files/18-28036V_02.jpg?v=1760458398;https://cdn.shopify.com/s/files/1/0940/7093/1843/files/18-28036V_04.jpg?v=1760458398;https://cdn.shopify.com/s/files/1/0940/7093/1843/files/18-28036V_05.jpg?v=1760458398;https://cdn.shopify.com/s/files/1/0940/7093/1843/files/18-28036V_09.jpg?v=1760458398;https://cdn.shopify.com/s/files/1/0940/7093/1843/files/18-28036V_06.jpg?v=1760458398;https://cdn.shopify.com/s/files/1/0940/7093/1843/files/18-28036V_03.jpg?v=1760458398;https://cdn.shopify.com/s/files/1/0940/7093/1843/files/18-28036V_07.jpg?v=1760458398;https://cdn.shopify.com/s/files/1/0940/7093/1843/files/18-28036V_08.jpg?v=1760458398;https://cdn.shopify.com/s/files/1/0940/7093/1843/files/18-28036V_11.jpg?v=1760458398";12;https://www.bburago.com/products/red-bull-rb19-1-max-verstappen-f1-2023-modellino-diecast-1-24-con-pilota;Experience the thrill of F1 with the Red Bull RB19 #1 Max Verstappen 2023 1:24 scale diecast, featuring an authentic livery, detailed pilot and premium finishes.
18-26856;Model Kit Ferrari SF-24 2024 #16 Charles Leclerc F1 2024 - Scale 1:24;Ferrari;Model Kit Ferrari SF 24 2024 #16 Charles Leclerc F1 2024;1:24;Model Kit;Rosso;2024;Charles Leclerc;39.99;https://cdn.shopify.com/s/files/1/0940/7093/1843/files/18-26856_02.jpg?v=1760457838;bburago_18-26856.jpg;"https://cdn.shopify.com/s/files/1/0940/7093/1843/files/18-26856_01.jpg?v=1769766937;https://cdn.shopify.com/s/files/1/0940/7093/1843/files/18-26856_03.jpg?v=1769766937";3;https://www.bburago.com/products/model-kit-ferrari-sf-24-2024-16-charles-leclerc-f1-2024-scala-1-24;Experience modeling precision with the Ferrari SF-24 #16 Leclerc F1 2024 1:24 kit. Assemble all 45 detailed pieces for an engaging and rewarding adventure.
18-26583;Model Kit Ferrari 499P #51 24h Le Mans Champion 2023 - 1:24 Scale;Ferrari;Model Kit Ferrari 499P #51 24h Le Mans Champion 2023;1:24;Model Kit;Rosso;2023;;34.99;https://cdn.shopify.com/s/files/1/0940/7093/1843/files/18-26583_11.jpg?v=1760457852;bburago_18-26583.jpg;"https://cdn.shopify.com/s/files/1/0940/7093/1843/files/18-26583_01.jpg?v=1760457852;https://cdn.shopify.com/s/files/1/0940/7093/1843/files/18-26583_03.jpg?v=1760700738;https://cdn.shopify.com/s/files/1/0940/7093/1843/files/18-26583_02.jpg?v=1760457852;https://cdn.shopify.com/s/files/1/0940/7093/1843/files/18-26583_05.jpg?v=1760457852;https://cdn.shopify.com/s/files/1/0940/7093/1843/files/18-26583_06.jpg?v=1760457852;https://cdn.shopify.com/s/files/1/0940/7093/1843/files/18-26583_09.jpg?v=1760457852;https://cdn.shopify.com/s/files/1/0940/7093/1843/files/18-26583_10.jpg?v=1760457852;https://cdn.shopify.com/s/files/1/0940/7093/1843/files/18-26583_04.jpg?v=1760457852;https://cdn.shopify.com/s/files/1/0940/7093/1843/files/18-26583_07.jpg?v=1760457852;https://cdn.shopify.com/s/files/1/0940/7093/1843/files/18-26583_08.jpg?v=1760457852;https://cdn.shopify.com/s/files/1/0940/7093/1843/files/18-26583_01_2.jpg?v=1760457852;https://cdn.shopify.com/s/files/1/0940/7093/1843/files/18-26583_13.jpg?v=1760000674;https://cdn.shopify.com/s/files/1/0940/7093/1843/files/18-26583_12.jpg?v=1760000674";14;https://www.bburago.com/products/model-kit-ferrari-499p-51-24h-le-mans-champion-2023-scala-1-24;Build the Ferrari 499P #51, winner of the 2023 24 Hours of Le Mans, in 1:24 scale. Detailed 34-piece kit for an immersive and authentic experience.
18-26313;Ferrari 499P 24H Le Mans Hypercar 2024 #83 - 1:24 Scale Diecast Model;Ferrari;Ferrari 499P 24H Le Mans Hypercar 2024 #83 Model;1:24;Bburago Diecast;Giallo;2024;;29.99;https://cdn.shopify.com/s/files/1/0940/7093/1843/files/18-26313_01.jpg?v=1759507811;bburago_18-26313.jpg;"https://cdn.shopify.com/s/files/1/0940/7093/1843/files/18-26313_05.jpg?v=1760458423;https://cdn.shopify.com/s/files/1/0940/7093/1843/files/18-26313_02.jpg?v=1760458423;https://cdn.shopify.com/s/files/1/0940/7093/1843/files/18-26313_03.jpg?v=1760458423;https://cdn.shopify.com/s/files/1/0940/7093/1843/files/18-26313_04.jpg?v=1760458423";5;https://www.bburago.com/products/ferrari-499p-24h-le-mans-hypercar-2024-83-modellino-diecast-scala-1-24;Experience the thrill of the Ferrari 499P 24H Le Mans Hypercar 2024 #83: 1:24 official AF Corse replica, sporty livery, opening doors, detailed interior.
18-26312;Ferrari 499P 2024 24h Le Mans Champion #50 - 1:24 Scale Diecast Model;Ferrari;Ferrari 499P 2024 24h Le Mans Champion #50 Model;1:24;Bburago Diecast;Rosso;2024;;29.99;https://cdn.shopify.com/s/files/1/0940/7093/1843/files/18-26312_01.jpg?v=1759507808;bburago_18-26312.jpg;"https://cdn.shopify.com/s/files/1/0940/7093/1843/files/18-26312_05.jpg?v=1760458433;https://cdn.shopify.com/s/files/1/0940/7093/1843/files/18-26312_02.jpg?v=1760458433;https://cdn.shopify.com/s/files/1/0940/7093/1843/files/18-26312_03.jpg?v=1760458433;https://cdn.shopify.com/s/files/1/0940/7093/1843/files/18-26312_04.jpg?v=1760458433";5;https://www.bburago.com/products/ferrari-499p-2024-24h-le-mans-champion-50-modellino-diecast-scala-1-24;Celebrate Ferrari's historic victory with the official 499P 24H Le Mans Champion 2024 #50 replica in 1:24 scale. This quality diecast model amazes collectors and fans with original red livery, technical details, and opening doors for unmatched realism. A must-have for endurance racing lovers and Ferrari enthusiasts.
18-26032;Ferrari SF90 XX Stradale - 1:24 Diecast Model Car;Ferrari;Ferrari SF90 XX Stradale Model Car;1:24;Bburago Diecast;Rosso;2024;;22.99;https://cdn.shopify.com/s/files/1/0940/7093/1843/files/18-26032_01.jpg?v=1759507807;bburago_18-26032.jpg;"https://cdn.shopify.com/s/files/1/0940/7093/1843/files/18-26032_05.jpg?v=1760458443;https://cdn.shopify.com/s/files/1/0940/7093/1843/files/18-26032_02.jpg?v=1760458443;https://cdn.shopify.com/s/files/1/0940/7093/1843/files/18-26032_03.jpg?v=1760458443;https://cdn.shopify.com/s/files/1/0940/7093/1843/files/18-26032_04.jpg?v=1760458443";5;https://www.bburago.com/products/ferrari-sf90-xx-stradale-modellino-diecast-scala-1-24;Experience the Ferrari SF90 XX Stradale in 1:24 scale: a diecast model car in red livery with exquisite technical details and functional doors. Official Ferrari license for authentic collectors and enthusiasts.
18-26030;Ferrari Purosangue R&P - Diecast Model Scale 1:24;Ferrari;Ferrari Purosangue R&P Model;1:24;Bburago Diecast;Rosso;2024;;22.99;https://cdn.shopify.com/s/files/1/0940/7093/1843/files/18-26030_01.jpg?v=1759507801;bburago_18-26030.jpg;"https://cdn.shopify.com/s/files/1/0940/7093/1843/files/18-26030_09.jpg?v=1760458453;https://cdn.shopify.com/s/files/1/0940/7093/1843/files/18-26030_02.jpg?v=1760458453;https://cdn.shopify.com/s/files/1/0940/7093/1843/files/18-26030_03.jpg?v=1760458453;https://cdn.shopify.com/s/files/1/0940/7093/1843/files/18-26030_04.jpg?v=1760458453;https://cdn.shopify.com/s/files/1/0940/7093/1843/files/18-26030_05.jpg?v=1760458453;https://cdn.shopify.com/s/files/1/0940/7093/1843/files/18-26030_06.jpg?v=1760458453;https://cdn.shopify.com/s/files/1/0940/7093/1843/files/18-26030_07.jpg?v=1760458453;https://cdn.shopify.com/s/files/1/0940/7093/1843/files/18-26030_08.jpg?v=1760458453";9;https://www.bburago.com/products/ferrari-purosangue-r-p-modellino-diecast-scala-1-24;Discover the first Ferrari SUV: Purosangue scale 1:24, with authentic details, opening doors and high-quality finishes. Official Ferrari license, perfect for collectors.
18-26029;Ferrari Roma R&P 1:24 Red;Ferrari;Ferrari Roma R&P Red;1:24;Bburago Diecast;Rosso;2024;;22.99;https://cdn.shopify.com/s/files/1/0940/7093/1843/files/18-26029_01.jpg?v=1759915975;bburago_18-26029.jpg;"https://cdn.shopify.com/s/files/1/0940/7093/1843/files/18-26029_10.jpg?v=1760458475;https://cdn.shopify.com/s/files/1/0940/7093/1843/files/18-26029_02.gif?v=1760458475;https://cdn.shopify.com/s/files/1/0940/7093/1843/files/18-26029_03.jpg?v=1760458475;https://cdn.shopify.com/s/files/1/0940/7093/1843/files/18-26029_04.jpg?v=1760458475;https://cdn.shopify.com/s/files/1/0940/7093/1843/files/18-26029_05.jpg?v=1760458475;https://cdn.shopify.com/s/files/1/0940/7093/1843/files/18-26029_06.jpg?v=1760458475;https://cdn.shopify.com/s/files/1/0940/7093/1843/files/18-26029_07.jpg?v=1760458475;https://cdn.shopify.com/s/files/1/0940/7093/1843/files/18-26029_08.jpg?v=1760700689;https://cdn.shopify.com/s/files/1/0940/7093/1843/files/18-26029_09.jpg?v=1760458475";10;https://www.bburago.com/products/ferrari-roma-r-p-1-24;Discover the Ferrari Roma 1:24: refined elegance, opening doors, and extraordinary details. Official replica with quality materials, a must-have for collectors!
18-26028;Ferrari SF90 Stradale 1:24 Red;Ferrari;Ferrari SF90 Stradale Red;1:24;Bburago Diecast;Rosso;2024;;22.99;https://cdn.shopify.com/s/files/1/0940/7093/1843/files/18-26028_focus_01.jpg?v=1759937618;bburago_18-26028.jpg;"https://cdn.shopify.com/s/files/1/0940/7093/1843/files/18-26028_10.jpg?v=1760458488;https://cdn.shopify.com/s/files/1/0940/7093/1843/files/18-26028_02.gif?v=1760458488;https://cdn.shopify.com/s/files/1/0940/7093/1843/files/18-26028_bookshelf_03.jpg?v=1760458488;https://cdn.shopify.com/s/files/1/0940/7093/1843/files/18-26028_04.jpg?v=1760458488;https://cdn.shopify.com/s/files/1/0940/7093/1843/files/18-26028_05.jpg?v=1760458488;https://cdn.shopify.com/s/files/1/0940/7093/1843/files/18-26028_06.jpg?v=1760458488;https://cdn.shopify.com/s/files/1/0940/7093/1843/files/18-26028_07.jpg?v=1760458488;https://cdn.shopify.com/s/files/1/0940/7093/1843/files/18-26028_08.jpg?v=1760458488;https://cdn.shopify.com/s/files/1/0940/7093/1843/files/18-26028_09.jpg?v=1760458488;https://cdn.shopify.com/s/files/1/0940/7093/1843/files/18-26028_11.jpg?v=1759507801";11;https://www.bburago.com/products/ferrari-sf90-stradale-1-24;Discover the power of the Ferrari SF90 Stradale 1:24 by Bburago. Refined finishes, opening doors, and authentic details for true Ferrari enthusiasts.
18-26026;Ferrari 488 Pista R&P 1:24 Red;Ferrari;Ferrari 488 Pista R&P Red;1:24;Bburago Diecast;Rosso;2024;;22.99;https://cdn.shopify.com/s/files/1/0940/7093/1843/files/18-26026_01.jpg?v=1759507792;bburago_18-26026.jpg;"https://cdn.shopify.com/s/files/1/0940/7093/1843/files/18-26026_10.jpg?v=1760458500;https://cdn.shopify.com/s/files/1/0940/7093/1843/files/18-26026_02.gif?v=1760458500;https://cdn.shopify.com/s/files/1/0940/7093/1843/files/18-26026_03.jpg?v=1760458500;https://cdn.shopify.com/s/files/1/0940/7093/1843/files/18-26026_04.jpg?v=1760458500;https://cdn.shopify.com/s/files/1/0940/7093/1843/files/18-26026_05.jpg?v=1760458500;https://cdn.shopify.com/s/files/1/0940/7093/1843/files/18-26026_06.jpg?v=1760458500;https://cdn.shopify.com/s/files/1/0940/7093/1843/files/18-26026_07.jpg?v=1760458500;https://cdn.shopify.com/s/files/1/0940/7093/1843/files/18-26026_08.jpg?v=1760458500;https://cdn.shopify.com/s/files/1/0940/7093/1843/files/18-26026_09.jpg?v=1760458500;https://cdn.shopify.com/s/files/1/0940/7093/1843/files/18-26026_11.jpg?v=1759507792";11;https://www.bburago.com/products/ferrari-488-pista-r-p-1-24;Experience Ferrari passion with the 488 Pista R&P 1:24. Detailed interiors, opening doors and official Ferrari license. A collectible masterpiece.
18-26022;LaFerrari Aperta R&P 1:24;Ferrari;LaFerrari Aperta R&P;1:24;Bburago Diecast;Rosso;2024;;22.99;https://cdn.shopify.com/s/files/1/0940/7093/1843/files/18-26022_01.jpg?v=1759507792;bburago_18-26022.jpg;"https://cdn.shopify.com/s/files/1/0940/7093/1843/files/18-26022_10.jpg?v=1760458518;https://cdn.shopify.com/s/files/1/0940/7093/1843/files/18-26022_02.gif?v=1760458518;https://cdn.shopify.com/s/files/1/0940/7093/1843/files/18-26022_03.jpg?v=1760458518;https://cdn.shopify.com/s/files/1/0940/7093/1843/files/18-26022_04.jpg?v=1760458518;https://cdn.shopify.com/s/files/1/0940/7093/1843/files/18-26022_05.jpg?v=1760458518;https://cdn.shopify.com/s/files/1/0940/7093/1843/files/18-26022_06.jpg?v=1760458518;https://cdn.shopify.com/s/files/1/0940/7093/1843/files/18-26022_07.jpg?v=1760458518;https://cdn.shopify.com/s/files/1/0940/7093/1843/files/18-26022_08.jpg?v=1760458518;https://cdn.shopify.com/s/files/1/0940/7093/1843/files/18-26022_09.jpg?v=1760458518";10;https://www.bburago.com/products/laferrari-aperta-r-p-1-24;Experience Ferrari passion with LaFerrari Aperta R&P 1:24: a faithful diecast replica with authentic details, refined interiors, and opening parts. Official Ferrari license and premium finishes, perfect for Italian automotive excellence lovers.
18-16304;Ferrari 499P #83 - 24 Hours of Le Mans 2024 - 1:18 Scale Diecast Model with Opening Doors;Ferrari;Ferrari 499P #83 24 Hours of Le Mans 2024 Model with Opening Doors;1:18;Bburago Diecast;Giallo;2024;;79.99;https://cdn.shopify.com/s/files/1/0940/7093/1843/files/18-16304_01.jpg?v=1759507782;bburago_18-16304.jpg;"https://cdn.shopify.com/s/files/1/0940/7093/1843/files/18-16304_03.jpg?v=1760458528;https://cdn.shopify.com/s/files/1/0940/7093/1843/files/18-16304_02.jpg?v=1760458528";3;https://www.bburago.com/products/ferrari-499p-83-24-ore-di-le-mans-2024-modellino-diecast-scala-1-18-con-porte-apribili;Relive the 2024 24 Hours of Le Mans with Ferrari 499P #83, the official Bburago 1:18 diecast. Sports details and opening doors for collectors.
18-16021;Ferrari SF90 Stradale Le Mans Livery 1:18;Ferrari;Ferrari SF90 Stradale Le Mans Livery;1:18;Bburago Diecast;Giallo;2024;;59.99;https://cdn.shopify.com/s/files/1/0940/7093/1843/files/18-16021_01.jpg?v=1759507806;bburago_18-16021.jpg;"https://cdn.shopify.com/s/files/1/0940/7093/1843/files/18-16021_10.jpg?v=1760458541;https://cdn.shopify.com/s/files/1/0940/7093/1843/files/18-16021_03.jpg?v=1760458541;https://cdn.shopify.com/s/files/1/0940/7093/1843/files/18-16021_04.jpg?v=1760458541;https://cdn.shopify.com/s/files/1/0940/7093/1843/files/18-16021_05.jpg?v=1760458541;https://cdn.shopify.com/s/files/1/0940/7093/1843/files/18-16021_06.jpg?v=1760458541;https://cdn.shopify.com/s/files/1/0940/7093/1843/files/18-16021_07.jpg?v=1760458541;https://cdn.shopify.com/s/files/1/0940/7093/1843/files/18-16021_08.jpg?v=1760458541;https://cdn.shopify.com/s/files/1/0940/7093/1843/files/18-16021_09.jpg?v=1760458541;https://cdn.shopify.com/s/files/1/0940/7093/1843/files/18-16021_11.jpg?v=1760458541";10;https://www.bburago.com/products/ferrari-sf90-stradale-livrea-le-mans-r-p-1-18;Make your collection unique with the Ferrari SF90 Stradale Le Mans livery 1:18. Diecast model with opening doors, hood and trunk, spring-loaded wheels and original Le Mans livery. Emotions and Ferrari sportiness in scale, a must for real fans.
18-16001;LaFerrari R&P 1:18 Red - Diecast Model;Ferrari;LaFerrari R&P Red Model;1:18;Bburago Diecast;Rosso;2024;;59.99;https://cdn.shopify.com/s/files/1/0940/7093/1843/files/10-16001_01.jpg?v=1760362011;bburago_18-16001.jpg;"https://cdn.shopify.com/s/files/1/0940/7093/1843/files/18-16001_09.jpg?v=1760458554;https://cdn.shopify.com/s/files/1/0940/7093/1843/files/18-16001_02.gif?v=1760458554;https://cdn.shopify.com/s/files/1/0940/7093/1843/files/18-16001_03.jpg?v=1760458554;https://cdn.shopify.com/s/files/1/0940/7093/1843/files/18-16001_04.jpg?v=1760458554;https://cdn.shopify.com/s/files/1/0940/7093/1843/files/18-16001_05.jpg?v=1760458554;https://cdn.shopify.com/s/files/1/0940/7093/1843/files/18-16001_06.jpg?v=1760458554;https://cdn.shopify.com/s/files/1/0940/7093/1843/files/18-16001_07.jpg?v=1760458554;https://cdn.shopify.com/s/files/1/0940/7093/1843/files/18-16001_08.jpg?v=1760458554;https://cdn.shopify.com/s/files/1/0940/7093/1843/files/18-16001_10.jpg?v=1760362011";10;https://www.bburago.com/products/laferrari-r-p-1-18-modellino-diecast;Experience the thrill with LaFerrari R&P 1:18 diecast. Detailed interiors, opening doors and hood, steerable wheels. Official Ferrari model for collectors.
82861;Ferrari 499P 24H Le Mans Champion 2023 #51 RC Red - 1:16 Scale;Ferrari;Ferrari 499P 24H Le Mans Champion 2023 #51 RC Red;1:16;Bburago Diecast;Rosso;2023;;49.99;https://cdn.shopify.com/s/files/1/0940/7093/1843/files/82861_11.jpg?v=1760457931;bburago_82861.jpg;"https://cdn.shopify.com/s/files/1/0940/7093/1843/files/82861_01.jpg?v=1760457931;https://cdn.shopify.com/s/files/1/0940/7093/1843/files/82861_02.jpg?v=1760457931;https://cdn.shopify.com/s/files/1/0940/7093/1843/files/82861_03.jpg?v=1760457931;https://cdn.shopify.com/s/files/1/0940/7093/1843/files/82861_07.jpg?v=1760457931;https://cdn.shopify.com/s/files/1/0940/7093/1843/files/82861_08.jpg?v=1760457931;https://cdn.shopify.com/s/files/1/0940/7093/1843/files/82861_04.jpg?v=1760457931;https://cdn.shopify.com/s/files/1/0940/7093/1843/files/82861_05.jpg?v=1760457931;https://cdn.shopify.com/s/files/1/0940/7093/1843/files/82861_06.jpg?v=1760457931;https://cdn.shopify.com/s/files/1/0940/7093/1843/files/82861_10.jpg?v=1760457931;https://cdn.shopify.com/s/files/1/0940/7093/1843/files/82861_09.jpg?v=1760457931;https://cdn.shopify.com/s/files/1/0940/7093/1843/files/82861_12.jpg?v=1760457931";12;https://www.bburago.com/products/radiocomando-ferrari-499p-24h-le-mans-champion-2023-51-scala-1-16;Experience the thrill of Ferrari’s victory: 499P 24H Le Mans Champion 2023 #51 RC car in 1:16 scale, with official license, hypercar details, 2.4GHz control, working front lights, adjustable steering and complete set. Perfect for motorsport fans and collectors.
82671;Formula Racing Ferrari SF-24 RC Vehicle Diecast 1:41 with Track;Ferrari;Formula Racing Ferrari SF 24 RC Vehicle with Track;1:41;Race & F1 Series;Rosso;2024;Charles Leclerc;39.99;https://cdn.shopify.com/s/files/1/0940/7093/1843/files/82671_02.jpg?v=1760457962;bburago_82671.jpg;"https://cdn.shopify.com/s/files/1/0940/7093/1843/files/82671_03.jpg?v=1760457962;https://cdn.shopify.com/s/files/1/0940/7093/1843/files/82671_01.jpg?v=1760457962;https://cdn.shopify.com/s/files/1/0940/7093/1843/files/82671_04.jpg?v=1760428432;https://cdn.shopify.com/s/files/1/0940/7093/1843/files/82671_05.jpg?v=1760428432";5;https://www.bburago.com/products/veicolo-radiocomandato-formula-racing-ferrari-sf-24-diecast-1-41-con-tracciato;Race into the legend with the 1:41 scale Ferrari SF-24 #16 by Charles Leclerc! This Maisto Tech RC model, crafted in die-cast metal, features a flexible-track set with barriers and cones for epic races. The 2.4 GHz remote ensures precise control up to 20 meters, while turbo boost and a built-in lithium battery guarantee adrenaline-packed sessions. Officially Ferrari licensed for true fans.
82531;Remote Control Car Ferrari 499P 24H 2024 Le Mans Champion #50 - 1:24 Scale;Ferrari;Remote Control Car Ferrari 499P 24H 2024 Le Mans Champion #50;1:24;Bburago Diecast;Rosso;2024;;39.99;https://cdn.shopify.com/s/files/1/0940/7093/1843/files/82531_05.jpg?v=1760457976;bburago_82531.jpg;"https://cdn.shopify.com/s/files/1/0940/7093/1843/files/82531_01.jpg?v=1760457976;https://cdn.shopify.com/s/files/1/0940/7093/1843/files/82531_02.jpg?v=1760457976;https://cdn.shopify.com/s/files/1/0940/7093/1843/files/82531_03.jpg?v=1760457976;https://cdn.shopify.com/s/files/1/0940/7093/1843/files/82531_04.jpg?v=1760457976";5;https://www.bburago.com/products/veicolo-radiocomandato-ferrari-499p-24h-2024-le-mans-champion-50-scala-1-24;Discover the Ferrari 499P remote control Le Mans champion 1:24, with sporty design, realistic details and top performance. Official Ferrari license, racing livery and dynamic control: 2.4 GHz frequency, 35 m range, lithium battery and controller included. Ready to use: the perfect blend of innovation and motorsport passion.
82358;Remote Controlled Vehicle F1 Red Bull Racing RB19 2023 #1 Max Verstappen - 1:24 Scale;Red Bull Racing;Remote Controlled Vehicle F1 Red Bull Racing RB19 2023 #1 Max Verstappen;1:24;Race & F1 Series;Blu;2023;Max Verstappen;39.99;https://cdn.shopify.com/s/files/1/0940/7093/1843/files/82358_09.jpg?v=1760457992;bburago_82358.jpg;"https://cdn.shopify.com/s/files/1/0940/7093/1843/files/82358_01.jpg?v=1760457992;https://cdn.shopify.com/s/files/1/0940/7093/1843/files/82358_02.jpg?v=1760429075;https://cdn.shopify.com/s/files/1/0940/7093/1843/files/82358_03.jpg?v=1760429075;https://cdn.shopify.com/s/files/1/0940/7093/1843/files/82358_04.jpg?v=1760429075;https://cdn.shopify.com/s/files/1/0940/7093/1843/files/82358_05.jpg?v=1760429075;https://cdn.shopify.com/s/files/1/0940/7093/1843/files/82358_06.jpg?v=1760429075;https://cdn.shopify.com/s/files/1/0940/7093/1843/files/82358_07.jpg?v=1760429075;https://cdn.shopify.com/s/files/1/0940/7093/1843/files/82358_08.jpg?v=1760429075;https://cdn.shopify.com/s/files/1/0940/7093/1843/files/82358_10.jpg?v=1760429008";10;https://www.bburago.com/products/veicolo-radiocomandato-f1-red-bull-racing-rb19-2023-1-max-verstappen-scala-1-24;Speed and precision with the 1:24 RB19 #1 Max Verstappen. Realistic design, official Red Bull license, RC technology, USB battery, up to 35m control.
82357;Ferrari F1 SF-23 RC Vehicle - 1:24 Scale Model;Ferrari;Ferrari F1 SF 23 RC Vehicle Model;1:24;Race & F1 Series;Rosso;2024;Charles Leclerc;39.99;https://cdn.shopify.com/s/files/1/0940/7093/1843/files/82357_09.jpg?v=1760458006;bburago_82357.jpg;"https://cdn.shopify.com/s/files/1/0940/7093/1843/files/82357_01.jpg?v=1760458006;https://cdn.shopify.com/s/files/1/0940/7093/1843/files/82357_02.jpg?v=1760458006;https://cdn.shopify.com/s/files/1/0940/7093/1843/files/82357_03.jpg?v=1760458006;https://cdn.shopify.com/s/files/1/0940/7093/1843/files/82357_04.jpg?v=1760458006;https://cdn.shopify.com/s/files/1/0940/7093/1843/files/82357_05.jpg?v=1760458006;https://cdn.shopify.com/s/files/1/0940/7093/1843/files/82357_06.jpg?v=1760458006;https://cdn.shopify.com/s/files/1/0940/7093/1843/files/82357_07.jpg?v=1760458006;https://cdn.shopify.com/s/files/1/0940/7093/1843/files/82357_08.jpg?v=1760458006";9;https://www.bburago.com/products/veicolo-radiocomandato-ferrari-f1-sf-23-modellino-scala-1-24;Experience the thrill of the 1:24 scale Ferrari SF-23 #16 Leclerc RC model: precise steering, powerful engine, official license. Enjoy every race!
81599;Co-Pack: LaFerrari RC Vehicle 1:24 + Diecast 1:43;Ferrari;Co Pack: LaFerrari RC Vehicle +;1:24;Bburago Diecast;Rosso;2024;;29.99;https://cdn.shopify.com/s/files/1/0940/7093/1843/files/81599_04.jpg?v=1760433952;bburago_81599.jpg;"https://cdn.shopify.com/s/files/1/0940/7093/1843/files/81599_01.jpg?v=1760433952;https://cdn.shopify.com/s/files/1/0940/7093/1843/files/81599_02.gif?v=1760433952;https://cdn.shopify.com/s/files/1/0940/7093/1843/files/81599_03.jpg?v=1760433952;https://cdn.shopify.com/s/files/1/0940/7093/1843/files/81599_05.jpg?v=1760434043";5;https://www.bburago.com/products/co-pack-veicolo-radiocomandato-la-ferrari-1-24-la-ferrari-diecast-1-43;Ferrari passion in an exclusive set: RC LaFerrari 1:24 and refined diecast 1:43, both officially licensed. Perfect for true collectors.
81598;Co-Pack: Lamborghini Huracan Coupé Remote Control 1:24 Green + Diecast 1:43;Lamborghini;Co Pack: Lamborghini Huracan Coupé Remote Control Green +;1:24;Bburago Diecast;Verde;2024;;29.99;https://cdn.shopify.com/s/files/1/0940/7093/1843/files/81598_02.jpg?v=1760434127;bburago_81598.jpg;"https://cdn.shopify.com/s/files/1/0940/7093/1843/files/81598_01.jpg?v=1760434127;https://cdn.shopify.com/s/files/1/0940/7093/1843/files/81598_03.jpg?v=1759507832;https://cdn.shopify.com/s/files/1/0940/7093/1843/files/81598_04.jpg?v=1760434113";4;https://www.bburago.com/products/co-pack-radiocomando-lamborghini-huracan-coupe-1-24-diecast-1-43;Experience the thrill of Lamborghini with this exclusive set: Pro-Style remote control car 1:24 for precise racing, and elegant static diecast model 1:43. Both with official Lamborghini license. Perfect for exhibition or play, authentic details and quality materials. A must-have set for true fans and collectors.
18-26027;Ferrari Monza SP1 R&P 1:24 Black;Ferrari;Ferrari Monza SP1 R&P Black;1:24;Bburago Diecast;Nero;2024;;22.99;https://cdn.shopify.com/s/files/1/0940/7093/1843/files/18-26027_01.jpg?v=1759507798;bburago_18-26027.jpg;"https://cdn.shopify.com/s/files/1/0940/7093/1843/files/18-26027_10.jpg?v=1760458588;https://cdn.shopify.com/s/files/1/0940/7093/1843/files/18-26027_03.jpg?v=1760458588;https://cdn.shopify.com/s/files/1/0940/7093/1843/files/18-26027_04.jpg?v=1760458588;https://cdn.shopify.com/s/files/1/0940/7093/1843/files/18-26027_05.jpg?v=1760458588;https://cdn.shopify.com/s/files/1/0940/7093/1843/files/18-26027_06.jpg?v=1760458588;https://cdn.shopify.com/s/files/1/0940/7093/1843/files/18-26027_07.jpg?v=1760458588;https://cdn.shopify.com/s/files/1/0940/7093/1843/files/18-26027_08.jpg?v=1760458588;https://cdn.shopify.com/s/files/1/0940/7093/1843/files/18-26027_09.jpg?v=1760458588;https://cdn.shopify.com/s/files/1/0940/7093/1843/files/18-26027_11.jpg?v=1759507829";10;https://www.bburago.com/products/ferrari-sf-23-44-hamilton-test-fiorano-1-18-modellino-diecast-con-licenza-ufficiale-copia;Experience the elegance of the Ferrari Monza SP1 R&P 1:24 in black. This collector's icon celebrates the style of 1950s barchetta cars with precise details and opening doors. Admire the refined interiors and add timeless Ferrari elegance, officially licensed by Burago, to your collection.
82580_82338;Remote Control Vehicle Lamborghini Sian FKP 37 - 1:24 Scale Special Pack;Lamborghini;Remote Control Vehicle Lamborghini Sian FKP 37 Special Pack;1:24;Bburago Diecast;Verde;2024;;29.99;https://cdn.shopify.com/s/files/1/0940/7093/1843/files/82580_82338_02.jpg?v=1760458203;bburago_82580_82338.jpg;"https://cdn.shopify.com/s/files/1/0940/7093/1843/files/82580_82338_01.jpg?v=1760458203;https://cdn.shopify.com/s/files/1/0940/7093/1843/files/82580_82338_03.jpg?v=1760428183;https://cdn.shopify.com/s/files/1/0940/7093/1843/files/82580_82338_04.jpg?v=1760700198;https://cdn.shopify.com/s/files/1/0940/7093/1843/files/82580_82338_05.jpg?v=1760428205;https://cdn.shopify.com/s/files/1/0940/7093/1843/files/82580_82338_06.jpg?v=1760428216";6;https://www.bburago.com/products/veicolo-radiocomandato-lamborghini-sian-fkp-37-1-24-special-pack;Experience the power and innovation of the Lamborghini Sian FKP 37 RC model in 1:24 scale, in iconic green. Official Lamborghini model with hybrid technology, 2.4 GHz remote, integrated lithium battery, USB cable and Pro-Style controller with AAA batteries included. Ideal for supercar lovers and true driving fun!
18-26809L;Ferrari SF-23 Charles Leclerc #16 - 1:24 Scale Diecast Model with Driver;Ferrari;Ferrari SF 23 Charles Leclerc #16 Model with Driver;1:24;Bburago Diecast;Rosso;2024;Charles Leclerc;39.99;https://cdn.shopify.com/s/files/1/0940/7093/1843/files/18-26809L_01_5f0a16cc-c456-429d-a071-3a251b89ea92.jpg?v=1761567601;bburago_18-26809L.jpg;"https://cdn.shopify.com/s/files/1/0940/7093/1843/files/18-26809L_09_359bac2d-3ba7-4487-86f4-199ee88ebc46.jpg?v=1761567601;https://cdn.shopify.com/s/files/1/0940/7093/1843/files/18-26809L_02_b9a82169-326d-4162-89e3-9f92ca0c123b.jpg?v=1761052662;https://cdn.shopify.com/s/files/1/0940/7093/1843/files/18-26809L_03_d77cdae5-be09-47a6-a245-f81ede9e8f99.jpg?v=1761052662;https://cdn.shopify.com/s/files/1/0940/7093/1843/files/18-26809L_04_eb2049b7-e197-4b18-9c5f-324cf0f1c988.jpg?v=1761052662;https://cdn.shopify.com/s/files/1/0940/7093/1843/files/18-26809L_05_a29c2f58-4c4a-4229-a334-71800b062828.jpg?v=1761052662;https://cdn.shopify.com/s/files/1/0940/7093/1843/files/18-26809L_06_43aeb9aa-86b5-4b8a-9855-efc5c49e0258.jpg?v=1761052662;https://cdn.shopify.com/s/files/1/0940/7093/1843/files/18-26809L_07_907083ac-b226-4018-ada6-42bc793eb5a2.jpg?v=1761052662;https://cdn.shopify.com/s/files/1/0940/7093/1843/files/18-26809L_08_9bf9cc3d-2362-4509-81c6-df35c4fcdefc.jpg?v=1761052662";9;https://www.bburago.com/products/f1-ferrari-sf-23-16-w-leclerc-figure-1-24;Experience the power of the Ferrari SF-23 #16 by Charles Leclerc, in 1:24 scale, with official driver figure. Officially licensed. For true collectors!
