codigo;modelo;montadora;serie;ano_lancamento;ano_catalogo;cor;escala;secao_origem;pagina_wiki;url_foto_original;arquivo_foto
206;Peugeot 404;Peugeot;Majorette Mainline;1967;1967;white;1:64;Year Lists;List_of_1967_Majorette;https://static.wikia.nocookie.net/majorette_model_cars/images/6/6f/Majorette_Peugeot_404_%28white%2C_ambulance%29.jpg/revision/latest?cb=20220513121023;206.jpg
221;Renault 16;Renault;Majorette Mainline;1967;1967;blue;1:64;Year Lists;List_of_1967_Majorette;https://static.wikia.nocookie.net/majorette_model_cars/images/8/8a/Renault_16_%28blue%2C_red_interior%2C_WHLL%29.jpg/revision/latest?cb=20210112155750;221.jpg
226;F1 Repco Brabham;Formula 1;Majorette Mainline;1968;1968;green;1:64;Year Lists;List_of_1968_Majorette;https://static.wikia.nocookie.net/majorette_model_cars/images/e/e3/Majorette_F1_Repco_Brabham_%28green%29.jpg/revision/latest?cb=20200801214448;226.jpg
227;F1 Lotus;Formula 1;Majorette Mainline;1968;1968;green;1:64;Year Lists;List_of_1968_Majorette;https://static.wikia.nocookie.net/majorette_model_cars/images/9/9e/F1_Lotus_%28green%29.jpg/revision/latest?cb=20200802102000;227.jpg
228;F1 BRM;Formula 1;Majorette Mainline;1968;1968;metallic red;1:64;Year Lists;List_of_1968_Majorette;https://static.wikia.nocookie.net/majorette_model_cars/images/6/6e/Majorette_F1_BRM_%28metallic_red%29.jpg/revision/latest?cb=20200801222012;228.jpg
229;F1 Ferrari;Ferrari;Majorette Mainline;1968;1968;blue;1:64;Year Lists;List_of_1968_Majorette;https://static.wikia.nocookie.net/majorette_model_cars/images/1/1d/F1_Ferrari_%28blue%2C_3%29.jpg/revision/latest?cb=20200802112617;229.jpg
232;Porsche Le Mans;Porsche;Majorette Mainline;1969;1969;blue;1:64;Year Lists;List_of_1969_Majorette;https://static.wikia.nocookie.net/majorette_model_cars/images/8/85/Majorette_Porsche_Le_Mans_%28metallic_blue%2C_8%2C_5BL_wheels%29.jpg/revision/latest?cb=20200913175616;232.jpg
317;Renault 16;Renault;Majorette Mainline;1969;1969;;1:64;Year Lists;List_of_1969_Majorette;https://static.wikia.nocookie.net/majorette_model_cars/images/0/0a/Renault_16_%2B_trailer_grand_prix_%28blue%2C_orange_interior%2C_WHLL%29.jpg/revision/latest?cb=20210112191558;317.jpg
323;Renault 16;Renault;Majorette Mainline;1969;1969;;1:64;Year Lists;List_of_1969_Majorette;https://static.wikia.nocookie.net/majorette_model_cars/images/6/63/Renault_16_%2B_trailer_airplane_%28green%2C_orange_interior%2C_THC15%29.jpg/revision/latest?cb=20210112194011;323.jpg
232;Porsche Le Mans;Porsche;Majorette Mainline;1969;1970;metallic silver;1:64;Year Lists;List_of_1970_Majorette;https://static.wikia.nocookie.net/majorette_model_cars/images/0/0c/Porsche_Le_Mans_%28silver%29_1970.jpg/revision/latest?cb=20260721113834;232_1.jpg
239;Peugeot 504;Peugeot;Majorette Mainline;1970;1970;green;1:64;Year Lists;List_of_1970_Majorette;https://static.wikia.nocookie.net/majorette_model_cars/images/6/66/Peugeot_504_%28green%29_1970.jpg/revision/latest?cb=20200720171714;239.jpg
241;Daf 2600 Covered Truck;Daf;Majorette Mainline;1970;1970;yellow;1:64 / 1:87;Year Lists;List_of_1970_Majorette;https://static.wikia.nocookie.net/majorette_model_cars/images/b/b4/Majorette_Daf_2600_Covered_Truck_%28yellow%29.jpg/revision/latest?cb=20200531153811;241.jpg
245;Daf 2600 Fuel Tanker;Daf;Majorette Mainline;1970;1970;Red;1:64;Year Lists;List_of_1970_Majorette;https://static.wikia.nocookie.net/majorette_model_cars/images/0/01/Daf_2600_Fuel_tanker.jpg/revision/latest?cb=20200605133726;245.jpg
317;Renault 16;Renault;Majorette Mainline;1970;1970;;1:64;Year Lists;List_of_1970_Majorette;https://static.wikia.nocookie.net/majorette_model_cars/images/0/0a/Renault_16_%2B_trailer_grand_prix_%28blue%2C_orange_interior%2C_WHLL%29.jpg/revision/latest?cb=20210112191558;317.jpg
323;Renault 16;Renault;Majorette Mainline;1970;1970;;1:64;Year Lists;List_of_1970_Majorette;https://static.wikia.nocookie.net/majorette_model_cars/images/6/63/Renault_16_%2B_trailer_airplane_%28green%2C_orange_interior%2C_THC15%29.jpg/revision/latest?cb=20210112194011;323.jpg
232;Porsche Le Mans;Porsche;Majorette Mainline;1969;1971;red;1:64;Year Lists;List_of_1971_Majorette;https://static.wikia.nocookie.net/majorette_model_cars/images/2/26/Porsche_Le_Mans_%28red_71-73%29.jpg/revision/latest?cb=20200605100704;232_2.jpg
250;Citroën SM Maserati;Citroën;Majorette Mainline;1971;1971;blue;1:64;Year Lists;List_of_1971_Majorette;https://static.wikia.nocookie.net/majorette_model_cars/images/8/83/Citro%C3%ABn_SM_Maserati_%2821%29.jpg/revision/latest?cb=20210405112926;250.jpg
255;Hanomag Bulldozer;Hanomag;Majorette Mainline;1971;1971;yellow;1:64;Year Lists;List_of_1971_Majorette;https://static.wikia.nocookie.net/majorette_model_cars/images/a/a5/Hanomag_Bulldozer_%28yellow%29.jpg/revision/latest?cb=20210411180308;255.jpg
317;Renault 16;Renault;Majorette Mainline;1971;1971;;1:64;Year Lists;List_of_1971_Majorette;https://static.wikia.nocookie.net/majorette_model_cars/images/0/0a/Renault_16_%2B_trailer_grand_prix_%28blue%2C_orange_interior%2C_WHLL%29.jpg/revision/latest?cb=20210112191558;317.jpg
323;Renault 16;Renault;Majorette Mainline;1971;1971;;1:64;Year Lists;List_of_1971_Majorette;https://static.wikia.nocookie.net/majorette_model_cars/images/6/63/Renault_16_%2B_trailer_airplane_%28green%2C_orange_interior%2C_THC15%29.jpg/revision/latest?cb=20210112194011;323.jpg
202;Volkswagen 1302;Volkswagen;Majorette Mainline;1972;1972;red;1:64;Year Lists;List_of_1972_Majorette;https://static.wikia.nocookie.net/majorette_model_cars/images/5/5b/Volkswagen_1302_earlier_version_%28metallic_red%29.jpg/revision/latest?cb=20200605144455;202.jpg
203;Fiat 127;Fiat;Majorette Mainline;1972;1972;green;1:64;Year Lists;List_of_1972_Majorette;https://static.wikia.nocookie.net/majorette_model_cars/images/a/a4/Majorette_Fiat_127_%28green%2C_light_yellow_windows%2C_3SS_wheels%29.jpg/revision/latest?cb=20200824125203;203.jpg
207;Jaguar Type E V12;Jaguar;Majorette Mainline;1972;1972;red;1:64;Year Lists;List_of_1972_Majorette;https://static.wikia.nocookie.net/majorette_model_cars/images/3/32/Jaguae_Type_eV12_%28red%29.jpg/revision/latest?cb=20200613175559;207.jpg
208;Chrysler 180;Chrysler;Majorette Mainline;1972;1972;metallic green;1:64;Year Lists;List_of_1972_Majorette;https://static.wikia.nocookie.net/majorette_model_cars/images/5/5e/Majorette_Chrysler_180_%28metallic_green%2C_3S_wheels%29.jpg/revision/latest?cb=20200725123310;208.jpg
239;Peugeot 504;Peugeot;Majorette Mainline;1970;1972;green;1:64;Year Lists;List_of_1972_Majorette;https://static.wikia.nocookie.net/majorette_model_cars/images/b/bc/Peugeot_504_%28green%29_1972.jpg/revision/latest?cb=20200720172503;239_1.jpg
317;Renault 16;Renault;Majorette Mainline;1972;1972;;1:64;Year Lists;List_of_1972_Majorette;https://static.wikia.nocookie.net/majorette_model_cars/images/0/0a/Renault_16_%2B_trailer_grand_prix_%28blue%2C_orange_interior%2C_WHLL%29.jpg/revision/latest?cb=20210112191558;317.jpg
323;Renault 16;Renault;Majorette Mainline;1972;1972;;1:64;Year Lists;List_of_1972_Majorette;https://static.wikia.nocookie.net/majorette_model_cars/images/6/63/Renault_16_%2B_trailer_airplane_%28green%2C_orange_interior%2C_THC15%29.jpg/revision/latest?cb=20210112194011;323.jpg
203;Fiat 127;Fiat;Majorette Mainline;1972;1973;blue;1:64;Year Lists;List_of_1973_Majorette;https://static.wikia.nocookie.net/majorette_model_cars/images/3/36/Fiat_127_%28blue%29.jpg/revision/latest?cb=20200810221223;203_1.jpg
206;Citroën DS 21 Ambulance;Citroën;Majorette Mainline;1973;1973;white;1:64;Year Lists;List_of_1973_Majorette;https://static.wikia.nocookie.net/majorette_model_cars/images/1/1f/Majorette_Citro%C3%ABn_DS_21_Ambulance_%28white%2C_yellow_windows%29.jpg/revision/latest?cb=20210521142233;206_1.jpg
210;Volkswagen K70;Volkswagen;Majorette Mainline;1973;1973;red;1:64;Year Lists;List_of_1973_Majorette;https://static.wikia.nocookie.net/majorette_model_cars/images/9/96/Majorette_Volkswagen_K70_%28red%29.jpg/revision/latest?cb=20200714182738;210.jpg
216;Plymouth Fury Police Car;Plymouth;Majorette Mainline;1973;1973;blue;1:64;Year Lists;List_of_1973_Majorette;https://static.wikia.nocookie.net/majorette_model_cars/images/2/26/Majorette_Plymouth_Fury_Police_Car_%28blue%2C_amber_strobelights%2C_5BL_wheels%29.jpg/revision/latest?cb=20201111111411;216.jpg
235;BMW 3.0 CSI;BMW;Majorette Mainline;1973;1973;red;1:64;Year Lists;List_of_1973_Majorette;https://static.wikia.nocookie.net/majorette_model_cars/images/d/da/Majorette_BMW_3.0_CSI_%28red%2C_5BL_tires%29.jpg/revision/latest?cb=20200830191537;235.jpg
236;Bernard Chalet Truck;Bernard;Majorette Mainline;1973;1973;blue;1:64 / 1:87;Year Lists;List_of_1973_Majorette;https://static.wikia.nocookie.net/majorette_model_cars/images/8/82/Bernard_chalet_Truck_%28blue%29.jpg/revision/latest?cb=20201017201010;236.jpg
244;Volkswagen T2 Ambulance/Police;Volkswagen;Majorette Mainline;1973;1973;white;1:64;Year Lists;List_of_1973_Majorette;https://static.wikia.nocookie.net/majorette_model_cars/images/1/1e/Volkswagen_T2_Ambulnace_%28white%2C_5BL%29_1973.jpg/revision/latest?cb=20220731191927;244.jpg
250;Citroën SM Maserati;Citroën;Majorette Mainline;1971;1973;yellow;1:64;Year Lists;List_of_1973_Majorette;https://static.wikia.nocookie.net/majorette_model_cars/images/f/fd/Majorette_Citro%C3%ABn_SM_Maserati_%28yellow%2C_THC5_wheels%29.jpg/revision/latest?cb=20210312132346;250_1.jpg
255;Hanomag Bulldozer;Hanomag;Majorette Mainline;1971;1973;yellow;1:64;Year Lists;List_of_1973_Majorette;https://static.wikia.nocookie.net/majorette_model_cars/images/4/44/Hanomag_Bulldozer_%28yellow%2C_red_base%29_1974.jpg/revision/latest?cb=20210409191344;255_1.jpg
257;Renault 5;Renault;Majorette Mainline;1973;1973;red;1:64;Year Lists;List_of_1973_Majorette;https://static.wikia.nocookie.net/majorette_model_cars/images/0/0e/Majorette_Renault_5_%28red%2C_3SS_wheels%29.jpg/revision/latest?cb=20200714121205;257.jpg
260;Renault 17 TS;Renault;Majorette Mainline;1973;1973;pink;1:64;Year Lists;List_of_1973_Majorette;https://static.wikia.nocookie.net/majorette_model_cars/images/1/16/Majorette_renault_17_TS_%28pink%2C_NUC%29.jpg/revision/latest?cb=20201211192442;260.jpg
203;Fiat 127;Fiat;Majorette Mainline;1972;1974;red;1:64;Year Lists;List_of_1974_Majorette;https://static.wikia.nocookie.net/majorette_model_cars/images/a/aa/Majorette_Fiat_127_%28red%2C_3SS_wheels%29.jpg/revision/latest?cb=20200824125321;203_2.jpg
204;Dodge Pompier;Dodge;Majorette Mainline;1974;1974;red;1:64;Year Lists;List_of_1974_Majorette;https://static.wikia.nocookie.net/majorette_model_cars/images/d/dc/Majorette_Dodge_Pompier_%28red%2C_3S_wheels%29.jpg/revision/latest?cb=20200531153859;204.jpg
210;Volkswagen K70;Volkswagen;Majorette Mainline;1973;1974;blue;1:64;Year Lists;List_of_1974_Majorette;https://static.wikia.nocookie.net/majorette_model_cars/images/1/10/Majorette_Volkswagen_K70_%28metallic_blue%29.jpg/revision/latest?cb=20200714183336;210_1.jpg
219;Matra Simca Bagheera;Matra;Majorette Mainline;1974;1974;yellow;1:64;Year Lists;List_of_1974_Majorette;https://static.wikia.nocookie.net/majorette_model_cars/images/b/b2/Matra_Simca_Bagheera_%28yellow%29_1974.jpg/revision/latest?cb=20200929152828;219.jpg
221;Citroën GS Camargue;Citroën;Majorette Mainline;1974;1974;red;1:64;Year Lists;List_of_1974_Majorette;https://static.wikia.nocookie.net/majorette_model_cars/images/4/49/GS_Camargue_%28red%2C_green_base%29.jpg/revision/latest?cb=20200702190645;221_1.jpg
232;Porsche Le Mans;Porsche;Majorette Mainline;1969;1974;red;1:64;Year Lists;List_of_1974_Majorette;https://static.wikia.nocookie.net/majorette_model_cars/images/5/55/Porsche_le_mans_%28yellow%2C_nuc_wheels%29.jpg/revision/latest?cb=20200605100744;232_3.jpg
235;BMW 3.0 CSI;BMW;Majorette Mainline;1973;1974;yellow;1:64;Year Lists;List_of_1974_Majorette;https://static.wikia.nocookie.net/majorette_model_cars/images/8/82/BMW_3.0_CSI_%28yellow%2C_%2C_amber_windows%2C_5BL%29_1974.jpg/revision/latest?cb=20200830193223;235_1.jpg
236;Bernard Chalet Truck;Bernard;Majorette Mainline;1973;1974;red;1:64 / 1:87;Year Lists;List_of_1974_Majorette;https://static.wikia.nocookie.net/majorette_model_cars/images/c/cb/Bernard_Chalet_Truck_%28red%2C_white_interior%29.jpg/revision/latest?cb=20201017202316;236_1.jpg
250;Citroën SM Maserati;Citroën;Majorette Mainline;1971;1974;red;1:64;Year Lists;List_of_1974_Majorette;https://static.wikia.nocookie.net/majorette_model_cars/images/b/b5/Citro%C3%ABn_SM_Maserati_%282%29.jpg/revision/latest?cb=20210405110611;250_2.jpg
257;Renault 5;Renault;Majorette Mainline;1973;1974;blue;1:64;Year Lists;List_of_1974_Majorette;https://static.wikia.nocookie.net/majorette_model_cars/images/1/10/Majorette_Renault_5_%28blue%2C_5BL%29.jpg/revision/latest?cb=20200714122318;257_1.jpg
260;Renault 17 TS;Renault;Majorette Mainline;1973;1974;yellow;1:64;Year Lists;List_of_1974_Majorette;https://static.wikia.nocookie.net/majorette_model_cars/images/9/97/Majorette_renault_17_TS_%28yellow%2C_5BL%29.jpg/revision/latest?cb=20201211184457;260_1.jpg
203;Fiat 127;Fiat;Majorette Mainline;1972;1975;metallic red;1:64;Year Lists;List_of_1975_Majorette;https://static.wikia.nocookie.net/majorette_model_cars/images/8/88/Majorette_Fiat_127_%28metallic_dark_red%2C_clear_windows%2C_3SS_wheels%29.jpg/revision/latest?cb=20200824125449;203_3.jpg
213;Mercedes-Benz 350 SL;Mercedes-Benz;Majorette Mainline;1975;1975;white;1:64;Year Lists;List_of_1975_Majorette;https://static.wikia.nocookie.net/majorette_model_cars/images/7/73/Majorette_Mercedes-Benz_350_SL_%28white%2C_5BL_wheels%2C_red_interior%29.jpg/revision/latest?cb=20210911154313;213.jpg
219;Matra Simca Bagheera;Matra;Majorette Mainline;1974;1975;green;1:64;Year Lists;List_of_1975_Majorette;https://static.wikia.nocookie.net/majorette_model_cars/images/8/8b/Matra_Simca_Bagheera_%28green%2C_amber_windows%2C_3S%29_1975.jpg/revision/latest?cb=20210121143847;219_1.jpg
222;Scania LS 140 Multi Benne;Scania;Majorette Mainline;1975;1975;orange;1:64;Year Lists;List_of_1975_Majorette;https://static.wikia.nocookie.net/majorette_model_cars/images/d/d5/Majorette_Scania_140_LS_Multibenne_%28orange%2C_grey_interior%2C_NUC-NUCS_wheels%29.jpg/revision/latest?cb=20210409164749;222.jpg
230;Renault 4 L;Renault;Majorette Mainline;1975;1975;yellow;1:64;Year Lists;List_of_1975_Majorette;https://static.wikia.nocookie.net/majorette_model_cars/images/7/78/Majorette_Renault_4_L_%28yellow%2C_PTT_logo%2C_yellow_windows%2C_NUC_wheels%29.jpg/revision/latest?cb=20210409140843;230.jpg
234;Simca 1100 TI;Simca;Majorette Mainline;1975;1975;metallic blue;1:64;Year Lists;List_of_1975_Majorette;https://static.wikia.nocookie.net/majorette_model_cars/images/7/72/Majorette_Simca_1100_TI_%28metallic_blue%2C_NUCS_wheels%29.jpg/revision/latest?cb=20200714084741;234.jpg
236;Saviem SM 280 (Chalet);Saviem;Majorette Mainline;1975;1975;blue;1:64;Year Lists;List_of_1975_Majorette;https://static.wikia.nocookie.net/majorette_model_cars/images/1/1b/Majorette_Saviem_SM_280_%28Chalet%29_%28blue%2C_3S_wheels%29.jpg/revision/latest?cb=20201016224222;236_2.jpg
239;Matra Simca 670;Matra;Majorette Mainline;1975;1975;blue;1:64;Year Lists;List_of_1975_Majorette;https://static.wikia.nocookie.net/majorette_model_cars/images/c/cf/Majorette_Matra_Simca_670_%28blue%29.jpg/revision/latest?cb=20210718172110;239_2.jpg
245;Saviem SM Europe Tanker;Saviem;Majorette Mainline;1975;1975;red;1:64;Year Lists;List_of_1975_Majorette;https://static.wikia.nocookie.net/majorette_model_cars/images/5/5c/Majorette_Saviem_SM_Europe_Tanker_%28red%2C_shell%2C_black_base%29.jpg/revision/latest?cb=20201211141541;245_1.jpg
364;Bernard Semi Tank Truck;Bernard;Majorette Mainline;1975;1975;;1:64 / 1:87;Year Lists;List_of_1975_Majorette;https://static.wikia.nocookie.net/majorette_model_cars/images/a/a0/Bernard_Semi_Tank_Truck_%28red%2C_esso%29.jpg/revision/latest?cb=20210911153057;364.jpg
203;Fiat 127;Fiat;Majorette Mainline;1972;1976;Metallic green;1:64;Year Lists;List_of_1976_Majorette;https://static.wikia.nocookie.net/majorette_model_cars/images/5/51/Majorette_Fiat_127_%28metallic_light_green%2C_NUCS_wheels%29.jpg/revision/latest?cb=20200824125541;203_4.jpg
205;Scania LS 140 Dump Truck;Scania;Majorette Mainline;1976;1976;red;1:64 / 1:87;Year Lists;List_of_1976_Majorette;https://static.wikia.nocookie.net/majorette_model_cars/images/c/c1/Majorette_Scania_LS_140_Dump_Truck_%28red%2C_yellow_tipper%29.jpg/revision/latest?cb=20200717132932;205.jpg
213;Mercedes-Benz 350 SL;Mercedes-Benz;Majorette Mainline;1975;1976;yellow;1:64;Year Lists;List_of_1976_Majorette;https://static.wikia.nocookie.net/majorette_model_cars/images/c/c0/Majorette_Mercedes-Benz_350_SL_%28yellow%2C_red_interior%2C_3S_wheels%29.jpg/revision/latest?cb=20210911154359;213_1.jpg
214;Saviem SM Europe Container;Saviem;Majorette Mainline;1976;1976;red;1:64;Year Lists;List_of_1976_Majorette;https://static.wikia.nocookie.net/majorette_model_cars/images/f/fb/Majorette_Saviem_SM_Europe_Container_%28red%2C_grey_interior%2C_majorette_container%2C_NUC-3S%29.jpg/revision/latest?cb=20201211164713;214.jpg
215;Mercedes-Benz Unimog Forklift;Mercedes-Benz;Majorette Mainline;1976;1976;Red;1:64;Year Lists;List_of_1976_Majorette;https://static.wikia.nocookie.net/majorette_model_cars/images/b/b3/Majorette_Mercedes-Benz_Unimog_Forklift_Truck_%28red%29.jpg/revision/latest?cb=20200531154710;215.jpg
217;Turbo BMW;BMW;Majorette Mainline;1976;1976;Red;1:64;Year Lists;List_of_1976_Majorette;https://static.wikia.nocookie.net/majorette_model_cars/images/d/d5/Turbo_BMW_%28red%2C_black_doors%2C_3S%29.jpg/revision/latest?cb=20200614170244;217.jpg
220;Volvo 245 DL;Volvo;Majorette Mainline;1976;1976;bronze;1:64;Year Lists;List_of_1976_Majorette;https://static.wikia.nocookie.net/majorette_model_cars/images/3/39/Volvo_245_DL_%28bronz%2C_NUC%29_1976.jpg/revision/latest?cb=20200712170340;220.jpg
221;Citroën GS Camargue;Citroën;Majorette Mainline;1974;1976;red;1:64;Year Lists;List_of_1976_Majorette;https://static.wikia.nocookie.net/majorette_model_cars/images/c/c2/Citro%C3%ABn_GS_Camargue_%28red%2C_yellow_base%29.jpg/revision/latest?cb=20200702183220;221_2.jpg
226;Volkswagen T2 Fourgon;Volkswagen;Majorette Mainline;1976;1976;red;1:64;Year Lists;List_of_1976_Majorette;https://static.wikia.nocookie.net/majorette_model_cars/images/5/5f/Majorette_Fourgon_VW_%28red%2C_cafe_hag%29.jpg/revision/latest?cb=20220731131711;226_1.jpg
229;Datsun 260 Z;Datsun;Majorette Mainline;1976;1976;metallic light blue;1:64;Year Lists;List_of_1976_Majorette;https://static.wikia.nocookie.net/majorette_model_cars/images/d/df/Datsun_260_Z_%28blue%2C_5BL%29.jpg/revision/latest?cb=20200712182358;229_1.jpg
231;Citroën Dyane Raid;Citroën;Majorette Mainline;1976;1976;orange;1:64;Year Lists;List_of_1976_Majorette;https://static.wikia.nocookie.net/majorette_model_cars/images/2/2a/Citro%C3%ABn_Dyane_raid_%28orange%2C_11%2C_5BL%29%29.jpg/revision/latest?cb=20201117163420;231.jpg
241;Saviem SM Europe Covered Truck;Saviem;Majorette Mainline;1976;1976;red;1:64 / 1:87;Year Lists;List_of_1976_Majorette;https://static.wikia.nocookie.net/majorette_model_cars/images/6/67/Majorette_Saviem_SM_Europe_Covered_Truck_%28red%2C_white_tarpaulin_majorette_metal%2C_NUCS-NUC_wheels%29.jpg/revision/latest?cb=20201211151415;241_1.jpg
244;Volkswagen T2 Ambulance/Police;Volkswagen;Majorette Mainline;1973;1976;white;1:64;Year Lists;List_of_1976_Majorette;https://static.wikia.nocookie.net/majorette_model_cars/images/6/64/Volkswagen_T2_Ambulnace_%28white%2C_3S%29_1976.jpg/revision/latest?cb=20220731193854;244_1.jpg
257;Renault 5;Renault;Majorette Mainline;1973;1976;yellow;1:64;Year Lists;List_of_1976_Majorette;https://static.wikia.nocookie.net/majorette_model_cars/images/9/9d/Majorette_Renault_5_%28yellow%2C_3SS%29.jpg/revision/latest?cb=20200714122918;257_2.jpg
260;Renault 17 TS;Renault;Majorette Mainline;1973;1976;orange;1:64;Year Lists;List_of_1976_Majorette;https://static.wikia.nocookie.net/majorette_model_cars/images/6/65/Majorette_renault_17_TS_%28orange%2C_5BL%29.jpg/revision/latest?cb=20201211195842;260_2.jpg
201 (368);Caravane St-Tropez;Majorette;Majorette Mainline;1977;1977;white;1:64;Year Lists;List_of_1977_Majorette;https://static.wikia.nocookie.net/majorette_model_cars/images/5/50/Caravane_St_Tropez_%28white%2C_sticker_sea_windsurfing%29_1977.jpg/revision/latest?cb=20210312231839;201_(368).jpg
205;Scania LS 140 Dump Truck;Scania;Majorette Mainline;1976;1977;yellow;1:64 / 1:87;Year Lists;List_of_1977_Majorette;https://static.wikia.nocookie.net/majorette_model_cars/images/8/88/Majorette_Scania_LS_140_Dump_Truck_%28yellow%2C_red_dump%29.jpg/revision/latest?cb=20200717133548;205_1.jpg
213;Mercedes-Benz 350 SL;Mercedes-Benz;Majorette Mainline;1975;1977;white;1:64;Year Lists;List_of_1977_Majorette;https://static.wikia.nocookie.net/majorette_model_cars/images/9/9d/Majorette_Mercedes-Benz_350_SL_%28white_black_interior%2C_NUC_wheels%29.jpg/revision/latest?cb=20200724201812;213_2.jpg
224;Mercedes-Benz Unimog Snow plow;Mercedes-Benz;Majorette Mainline;1977;1977;green;1:64;Year Lists;List_of_1977_Majorette;https://static.wikia.nocookie.net/majorette_model_cars/images/8/8f/Mercedes-Benz_unimog_snowplow_%281977%2C_green%2C_4V_wheels%2C_yellow_windows%29.jpg/revision/latest?cb=20200703150927;224.jpg
227;Magirus Beton;Magirus;Majorette Mainline;1977;1977;red;1:64;Year Lists;List_of_1977_Majorette;https://static.wikia.nocookie.net/majorette_model_cars/images/1/16/Magirus_Concrete_Mixer_%28red%2C_orange_base%2C_orange_yellow_mixer%29.jpg/revision/latest?cb=20230830194429;227_1.jpg
229;Datsun 260 Z;Datsun;Majorette Mainline;1976;1977;metallic light blue;1:64;Year Lists;List_of_1977_Majorette;https://static.wikia.nocookie.net/majorette_model_cars/images/b/bf/Datsun_260_Z_%28blue%2C_3S%29.jpg/revision/latest?cb=20200712182922;229_2.jpg
232;Ferrari 312 T2;Ferrari;Majorette Mainline;1977;1977;red;1:64;Year Lists;List_of_1977_Majorette;https://static.wikia.nocookie.net/majorette_model_cars/images/5/56/Majorette_Ferrari_312_T2_%28red%29.jpg/revision/latest?cb=20211022101130;232_4.jpg
236;Saviem SM 280 (Chalet);Saviem;Majorette Mainline;1975;1977;blue;1:64;Year Lists;List_of_1977_Majorette;https://static.wikia.nocookie.net/majorette_model_cars/images/6/66/Majorette_Saviem_SM_280_%28Chalet%29_%28blue%2C_NUC_wheels%29.jpg/revision/latest?cb=20201016220941;236_3.jpg
238;Peugeot 604;Peugeot;Majorette Mainline;1977;1977;green;1:64;Year Lists;List_of_1977_Majorette;https://static.wikia.nocookie.net/majorette_model_cars/images/3/38/Peugeot_604_%28green%2C_3S%29.jpg/revision/latest?cb=20200719114314;238.jpg
240;Simca 1308;Simca;Majorette Mainline;1977;1977;brown metallic;1:64;Year Lists;List_of_1977_Majorette;https://static.wikia.nocookie.net/majorette_model_cars/images/d/dd/Simca_1308_brown_metallic_240.jpg/revision/latest?cb=20200606094839;240.jpg
243;Shadow DN5;Formula 1;Majorette Mainline;1977;1977;blue;1:64;Year Lists;List_of_1977_Majorette;https://static.wikia.nocookie.net/majorette_model_cars/images/7/7c/Majorette_F1_Shadow_DN5_%281977%29.jpg/revision/latest?cb=20200809181640;243.jpg
368;Simca 1100 TI;Simca;Majorette Mainline;1977;1977;;1:64;Year Lists;List_of_1977_Majorette;https://static.wikia.nocookie.net/majorette_model_cars/images/6/6b/Simca_1100_TI_%2B_Caravane_St_Tropez_%28blue%29_1977.jpg/revision/latest?cb=20210312232230;368.jpg
370;Caravane Residentielle;Majorette;Majorette Mainline;1977;1977;;1:64;Year Lists;List_of_1977_Majorette;https://static.wikia.nocookie.net/majorette_model_cars/images/e/eb/Majorette_Caravane_Residentiele_%28white%29.jpg/revision/latest?cb=20210313110045;370.jpg
373;Neoplan Autocar Jetliner;Majorette;Majorette Mainline;1977;1977;;1:64;Year Lists;List_of_1977_Majorette;https://static.wikia.nocookie.net/majorette_model_cars/images/2/28/Bus_neoplan_Jetliner_%28yellow%2C_Frankfurt%2C_Bern_Roma%2C_3S%29.jpg/revision/latest?cb=20210609141243;373.jpg
206;Citroën DS 21 Ambulance;Citroën;Majorette Mainline;1973;1978;white;1:64;Year Lists;List_of_1978_Majorette;https://static.wikia.nocookie.net/majorette_model_cars/images/7/78/Citro%C3%ABn_DS_21_Ambulance_%28blue_windows%2C_white_back_door%29.jpg/revision/latest?cb=20210521154110;206_2.jpg
210;Volkswagen Golf (Mk I);Volkswagen;Majorette Mainline;1978;1978;red;1:64;Year Lists;List_of_1978_Majorette;https://static.wikia.nocookie.net/majorette_model_cars/images/e/ed/VW_golf_%28red%2C_white_golf_on_front_door%29.jpg/revision/latest?cb=20210221162503;210_2.jpg
218;Mercedes-Benz NG Garbage Truck;Mercedes-Benz;Majorette Mainline;1978;1978;red;1:64 / 1:87;Year Lists;List_of_1978_Majorette;https://static.wikia.nocookie.net/majorette_model_cars/images/0/0d/Mercedes-Benz_NG_Garbage_truck_%28red%2C_1978%29.jpg/revision/latest?cb=20200703131248;218.jpg
229;Datsun 260 Z;Datsun;Majorette Mainline;1976;1978;blue;1:64;Year Lists;List_of_1978_Majorette;https://static.wikia.nocookie.net/majorette_model_cars/images/0/03/Datsun_260_Z_%28blue%2C_3S%29_1978.jpg/revision/latest?cb=20200712183322;229_3.jpg
233;Mercedes TraX Publics;Mercedes-Benz;Majorette Mainline;1978;1978;yellow;1:64;Year Lists;List_of_1978_Majorette;https://static.wikia.nocookie.net/majorette_model_cars/images/4/46/Mercedes_Trax_Publics_%28yellow%2C_red_tarpaulin%29.jpg/revision/latest?cb=20201216141723;233.jpg
238;Peugeot 604;Peugeot;Majorette Mainline;1977;1978;red;1:64;Year Lists;List_of_1978_Majorette;https://static.wikia.nocookie.net/majorette_model_cars/images/1/12/Majorette_Peugeot_604_%28metallic_dark_red%2C_3S_wheels%29.jpg/revision/latest?cb=20200719105121;238_1.jpg
240;Simca 1308;Simca;Majorette Mainline;1977;1978;orange;1:64;Year Lists;List_of_1978_Majorette;https://static.wikia.nocookie.net/majorette_model_cars/images/4/4c/Simca_1308_%28orange%2C_3S%29_1978.jpg/revision/latest?cb=20200710235135;240_1.jpg
246;Range Rover Rescue Unit;Land Rover;Majorette Mainline;1978;1978;red;1:64;Year Lists;List_of_1978_Majorette;https://static.wikia.nocookie.net/majorette_model_cars/images/f/fb/Majorette_Range_Rover_Rescue_Unit_%28red%2C_blue_windows%2C_blue_units%29.jpg/revision/latest?cb=20201120130411;246.jpg
247;Porsche 924;Porsche;Majorette Mainline;1978;1978;metallic silver;1:64;Year Lists;List_of_1978_Majorette;https://static.wikia.nocookie.net/majorette_model_cars/images/3/33/Majorette_Porsche_924_%28silver%2C_3S_tires%29.jpg/revision/latest?cb=20200901200622;247.jpg
249;Mercedes-Benz 450 SE;Mercedes-Benz;Majorette Mainline;1978;1978;silver blue;1:64;Year Lists;List_of_1978_Majorette;https://static.wikia.nocookie.net/majorette_model_cars/images/e/ef/Mercedes-Benz_450_SE_%28silver_blue%29_1978.jpg/revision/latest?cb=20210611133856;249.jpg
251;Ford Capri;Ford;Majorette Mainline;1978;1978;Green;1:64;Year Lists;List_of_1978_Majorette;https://static.wikia.nocookie.net/majorette_model_cars/images/f/fe/Ford_capri_%28green%2C_black_roof%29.jpg/revision/latest?cb=20200604182902;251.jpg
252;Magirus Tipper Truck;Magirus;Majorette Mainline;1978;1978;yellow;1:64 / 1:87;Year Lists;List_of_1978_Majorette;https://static.wikia.nocookie.net/majorette_model_cars/images/d/db/Majorette_Magirus_Tipper_Truck_%28yellow%2C_red_tipper%2C_NUC_wheels%29.jpg/revision/latest?cb=20200717155848;252.jpg
254;Mercedes-Benz Animal Truck;Mercedes-Benz;Majorette Mainline;1978;1978;yellow;1:64 / 1:87;Year Lists;List_of_1978_Majorette;https://static.wikia.nocookie.net/majorette_model_cars/images/3/31/Mercedes-Benz_Animal_Truck_%28yellow_brown%2C_NUC_wheels%29.jpg/revision/latest?cb=20201118162527;254.jpg
260;Renault 17 TS;Renault;Majorette Mainline;1973;1978;orange;1:64;Year Lists;List_of_1978_Majorette;https://static.wikia.nocookie.net/majorette_model_cars/images/5/5d/Majorette_Renault_17_TS_%28Exhaust_Pipes_version%29_%28orange%2C_no_deco%2C_5SL_wheels%29.jpg/revision/latest?cb=20201211140428;260_3.jpg
321;Mercedes TraX Publics;Mercedes-Benz;Majorette Mainline;1978;1978;;1:64;Year Lists;List_of_1978_Majorette;https://static.wikia.nocookie.net/majorette_model_cars/images/1/1d/Mercedes_Trax_Publics_%28yellow%2C_red_tarpaulin%2C_yellow_work_cab%29.jpg/revision/latest?cb=20201216142906;321.jpg
364;Mercedes Semi Tank Truck;Mercedes-Benz;Majorette Mainline;1975;1978;;1:64 / 1:87;Year Lists;List_of_1978_Majorette;https://static.wikia.nocookie.net/majorette_model_cars/images/f/f0/Majorette_Mercedes_Semi_Tank_Truck_%28red%2C_shell%29.jpg/revision/latest?cb=20210911161243;364_1.jpg
375;Volvo 245 DL;Volvo;Majorette Mainline;1978;1978;;1:64;Year Lists;List_of_1978_Majorette;https://static.wikia.nocookie.net/majorette_model_cars/images/7/78/Volvo_245_DL_%2B_Horse_trailer_%281978%29.jpg/revision/latest?cb=20210619124626;375.jpg
376;Range Rover Rescue Unit;Land Rover;Majorette Mainline;1978;1978;;1:64;Year Lists;List_of_1978_Majorette;https://static.wikia.nocookie.net/majorette_model_cars/images/1/18/Range_Rover_Rescue_Unit_%2B_Reservoir_%281978%29.jpg/revision/latest?cb=20210922110403;376.jpg
377;Magirus Semi Benne-Carriere;Magirus;Majorette Mainline;1978;1978;;1:64;Year Lists;List_of_1978_Majorette;https://static.wikia.nocookie.net/majorette_model_cars/images/9/9a/Majorette_Magirus_Semi_Benne-Carriere_%28red%29.jpg/revision/latest?cb=20210910193833;377.jpg
378;Mercedes-Benz 450 SE;Mercedes-Benz;Majorette Mainline;1978;1978;;1:64;Year Lists;List_of_1978_Majorette;https://static.wikia.nocookie.net/majorette_model_cars/images/a/a5/Mercedes-Benz_450_SE_%2B_trailer_motorcycles_%281978%29.jpg/revision/latest?cb=20210611134705;378.jpg
201 (368);Caravane St-Tropez;Majorette;Majorette Mainline;1977;1979;white;1:64;Year Lists;List_of_1979_Majorette;https://static.wikia.nocookie.net/majorette_model_cars/images/8/80/Majorette_Caravane_St_Tropez_%28white%2C_music_pop%29.jpg/revision/latest?cb=20210312234402;201_(368)_1.jpg
205;Scania LS 140 Dump Truck;Scania;Majorette Mainline;1976;1979;orange;1:64 / 1:87;Year Lists;List_of_1979_Majorette;https://static.wikia.nocookie.net/majorette_model_cars/images/1/1a/Majorette_Scania_LS_140_Dump_Truck_%28orange%2C_24%29.jpg/revision/latest?cb=20200717133200;205_2.jpg
206;Citroën DS 21 Ambulance;Citroën;Majorette Mainline;1973;1979;white;1:64;Year Lists;List_of_1979_Majorette;https://static.wikia.nocookie.net/majorette_model_cars/images/9/9a/Majorette_Citro%C3%ABn_DS_21_Ambulance_%28white%2C_blue_windows%29.jpg/revision/latest?cb=20210531122204;206_3.jpg
213;Mercedes-Benz 350 SL;Mercedes-Benz;Majorette Mainline;1975;1979;silver;1:64;Year Lists;List_of_1979_Majorette;https://static.wikia.nocookie.net/majorette_model_cars/images/b/b3/Majorette_Mercedes-Benz_350_SL_%28metallic_silver%2C_red_stripes_on_sides%2C_green_interior%2C_NUC_wheels%29.jpg/revision/latest?cb=20210911154603;213_3.jpg
214;Saviem SM Europe Container;Saviem;Majorette Mainline;1976;1979;white;1:64;Year Lists;List_of_1979_Majorette;https://static.wikia.nocookie.net/majorette_model_cars/images/7/7f/Majorette_Saviem_SM_Europe_Container_%28white%2C_pepsi%2C_NUC%29.jpg/revision/latest?cb=20201211171616;214_1.jpg
215;Mercedes-Benz Unimog Forklift;Mercedes-Benz;Majorette Mainline;1976;1979;white;1:64;Year Lists;List_of_1979_Majorette;https://static.wikia.nocookie.net/majorette_model_cars/images/c/c4/Majorette_Mercedes-Benz_Unimog_Forklift_Truck_%28white%2C_yellow_fork%29.jpg/revision/latest?cb=20200531154711;215_1.jpg
216;Plymouth Fury Police Car;Plymouth;Majorette Mainline;1973;1979;yellow;1:64;Year Lists;List_of_1979_Majorette;https://static.wikia.nocookie.net/majorette_model_cars/images/f/f8/Plymouth_Fury_Police_car_%28yellow%2C_NUC%29.jpg/revision/latest?cb=20201111144953;216_1.jpg
217;Turbo BMW;BMW;Majorette Mainline;1976;1979;silver;1:64;Year Lists;List_of_1979_Majorette;https://static.wikia.nocookie.net/majorette_model_cars/images/c/c6/Turbo_BMW_%28silver%2C_black_doors%2C_tampo_24%2C_3S%29.jpg/revision/latest?cb=20210909143111;217_1.jpg
218;Mercedes-Benz NG Garbage Truck;Mercedes-Benz;Majorette Mainline;1978;1979;orange;1:64 / 1:87;Year Lists;List_of_1979_Majorette;https://static.wikia.nocookie.net/majorette_model_cars/images/9/9f/Majorette_Mercedes-Benz_NG_Garbage_Truck_%28orange%2C_ville_de_paris%2C_NUCS-NUC_wheels%29.jpg/revision/latest?cb=20200531154703;218_1.jpg
219;Matra Simca Bagheera;Matra;Majorette Mainline;1974;1979;white;1:64;Year Lists;List_of_1979_Majorette;https://static.wikia.nocookie.net/majorette_model_cars/images/1/1c/Matra_Simca_Bagheera_%28white%2C_clear_windows%2C_red_interior%2C_3S%29.jpg/revision/latest?cb=20200929164306;219_2.jpg
220;Volvo 245 DL;Volvo;Majorette Mainline;1976;1979;brown;1:64;Year Lists;List_of_1979_Majorette;https://static.wikia.nocookie.net/majorette_model_cars/images/a/ac/Majorette_Volvo_245_DL_%28brown%2C_touring_club_de_franceon_sides%2C_tcf_on_roof%2C_3S_wheels%29.jpg/revision/latest?cb=20200712154546;220_1.jpg
221;Citroën GS Camargue;Citroën;Majorette Mainline;1974;1979;blue;1:64;Year Lists;List_of_1979_Majorette;https://static.wikia.nocookie.net/majorette_model_cars/images/a/a8/GS_Camargue_%28blue%2C_english_flag%29.jpg/revision/latest?cb=20200702185058;221_3.jpg
222;Scania LS 140 Multi Benne;Scania;Majorette Mainline;1975;1979;orange;1:64;Year Lists;List_of_1979_Majorette;https://static.wikia.nocookie.net/majorette_model_cars/images/0/06/Majorette_Scania_LS_140_Multi_Benne_%28orange%2C_black_interior%2C_NUC-NUCS_wheels%29.jpg/revision/latest?cb=20210409175828;222_1.jpg
224;Mercedes-Benz Unimog Snow plow;Mercedes-Benz;Majorette Mainline;1977;1979;orange;1:64;Year Lists;List_of_1979_Majorette;https://static.wikia.nocookie.net/majorette_model_cars/images/a/aa/Mercedes-Benz_unimog_snowplow_%281979%2C_orange%2C_blue_windows%29.jpg/revision/latest?cb=20200703151842;224_1.jpg
226;Volkswagen T2 Fourgon;Volkswagen;Majorette Mainline;1976;1979;orange;1:64;Year Lists;List_of_1979_Majorette;https://static.wikia.nocookie.net/majorette_model_cars/images/7/71/Volkswagen_T2_%28orange%2C_SERVICE_AUTOROUTE%2C_S3%29.jpg/revision/latest?cb=20220801191929;226_2.jpg
227;Magirus Beton;Magirus;Majorette Mainline;1977;1979;red;1:64;Year Lists;List_of_1979_Majorette;https://static.wikia.nocookie.net/majorette_model_cars/images/7/7c/Magirus_Concrete_Mixer_%28red%2C_orange_base%2C_blue_mixer%29.jpg/revision/latest?cb=20230830185524;227_2.jpg
229;Datsun 260 Z;Datsun;Majorette Mainline;1976;1979;white;1:64;Year Lists;List_of_1979_Majorette;https://static.wikia.nocookie.net/majorette_model_cars/images/9/99/Majorette_Datsun_260_Z_%28white%2C_sos_doktor%2C_light_green_windows%2C_3S_wheels%29.jpg/revision/latest?cb=20220512193951;229_4.jpg
230;Renault 4 L;Renault;Majorette Mainline;1975;1979;yellow;1:64;Year Lists;List_of_1979_Majorette;https://static.wikia.nocookie.net/majorette_model_cars/images/f/f6/Majorette_Renault_4_L_%28yellow%2C_renault_logo%2C_3S_wheels%29.jpg/revision/latest?cb=20220724163627;230_1.jpg
231;Citroën Dyane Raid;Citroën;Majorette Mainline;1976;1979;white;1:64;Year Lists;List_of_1979_Majorette;https://static.wikia.nocookie.net/majorette_model_cars/images/4/49/Citro%C3%ABn_Dyane_raid_%28white%2C_red_3S_wheels%29.jpg/revision/latest?cb=20201117140432;231_1.jpg
233;Mercedes TraX Publics;Mercedes-Benz;Majorette Mainline;1978;1979;orange;1:64;Year Lists;List_of_1979_Majorette;https://static.wikia.nocookie.net/majorette_model_cars/images/3/31/Mercedes_Trax_Publics_%28orange%2C_yellow_windows%2C_blue_tarpaulin%2C_NUC%2C%29_1978.jpg/revision/latest?cb=20201216134540;233_1.jpg
234;Simca 1100 TI;Simca;Majorette Mainline;1975;1979;black;1:64;Year Lists;List_of_1979_Majorette;https://static.wikia.nocookie.net/majorette_model_cars/images/6/61/Majorette_Simca_1100_TI_%28black%2C_police%2C_NUCS_wheels%29.jpg/revision/latest?cb=20200714085401;234_1.jpg
238;Peugeot 604;Peugeot;Majorette Mainline;1977;1979;blue;1:64;Year Lists;List_of_1979_Majorette;https://static.wikia.nocookie.net/majorette_model_cars/images/a/a1/Majorette_Peugeot_604_%28blue%2C_white_stripes%2C_3S_wheels%29.jpg/revision/latest?cb=20200719105349;238_2.jpg
240;Simca 1308;Simca;Majorette Mainline;1977;1979;silver;1:64;Year Lists;List_of_1979_Majorette;https://static.wikia.nocookie.net/majorette_model_cars/images/b/bb/Simca_1308_%28silver%2C_3S%29_1979.jpg/revision/latest?cb=20200711000005;240_2.jpg
241;Saviem SM Europe Covered Truck;Saviem;Majorette Mainline;1976;1979;blue;1:64 / 1:87;Year Lists;List_of_1979_Majorette;https://static.wikia.nocookie.net/majorette_model_cars/images/3/30/Majorette_Saviem_SM_Europe_Covered_Truck_%28metallic_blue%2C_sernam%2C_NUCS-NUC_wheels%29.jpg/revision/latest?cb=20201211151529;241_2.jpg
244;Volkswagen T2 Ambulance/Police;Volkswagen;Majorette Mainline;1973;1979;blue;1:64;Year Lists;List_of_1979_Majorette;https://static.wikia.nocookie.net/majorette_model_cars/images/a/a1/Volkswagen_T2_Police_%28blue%2C_NUC%29_1979.jpg/revision/latest?cb=20220801132901;244_2.jpg
245;Saviem SM Europe Tanker;Saviem;Majorette Mainline;1975;1979;red;1:64;Year Lists;List_of_1979_Majorette;https://static.wikia.nocookie.net/majorette_model_cars/images/2/2c/Majorette_Saviem_SM_Europe_Tanker_%28red%2C_texaco%2C_white_tank%29.jpg/revision/latest?cb=20201211141907;245_2.jpg
249;Mercedes-Benz 450 SE;Mercedes-Benz;Majorette Mainline;1978;1979;metallic silver;1:64;Year Lists;List_of_1979_Majorette;https://static.wikia.nocookie.net/majorette_model_cars/images/d/d2/Majorette_Mercedes-Benz_450_SE_%28silver%2C_orange_interior%29.jpg/revision/latest?cb=20211022091246;249_1.jpg
251;Ford Capri;Ford;Majorette Mainline;1978;1979;orange;1:64;Year Lists;List_of_1979_Majorette;https://static.wikia.nocookie.net/majorette_model_cars/images/0/02/Majorette_Ford_Capri_%28orange%2C_black_stripe%2C_black_roof%2C_yellow_windows%29.jpg/revision/latest?cb=20200531154326;251_1.jpg
252;Magirus Tipper Truck;Magirus;Majorette Mainline;1978;1979;red;1:64 / 1:87;Year Lists;List_of_1979_Majorette;https://static.wikia.nocookie.net/majorette_model_cars/images/b/b2/Majorette_Magirus_Tipper_Truck_%28red%2C_red_tipper%2C_22_service%2C_NUC-NUC_wheels%29.jpg/revision/latest?cb=20200717153516;252_1.jpg
255;Hanomag Bulldozer;Hanomag;Majorette Mainline;1971;1979;yellow;1:64;Year Lists;List_of_1979_Majorette;https://static.wikia.nocookie.net/majorette_model_cars/images/2/2f/Hanomag_Bulldozer_%28red%2C_yellow_base%29%29.jpg/revision/latest?cb=20210409192019;255_2.jpg
256;BMW 733;BMW;Majorette Mainline;1979;1979;light green;1:64;Year Lists;List_of_1979_Majorette;https://static.wikia.nocookie.net/majorette_model_cars/images/b/b2/BMW_733_%28light_green%2C_bmw_logo_on_hood%29_1980.jpg/revision/latest?cb=20200830015122;256.jpg
257;Renault 5;Renault;Majorette Mainline;1973;1979;red;1:64;Year Lists;List_of_1979_Majorette;https://static.wikia.nocookie.net/majorette_model_cars/images/5/56/Majorette_Renault_5_%28red%2C_RTL%2C_NUCS%29.jpg/revision/latest?cb=20200714123508;257_3.jpg
258;Mercedes-Benz T2 Pompier Aéroport;Mercedes-Benz;Majorette Mainline;1979;1979;red;1:64;Year Lists;List_of_1979_Majorette;https://static.wikia.nocookie.net/majorette_model_cars/images/0/0e/No_image.jpg/revision/latest?cb=20200531172448;258.jpg
261;Morgan Plus 8;Morgan;Majorette Mainline;1979;1979;green;1:64;Year Lists;List_of_1979_Majorette;https://static.wikia.nocookie.net/majorette_model_cars/images/4/4a/Morgan_Plus_8_%28green%2C_gray_interior%29_1979.jpg/revision/latest?cb=20200815202716;261.jpg
262;Minibus Airport;Buses;Majorette Mainline;1979;1979;white / red;1:64 / 1:87;Year Lists;List_of_1979_Majorette;https://static.wikia.nocookie.net/majorette_model_cars/images/b/b2/Minibus_%28red_%26_white%2C_japan_air_lines%2C_NUC%29.jpg/revision/latest?cb=20210525121931;262.jpg
263;Tracto (Pelle);Generic;Majorette Mainline;1979;1979;orange;1:64;Year Lists;List_of_1979_Majorette;https://static.wikia.nocookie.net/majorette_model_cars/images/6/65/Majorette_Tracto_%28Pelle%29_%28orange%2C_orange_bucket%2C_black_interior%29.jpg/revision/latest?cb=20210612185937;263.jpg
264;Renault Alpine A310;Alpine;Majorette Mainline;1979;1979;blue;1:64;Year Lists;List_of_1979_Majorette;https://static.wikia.nocookie.net/majorette_model_cars/images/9/93/Renault_Alpine_A310_%28blue%2C_white_print_police_on_sides%2C_yellow_windows%29.jpg/revision/latest?cb=20200710141105;264.jpg
265;Citroën CX;Citroën;Majorette Mainline;1979;1979;red;1:64;Year Lists;List_of_1979_Majorette;https://static.wikia.nocookie.net/majorette_model_cars/images/0/0e/No_image.jpg/revision/latest?cb=20200531172448;258.jpg
266;Renault 18;Renault;Majorette Mainline;1979;1979;yellow;1:64;Year Lists;List_of_1979_Majorette;https://static.wikia.nocookie.net/majorette_model_cars/images/0/0e/No_image.jpg/revision/latest?cb=20200531172448;258.jpg
310;Autobus Saviem;Saviem;Majorette Mainline;1979;1979;;1:64 / 1:87;Year Lists;List_of_1979_Majorette;https://static.wikia.nocookie.net/majorette_model_cars/images/4/4d/Saviem_Autobus_%283S%29.jpg/revision/latest?cb=20210525195258;310.jpg
311;Dodge D Pïck-Up;Dodge;Majorette Mainline;1979;1979;;1:64;Year Lists;List_of_1979_Majorette;https://static.wikia.nocookie.net/majorette_model_cars/images/0/09/Dodge_D_%2B_Horse_Trailer_%28red_yellow%2C_1979%29.jpg/revision/latest?cb=20210619132559;311.jpg
343;Volvo 245 DL;Volvo;Majorette Mainline;1973;1979;;1:64;Year Lists;List_of_1979_Majorette;https://static.wikia.nocookie.net/majorette_model_cars/images/1/1b/Volvo_245_DL_%2B_Inflatable_Boat_Trailer_%281979%29.jpg/revision/latest?cb=20210523111731;343.jpg
364;Mercedes Semi Tank Truck;Mercedes-Benz;Majorette Mainline;1975;1979;;1:64 / 1:87;Year Lists;List_of_1979_Majorette;https://static.wikia.nocookie.net/majorette_model_cars/images/0/01/Majorette_Mercedes_Semi_Tank_Truck_%28red%2C_mobil%29.jpg/revision/latest?cb=20210911162257;364_2.jpg
368;Ford Capri;Ford;Majorette Mainline;1977;1979;;1:64;Year Lists;List_of_1979_Majorette;https://static.wikia.nocookie.net/majorette_model_cars/images/c/cd/Ford_Capri_%2B_St_tropez_%28white%29_1979.jpg/revision/latest?cb=20210312233807;368_1.jpg
370;Caravane Residentielle;Majorette;Majorette Mainline;1977;1979;;1:64;Year Lists;List_of_1979_Majorette;https://static.wikia.nocookie.net/majorette_model_cars/images/f/f9/Majorette_Caravane_Residentiele_%28yellow%2C_Joe_Circus%29_1979.jpg/revision/latest?cb=20210313153532;370_1.jpg
373;Neoplan Autocar Jetliner;Majorette;Majorette Mainline;1977;1979;;1:64;Year Lists;List_of_1979_Majorette;https://static.wikia.nocookie.net/majorette_model_cars/images/1/1a/Autocar_Neoplan_%28red%2C_amber_windows%2C_white_interior%2C_NUC%29_1979.jpg/revision/latest?cb=20210609143853;373_1.jpg
376;Range Rover Rescue Unit;Land Rover;Majorette Mainline;1978;1979;;1:64;Year Lists;List_of_1979_Majorette;https://static.wikia.nocookie.net/majorette_model_cars/images/9/93/Range_Rover_Rescue_Unit_%28blue_windows%29_%2B_Reservoir_%28red%2C_coat_of_arms%29_%281979%29.jpg/revision/latest?cb=20210922112623;376_1.jpg
378;Mercedes-Benz 450 SE;Mercedes-Benz;Majorette Mainline;1978;1979;;1:64;Year Lists;List_of_1979_Majorette;https://static.wikia.nocookie.net/majorette_model_cars/images/f/fe/Mercedes-Benz_450_SE_%2B_Motorcycle_Trailer_1979.jpg/revision/latest?cb=20210611144131;378_1.jpg
379;Magirus Semi Powder Transporter;Magirus;Majorette Mainline;1979;1979;;1:64;Year Lists;List_of_1979_Majorette;https://static.wikia.nocookie.net/majorette_model_cars/images/2/21/Magirus_Semi_Powder_Transporter_%28red%29.jpg/revision/latest?cb=20210910181336;379.jpg
382;Mercedes TraX Publics;Mercedes-Benz;Majorette Mainline;1979;1979;;1:64;Year Lists;List_of_1979_Majorette;https://static.wikia.nocookie.net/majorette_model_cars/images/3/3c/Mercedes_Trax_Publics_%28orange%2C_yellow_windows%2C_blue_tarpaulin%2C_NUC%2C_compresseur%29_1979.jpg/revision/latest?cb=20201216133651;382.jpg
204;Bank Security;Generic;Majorette Mainline;1980;1980;blue gray;1:64;Year Lists;List_of_1980_Majorette;https://static.wikia.nocookie.net/majorette_model_cars/images/f/f1/Majorette_Bank_Security_%28metallic_blue_gray%2C_5RDL_wheels%29.jpg/revision/latest?cb=20200717114945;204_1.jpg
208;Tracteur (1980);Generic;Majorette Mainline;1980;1980;green;1:64;Year Lists;List_of_1980_Majorette;https://static.wikia.nocookie.net/majorette_model_cars/images/4/44/Majorette_Tracteur_%281980%29_%28Blue%2C_white_engine%29.jpg/revision/latest?cb=20200603144216;208_1.jpg
210;Volkswagen Golf (Mk I);Volkswagen;Majorette Mainline;1978;1980;black;1:64;Year Lists;List_of_1980_Majorette;https://static.wikia.nocookie.net/majorette_model_cars/images/8/83/VW_golf_%28black%2C_red_golf_on_back_door%29.jpg/revision/latest?cb=20200615192602;210_3.jpg
211;Tracto (Snow Plow);Generic;Majorette Mainline;1980;1980;red;1:64;Year Lists;List_of_1980_Majorette;https://static.wikia.nocookie.net/majorette_model_cars/images/4/4d/Majorette_Tracto_%28Snow_plow%29_%28red%2C_red_plow%2C_yellow_engine%29.jpg/revision/latest?cb=20210912142714;211.jpg
213;Mercedes-Benz 350 SL;Mercedes-Benz;Majorette Mainline;1975;1980;white;1:64;Year Lists;List_of_1980_Majorette;https://static.wikia.nocookie.net/majorette_model_cars/images/5/53/Majorette_Mercedes-Benz_350_SL_%28metallic_silver%2C_8_team_on_hood%2C_yellow_stripes_on_sides%2C_3S_wheels%29.jpg/revision/latest?cb=20210911154644;213_4.jpg
215;Mercedes-Benz Unimog Forklift;Mercedes-Benz;Majorette Mainline;1976;1980;white;1:64;Year Lists;List_of_1980_Majorette;https://static.wikia.nocookie.net/majorette_model_cars/images/e/e1/Mercedes-Benz_unimog_forklift_truck_%281980%2C_white%2C_red_fork%29.jpg/revision/latest?cb=20200703142300;215_2.jpg
216;Plymouth Fury Police Car;Plymouth;Majorette Mainline;1973;1980;light blue;1:64;Year Lists;List_of_1980_Majorette;https://static.wikia.nocookie.net/majorette_model_cars/images/1/12/Majorette_Plymouth_Fury_Police_Car.jpg/revision/latest?cb=20201111112704;216_2.jpg
219;Matra Simca Bagheera;Matra;Majorette Mainline;1974;1980;blue;1:64;Year Lists;List_of_1980_Majorette;https://static.wikia.nocookie.net/majorette_model_cars/images/2/29/Majorette_Matra_Simca_Bagheera_%28blue%2C_7_kway_group_sportif_paris%2C_total%2C_no_tampo_on_hood%2C_3S_wheels%29.jpg/revision/latest?cb=20200929152152;219_3.jpg
220;Volvo 245 DL;Volvo;Majorette Mainline;1976;1980;white;1:64;Year Lists;List_of_1980_Majorette;https://static.wikia.nocookie.net/majorette_model_cars/images/c/c3/Majorette_Volvo_245_DL_%28white%2C_total_on_hood%2C_officiels_on_sides%2C_3S_wheels%29.jpg/revision/latest?cb=20210611155728;220_2.jpg
221;Citroën GS Camargue;Citroën;Majorette Mainline;1974;1980;white;1:64;Year Lists;List_of_1980_Majorette;https://static.wikia.nocookie.net/majorette_model_cars/images/4/4f/Majorette_GS_Camargue_%28white%2C_holiday_inn_on_sides%2C_logo_on_hood%2C_3S_wheels%29.jpg/revision/latest?cb=20220721133635;221_4.jpg
224;Mercedes-Benz Unimog Snow plow;Mercedes-Benz;Majorette Mainline;1977;1980;red;1:64;Year Lists;List_of_1980_Majorette;https://static.wikia.nocookie.net/majorette_model_cars/images/5/53/Mercedes-Benz_unimog_%28red%2C_blue_windows%2C_red_tarpaulin%29.jpg/revision/latest?cb=20200703153122;224_2.jpg
226;Volkswagen T2 Fourgon;Volkswagen;Majorette Mainline;1976;1980;orange;1:64;Year Lists;List_of_1980_Majorette;https://static.wikia.nocookie.net/majorette_model_cars/images/b/b1/Fourgon_VW_%28orange%2C_SERVICE_AUTOROUTE%2C_NUC%29.jpg/revision/latest?cb=20220801190748;226_3.jpg
229;Datsun 260 Z;Datsun;Majorette Mainline;1976;1980;black;1:64;Year Lists;List_of_1980_Majorette;https://static.wikia.nocookie.net/majorette_model_cars/images/1/1d/Datsun_260_Z_%28black%2C_3S%29_1980.jpg/revision/latest?cb=20200712184656;229_5.jpg
233;Mercedes TraX Publics;Mercedes-Benz;Majorette Mainline;1978;1980;orange;1:64;Year Lists;List_of_1980_Majorette;https://static.wikia.nocookie.net/majorette_model_cars/images/9/96/Majorette_Mercedes_Trax_Public_%28orange%2C_blue_windows%2C_NUCS-NUC_wheels%29.jpg/revision/latest?cb=20201215132836;233_2.jpg
235;Citroën Acadiane;Citroën;Majorette Mainline;1980;1980;blue;1:64;Year Lists;List_of_1980_Majorette;https://static.wikia.nocookie.net/majorette_model_cars/images/b/b1/Majorette_Citro%C3%ABn_Acadiane_%28blue%2C_3S_wheels%29.jpg/revision/latest?cb=20210409121430;235_2.jpg
236;Jeep Cherokee;Jeep;Majorette Mainline;1980;1980;green;1:64;Year Lists;List_of_1980_Majorette;https://static.wikia.nocookie.net/majorette_model_cars/images/7/74/Majorette_Jeep_Cherokee_%28green%2C_green_trunk%2C_5RDL_wheels%29.jpg/revision/latest?cb=20211003102805;236_4.jpg
237;Lamborghini Countach;Lamborghini;Majorette Mainline;1980;1980;blue;1:64;Year Lists;List_of_1980_Majorette;https://static.wikia.nocookie.net/majorette_model_cars/images/6/6c/Lamborghini_Countach_%28bleu%2C_black_countach_on_sides%29.jpg/revision/latest?cb=20220225134846;237.jpg
240;Simca 1308;Simca;Majorette Mainline;1977;1980;silver;1:64;Year Lists;List_of_1980_Majorette;https://static.wikia.nocookie.net/majorette_model_cars/images/2/20/Majorette_Simca_1308_%28silver%2C_yellow_windows%2C_3S_wheels%29.jpg/revision/latest?cb=20210217150225;240_3.jpg
244;Volkswagen T2 Ambulance/Police;Volkswagen;Majorette Mainline;1973;1980;blue;1:64;Year Lists;List_of_1980_Majorette;https://static.wikia.nocookie.net/majorette_model_cars/images/1/13/Volkswagen_T2_Police_%28blue%2C_NUC%29_1980.jpg/revision/latest?cb=20220801134848;244_3.jpg
245;Saviem SM Europe Tanker;Saviem;Majorette Mainline;1975;1980;blue;1:64;Year Lists;List_of_1980_Majorette;https://static.wikia.nocookie.net/majorette_model_cars/images/1/11/Majorette_Saviem_SM_Europe_Tanker_%28blue%2C_aral%29.jpg/revision/latest?cb=20201211141936;245_3.jpg
247;Porsche 924;Porsche;Majorette Mainline;1978;1980;blue;1:64;Year Lists;List_of_1980_Majorette;https://static.wikia.nocookie.net/majorette_model_cars/images/7/77/Majorette_Porsche_924_%28blue%2C_3S_tires%29.jpg/revision/latest?cb=20200901201222;247_1.jpg
251;Ford Capri;Ford;Majorette Mainline;1978;1980;red;1:64;Year Lists;List_of_1980_Majorette;https://static.wikia.nocookie.net/majorette_model_cars/images/6/63/Majorette_Ford_Capri_%28red%2C_white_stripe%2C_white_roof%2C_green_windows%29.jpg/revision/latest?cb=20200531154331;251_2.jpg
257;Renault 5;Renault;Majorette Mainline;1973;1980;silver;1:64;Year Lists;List_of_1980_Majorette;https://static.wikia.nocookie.net/majorette_model_cars/images/4/48/Majorette_Renault_5_%28silver%2C_a5_on_hood%2C_a5_%26_red_stripes_on_sides%2C_3SS_wheels%29.jpg/revision/latest?cb=20200714121446;257_4.jpg
258;Mercedes-Benz T2 Pompier Aéroport;Mercedes-Benz;Majorette Mainline;1979;1980;red;1:64;Year Lists;List_of_1980_Majorette;https://static.wikia.nocookie.net/majorette_model_cars/images/8/8d/Majorette_Mercedes-Benz_T2_Pompier_A%C3%A9roport_%28red%2C_black_water_cannon%2C_3S_wheels%29.jpg/revision/latest?cb=20200531154708;258_1.jpg
261;Morgan Plus 8;Morgan;Majorette Mainline;1979;1980;red;1:64;Year Lists;List_of_1980_Majorette;https://static.wikia.nocookie.net/majorette_model_cars/images/e/e3/Majorette_Morgan_Plus_8_%28red%2C_dark_grey_interior%29%29.jpg/revision/latest?cb=20200815192334;261_1.jpg
262;Minibus Airport;Buses;Majorette Mainline;1979;1980;red / white;1:64 / 1:87;Year Lists;List_of_1980_Majorette;https://static.wikia.nocookie.net/majorette_model_cars/images/9/92/Majorette_Minibus_%28white_red%2C_logo%2C_japan_air_lines%2C_green_windows%2C_NUC_wheels%29.jpg/revision/latest?cb=20210525131117;262_1.jpg
264;Renault Alpine A310;Alpine;Majorette Mainline;1979;1980;white;1:64;Year Lists;List_of_1980_Majorette;https://static.wikia.nocookie.net/majorette_model_cars/images/5/54/Majorette_Alpine_Renault_A310_%28white_S.O.S%29.jpg/revision/latest?cb=20210221150450;264_1.jpg
265;Citroën CX;Citroën;Majorette Mainline;1979;1980;metallic brown;1:64;Year Lists;List_of_1980_Majorette;https://static.wikia.nocookie.net/majorette_model_cars/images/8/86/Majorette_Citro%C3%ABn_CX_%28metallic_brown%29.jpg/revision/latest?cb=20200719132945;265.jpg
266;Renault 18;Renault;Majorette Mainline;1979;1980;yellow;1:64;Year Lists;List_of_1980_Majorette;https://static.wikia.nocookie.net/majorette_model_cars/images/7/7c/Majorette_Renault_18_Taxi_%28yellow%2C_clear_windows%2C_3S_wheels%29.jpg/revision/latest?cb=20210410133337;266.jpg
267;Excalibur;Excalibur;Majorette Mainline;1980;1980;red;1:64;Year Lists;List_of_1980_Majorette;https://static.wikia.nocookie.net/majorette_model_cars/images/c/ce/Majorette_Excalibur_%28white%29.jpg/revision/latest?cb=20210910134330;267.jpg
268;Jeep CJ-7;Jeep;Majorette Mainline;1980;1980;metallic gold;1:64;Year Lists;List_of_1980_Majorette;https://static.wikia.nocookie.net/majorette_model_cars/images/9/9c/Jeep_CJ-7_%28metallic_gold%2C_yellow_cap%2C1980%29.jpg/revision/latest?cb=20200701192558;268.jpg
269;Jeep Cherokee Ambulance;Jeep;Majorette Mainline;1980;1980;white;1:64;Year Lists;List_of_1980_Majorette;https://static.wikia.nocookie.net/majorette_model_cars/images/7/77/Majorette_Jeep_Cherokee_Ambulance_%281980%29_%28white%2C_red_cross%2C_blue_windows%2C_5RDL_wheels%29.jpg/revision/latest?cb=20220611114449;269.jpg
311;Dodge D Pick-Up;Dodge;Majorette Mainline;1979;1980;;1:64;Year Lists;List_of_1980_Majorette;https://static.wikia.nocookie.net/majorette_model_cars/images/0/09/Dodge_D_%2B_Horse_Trailer_%28red_yellow%2C_1979%29.jpg/revision/latest?cb=20210619132559;311.jpg
316;Tracteur (1980);Majorette;Majorette Mainline;1980;1980;;1:64;Year Lists;List_of_1980_Majorette;https://static.wikia.nocookie.net/majorette_model_cars/images/8/85/Tracteur_%281980%29_%2B_dump_Trailer.jpg/revision/latest?cb=20210523185227;316.jpg
318;Jeep CJ-7;Jeep;Majorette Mainline;1980;1980;;1:64;Year Lists;List_of_1980_Majorette;https://static.wikia.nocookie.net/majorette_model_cars/images/4/43/Jeep_CJ-7_%2B_F1_%281980%29.jpg/revision/latest?cb=20210303152440;318.jpg
319;Mercedes Car Carrier;Mercedes-Benz;Majorette Mainline;1980;1980;;1:64;Year Lists;List_of_1980_Majorette;https://static.wikia.nocookie.net/majorette_model_cars/images/c/cd/Mercedes_Car_Transporter_%28blue%29_1980.jpg/revision/latest?cb=20210912154304;319.jpg
343;Mercedes-Benz 450 SE;Mercedes-Benz;Majorette Mainline;1973;1980;;1:64;Year Lists;List_of_1980_Majorette;https://static.wikia.nocookie.net/majorette_model_cars/images/d/d4/Mercedes-Benz_450_SE_%2B_Inflatable_boat_trailer_%281980%29.jpg/revision/latest?cb=20210523155831;343_1.jpg
364;Mercedes Semi Tank Truck;Mercedes-Benz;Majorette Mainline;1975;1980;;1:64 / 1:87;Year Lists;List_of_1980_Majorette;https://static.wikia.nocookie.net/majorette_model_cars/images/d/db/Majorette_Mercedes_Semi_Tank_Truck_%28red%2C_texaco%29.jpg/revision/latest?cb=20210911172936;364_3.jpg
369;Tracteur (1980);Majorette;Majorette Mainline;1980;1980;;1:64;Year Lists;List_of_1980_Majorette;https://static.wikia.nocookie.net/majorette_model_cars/images/f/f0/Tracteur_%281980%29_%2B_Fodder_Trailer.jpg/revision/latest?cb=20210523185301;369.jpg
373;Neoplan Atocar Jetliner;Majorette;Majorette Mainline;1977;1980;;1:64;Year Lists;List_of_1980_Majorette;https://static.wikia.nocookie.net/majorette_model_cars/images/1/1d/Autobus_Neoplan_%28blue%2C_blue_windows%2C_NUC%29_1980.jpg/revision/latest?cb=20210609144712;373_2.jpg
378;Volvo 245 DL;Volvo;Majorette Mainline;1978;1980;;1:64;Year Lists;List_of_1980_Majorette;https://static.wikia.nocookie.net/majorette_model_cars/images/c/c7/Volvo_245DL_%2B_Motorcycle_Trailer_1980.jpg/revision/latest?cb=20210611150359;378_2.jpg
382;Mercedes TraX Publics;Mercedes-Benz;Majorette Mainline;1979;1980;;1:64;Year Lists;List_of_1980_Majorette;https://static.wikia.nocookie.net/majorette_model_cars/images/b/bb/Mercedes_Trax_Publics_%28orange%2C_blue_windows%2C_blue_tarpaulin%2C_3S%2C_compresseur%29_1980.jpg/revision/latest?cb=20201216132949;382_1.jpg
205;Scania LS 140 Tipper Truck;Scania;Majorette Mainline;1981;1981;red;1:64 / 1:87;Year Lists;List_of_1981_Majorette;https://static.wikia.nocookie.net/majorette_model_cars/images/f/fb/Majorette_Scania_LS_140_Tipper_Truck_%28red%2C_silver_tipper%2C_NUC_wheels%29.jpg/revision/latest?cb=20200717150247;205_3.jpg
208;Tracteur (1980);Generic;Majorette Mainline;1980;1981;green;1:64;Year Lists;List_of_1981_Majorette;https://static.wikia.nocookie.net/majorette_model_cars/images/b/b0/Majorette_Tracteur_%281980%29_%28Blue%2C_yellow_engine%29.jpg/revision/latest?cb=20200603145251;208_2.jpg
210;Volkswagen Golf (Mk I);Volkswagen;Majorette Mainline;1978;1981;blue;1:64;Year Lists;List_of_1981_Majorette;https://static.wikia.nocookie.net/majorette_model_cars/images/1/14/Majorette_Volkswagen_Golf_%28Mk_I%29_%28blue%29.jpg/revision/latest?cb=20210221161754;210_4.jpg
211;Tracto (Snow plow);Majorette;Majorette Mainline;1980;1981;red;1:64;Year Lists;List_of_1981_Majorette;https://static.wikia.nocookie.net/majorette_model_cars/images/c/ca/Majorette_Tracto_%28Snow_plow%29_%28red%2C_unpainted_plow%2C_grey_engine%29.jpg/revision/latest?cb=20210912143342;211_1.jpg
217;Turbo BMW;BMW;Majorette Mainline;1976;1981;silver;1:64;Year Lists;List_of_1981_Majorette;https://static.wikia.nocookie.net/majorette_model_cars/images/b/b4/Majorette_Turbo_BMW_%28metallic_silver%2C_cream_interior%2C_24_liege_sofia_liege%29.jpg/revision/latest?cb=20200531155330;217_2.jpg
219;Matra Simca Bagheera;Matra;Majorette Mainline;1974;1981;orange;1:64;Year Lists;List_of_1981_Majorette;https://static.wikia.nocookie.net/majorette_model_cars/images/6/69/Matra_Simca_Bagheera_%28orange%2C_blue_windows%2C_3S%29.jpg/revision/latest?cb=20200929164748;219_4.jpg
220;Volvo 245 DL;Volvo;Majorette Mainline;1976;1981;red;1:64;Year Lists;List_of_1981_Majorette;https://static.wikia.nocookie.net/majorette_model_cars/images/7/7f/Majorette_Volvo_245_DL_%28red%2C_red_interior%2C_clear_windows%2C_NUC_wheels%29.jpg/revision/latest?cb=20200712164142;220_3.jpg
221;Citroën GS Camargue;Citroën;Majorette Mainline;1974;1981;blue;1:64;Year Lists;List_of_1981_Majorette;https://static.wikia.nocookie.net/majorette_model_cars/images/0/01/Majorette_GS_Camargue_%28blue%2C_racing%2C_white_interior%2C_NUC_wheels%29.jpg/revision/latest?cb=20210531122536;221_5.jpg
223;Crazy Car 4x4;Generic (based Talbot);Majorette Mainline;1981;1981;red;1:64;Year Lists;List_of_1981_Majorette;https://static.wikia.nocookie.net/majorette_model_cars/images/5/54/Crazy_car_%28red%2C_black_interior%2C_ELO%29.jpg/revision/latest?cb=20201130213921;223.jpg
227;Magirus Beton;Magirus;Majorette Mainline;1977;1981;red;1:64;Year Lists;List_of_1981_Majorette;https://static.wikia.nocookie.net/majorette_model_cars/images/2/22/Majorette_Magirus_Cement_Mixer_%28red%2C_orange_base%2C_blue_yellow_mixer%2C_3S-5BL_wheels%29.jpg/revision/latest?cb=20230830184648;227_3.jpg
229;Datsun 260 Z;Datsun;Majorette Mainline;1976;1981;red;1:64;Year Lists;List_of_1981_Majorette;https://static.wikia.nocookie.net/majorette_model_cars/images/f/fd/Majorette_Datsun_260_Z_%28red%2C_NUC_wheels%29.jpg/revision/latest?cb=20200712175016;229_6.jpg
231;Citroën Dyane Raid;Citroën;Majorette Mainline;1976;1981;lime green;1:64;Year Lists;List_of_1981_Majorette;https://static.wikia.nocookie.net/majorette_model_cars/images/8/85/Citro%C3%ABn_Dyane_raid_%28lime_green%2C_red_3S_wheels%29.jpg/revision/latest?cb=20201117141944;231_2.jpg
237;Lamborghini Countach;Lamborghini;Majorette Mainline;1980;1981;red;1:64;Year Lists;List_of_1981_Majorette;https://static.wikia.nocookie.net/majorette_model_cars/images/e/e1/Lamborghini_Countach_%28red%2C_white_countach_on_sides%29.jpg/revision/latest?cb=20210221151820;237_1.jpg
238;Peugeot 604;Peugeot;Majorette Mainline;1977;1981;light pale blue;1:64;Year Lists;List_of_1981_Majorette;https://static.wikia.nocookie.net/majorette_model_cars/images/5/5c/Peugeot_604_%28pale_light_blue%2C_3S%29.jpg/revision/latest?cb=20200719112244;238_3.jpg
239;Fiat Ritmo;Fiat;Majorette Mainline;1981;1981;red;1:64;Year Lists;List_of_1981_Majorette;https://static.wikia.nocookie.net/majorette_model_cars/images/b/b3/Fiat_Ritmo_%28red%2C_clear_windows%29.jpg/revision/latest?cb=20200613143026;239_3.jpg
240;Simca 1308;Simca;Majorette Mainline;1977;1981;blue;1:64;Year Lists;List_of_1981_Majorette;https://static.wikia.nocookie.net/majorette_model_cars/images/9/90/Majorette_Simca_1308_%28blue%2C_3S_wheels%29.jpg/revision/latest?cb=20210217150342;240_4.jpg
244;Volkswagen T2 Ambulance/Police;Volkswagen;Majorette Mainline;1973;1981;white;1:64;Year Lists;List_of_1981_Majorette;https://static.wikia.nocookie.net/majorette_model_cars/images/9/9d/Volkswagen_T2_Ambulnace_%28white%2C_3S%291981.jpg/revision/latest?cb=20220801170550;244_4.jpg
245;Saviem SM Europe Tanker;Saviem;Majorette Mainline;1975;1981;dark blue;1:64;Year Lists;List_of_1981_Majorette;https://static.wikia.nocookie.net/majorette_model_cars/images/5/5a/Majorette_Saviem_SM_Europe_Tanker_%28dark_blue%2C_white_tank%2C_gulf%2C_3S_wheels%29.jpg/revision/latest?cb=20201211143011;245_4.jpg
247;Porsche 924;Porsche;Majorette Mainline;1978;1981;green;1:64;Year Lists;List_of_1981_Majorette;https://static.wikia.nocookie.net/majorette_model_cars/images/a/a0/Majorette_Porsche_924_%28green%2C_3S_wheels%29.jpg/revision/latest?cb=20200901194809;247_2.jpg
250;US Van;Ford;Majorette Mainline;1981;1981;black;1:64;Year Lists;List_of_1981_Majorette;https://static.wikia.nocookie.net/majorette_model_cars/images/3/3a/Majorette_Fourgon_%28US_Van%29_%28black%2C_6CR_wheels%29.jpg/revision/latest?cb=20210611185919;250_3.jpg
251;Ford Capri;Ford;Majorette Mainline;1978;1981;red;1:64;Year Lists;List_of_1981_Majorette;https://static.wikia.nocookie.net/majorette_model_cars/images/c/c7/Majorette_Ford_Capri_%28red%2C_black_roof%2C_yellow_windows%29.jpg/revision/latest?cb=20200531154328;251_3.jpg
253;Oldsmobile (Omega);Oldsmobile;Majorette Mainline;1981;1981;metallic blue;1:64;Year Lists;List_of_1981_Majorette;https://static.wikia.nocookie.net/majorette_model_cars/images/a/a3/Majorette_Oldsmobile_%28Omega%29_%28metallic_light_blue%2C_light_orange_windows%2C_NUCS_wheels%29.jpg/revision/latest?cb=20210314144113;253.jpg
255;R5 Turbo;Renault;Majorette Mainline;1981;1981;red;1:64;Year Lists;List_of_1981_Majorette;https://static.wikia.nocookie.net/majorette_model_cars/images/8/8d/Majorette_R_5_Turbo_%28red%2C_orange_interior%2C_6CR_wheels%29.jpg/revision/latest?cb=20220224161841;255_3.jpg
256;BMW 733;BMW;Majorette Mainline;1979;1981;light green;1:64;Year Lists;List_of_1981_Majorette;https://static.wikia.nocookie.net/majorette_model_cars/images/5/57/Majorette_BMW_733_%28light_green%2C_3S_wheels%29.jpg/revision/latest?cb=20200829234214;256_1.jpg
262;Minibus Airport;Buses;Majorette Mainline;1979;1981;white;1:64 / 1:87;Year Lists;List_of_1981_Majorette;https://static.wikia.nocookie.net/majorette_model_cars/images/5/59/Majorette_Minibus_%28white%2C_TWA_red_stripes%2C_4_passengers%2C_green_windows%2C_3S_wheels%29.jpg/revision/latest?cb=20210525131154;262_2.jpg
263;Tracto (Pelle);Generic;Majorette Mainline;1979;1981;orange;1:64;Year Lists;List_of_1981_Majorette;https://static.wikia.nocookie.net/majorette_model_cars/images/f/f5/Majorette_Tracto_%28Pelle%29_%28orange%2C_orange_bucket%2C_grey_interior%2C_ORN_wheels%29.jpg/revision/latest?cb=20210612190214;263_1.jpg
266;Renault 18;Renault;Majorette Mainline;1979;1981;yellow;1:64;Year Lists;List_of_1981_Majorette;https://static.wikia.nocookie.net/majorette_model_cars/images/4/45/Majorette_Renault_18_Taxi_%28yellow%2C_blue_windows%2C_3S_wheels%29.jpg/revision/latest?cb=20210410133452;266_1.jpg
267;Excalibur;Excalibur;Majorette Mainline;1980;1981;red;1:64;Year Lists;List_of_1981_Majorette;https://static.wikia.nocookie.net/majorette_model_cars/images/f/f4/Majorette_Excalibur_%28red%2C_grey_interior%2C_light_green_windows%29.jpg/revision/latest?cb=20201211103634;267_1.jpg
277;Toyota Land Cruiser (J40);Toyota;Majorette Mainline;1981;1981;silver;1:64;Year Lists;List_of_1981_Majorette;https://static.wikia.nocookie.net/majorette_model_cars/images/6/6f/Majorette_Toyota_Land_Cruiser_%28J40%29_%28metallic_silver%29.jpg/revision/latest?cb=20200801151738;277.jpg
311;Volvo 245 DL;Volvo;Majorette Mainline;1979;1981;;1:64;Year Lists;List_of_1981_Majorette;https://static.wikia.nocookie.net/majorette_model_cars/images/6/6d/Volvo_245_DL_%2B_Horse_Trailer_%28red%2C_1981%29.jpg/revision/latest?cb=20210619145759;311_1.jpg
321;Mercedes TraX Publics;Mercedes-Benz;Majorette Mainline;1978;1981;;1:64;Year Lists;List_of_1981_Majorette;https://static.wikia.nocookie.net/majorette_model_cars/images/8/8f/Mercedes_Trax_Publics_%28green%2C_white_tarpaulin%29_1981.jpg/revision/latest?cb=20201216132231;321_1.jpg
364;Scania Semi Tank Truck;Scania;Majorette Mainline;1975;1981;;1:64 / 1:87;Year Lists;List_of_1981_Majorette;https://static.wikia.nocookie.net/majorette_model_cars/images/4/49/Scania_Semi_Tank_Truck_%28red%2C_texaco%29.jpg/revision/latest?cb=20210911180815;364_4.jpg
368;Ford Capri;Ford;Majorette Mainline;1977;1981;;1:64;Year Lists;List_of_1981_Majorette;https://static.wikia.nocookie.net/majorette_model_cars/images/9/9b/Majorette_Ford_Capri_%2B_St-Tropez_%28red%2C_no_deco%2C_white_roof%29.jpg/revision/latest?cb=20210313000121;368_2.jpg
373;Neoplan Autocar Jetliner;Majorette;Majorette Mainline;1977;1981;;1:64;Year Lists;List_of_1981_Majorette;https://static.wikia.nocookie.net/majorette_model_cars/images/7/78/Autobus_Neoplan_%28blue%2C_blue_windows%2C_3S%29_1981.jpg/revision/latest?cb=20210609145747;373_3.jpg
378;Simca 1308;Simca;Majorette Mainline;1978;1981;;1:64;Year Lists;List_of_1981_Majorette;https://static.wikia.nocookie.net/majorette_model_cars/images/e/e0/Simca_1308_%2B_Motorcycle_Trailer_%281981%29.jpg/revision/latest?cb=20210611174505;378_3.jpg
202;Triumph TR7;Triumph;Majorette Mainline;1982;1982;Red;1:64;Year Lists;List_of_1982_Majorette;https://static.wikia.nocookie.net/majorette_model_cars/images/e/e6/Majorette_Triumph_TR7_%28red%2C_6CR_wheels%29.jpg/revision/latest?cb=20201028113538;202_1.jpg
204;Bank Security;Generic;Majorette Mainline;1980;1982;silver;1:64;Year Lists;List_of_1982_Majorette;https://static.wikia.nocookie.net/majorette_model_cars/images/6/6e/Majorette_Bank_Security_%28silver%2C_bank_security%2C_keys_on_hood%2C_5RDL%29.jpg/revision/latest?cb=20201116170452;204_2.jpg
205;Scania LS 140 Tipper Truck;Scania;Majorette Mainline;1981;1982;red;1:64 / 1:87;Year Lists;List_of_1982_Majorette;https://static.wikia.nocookie.net/majorette_model_cars/images/5/54/Majorette_Scania_LS_140_Tipper_Truck_%28red%2C_silver_tipper%2C_3S_wheels%29.jpg/revision/latest?cb=20200717150629;205_4.jpg
208;Tracteur (1980);Generic;Majorette Mainline;1980;1982;Yellow;1:64;Year Lists;List_of_1982_Majorette;https://static.wikia.nocookie.net/majorette_model_cars/images/5/51/Majorette_Tracteur_%281980%29_%28green%2C_yellow_motor%29.jpg/revision/latest?cb=20200601151719;208_3.jpg
210;Volkswagen Golf (Mk I);Volkswagen;Majorette Mainline;1978;1982;Metallic silver;1:64;Year Lists;List_of_1982_Majorette;https://static.wikia.nocookie.net/majorette_model_cars/images/5/52/Majorette_Volkswagen_Golf_%28Mk_I%29_%28metallic_silver%2C_golf_2_black_stripes%29.jpg/revision/latest?cb=20210221161849;210_5.jpg
213;Mercedes-Benz NG Farm Truck;Mercedes-Benz;Majorette Mainline;1982;1982;Red;1:64 / 1:87;Year Lists;List_of_1982_Majorette;https://static.wikia.nocookie.net/majorette_model_cars/images/b/b7/Majorette_Mercedes-Benz_NG_Farm_Truck_%28red%2C_NUC_wheels%29.jpg/revision/latest?cb=20200531154656;213_5.jpg
217;Turbo BMW;BMW;Majorette Mainline;1976;1982;White;1:64;Year Lists;List_of_1982_Majorette;https://static.wikia.nocookie.net/majorette_model_cars/images/c/c7/Majorette_Turbo_BMW_%28white%2C_5_rallye_monte_carlo%2C_white_interior%29.jpg/revision/latest?cb=20200531155332;217_3.jpg
218;Mercedes-Benz NG Garbage Truck;Mercedes-Benz;Majorette Mainline;1978;1982;Green;1:64 / 1:87;Year Lists;List_of_1982_Majorette;https://static.wikia.nocookie.net/majorette_model_cars/images/7/74/Majorette_Mercedes-Benz_NG_Garbage_Truck_%28green%2C_ville_de_paris%2C_3SS-NUC_wheels%29.jpg/revision/latest?cb=20200531154700;218_2.jpg
219;Matra Simca Bagheera;Matra;Majorette Mainline;1974;1982;blue;1:64;Year Lists;List_of_1982_Majorette;https://static.wikia.nocookie.net/majorette_model_cars/images/7/7e/Matra_Simca_Bagheera_%28blue%2C_clear_windows%2C_3S%29_1982.jpg/revision/latest?cb=20200929165150;219_5.jpg
220;Volvo 245 DL;Volvo;Majorette Mainline;1976;1982;green;1:64;Year Lists;List_of_1982_Majorette;https://static.wikia.nocookie.net/majorette_model_cars/images/e/e6/Majorette_Volvo_245_DL_%28green%2C_NUC_wheels%29.jpg/revision/latest?cb=20200712164308;220_4.jpg
222;Scania LS 140 Multi Benne;Scania;Majorette Mainline;1975;1982;red;1:64;Year Lists;List_of_1982_Majorette;https://static.wikia.nocookie.net/majorette_model_cars/images/7/70/Majorette_Scania_LS_140_Multi_Benne_%28red%2C_black_interior%2C_NUC-NUCS_wheels%29.jpg/revision/latest?cb=20210409181010;222_2.jpg
224;Fourgon (Camping Car);Ford;Majorette Mainline;1982;1982;White;1:64;Year Lists;List_of_1982_Majorette;https://static.wikia.nocookie.net/majorette_model_cars/images/3/39/Majorette_Fourgon_%28Camping_Car%29_%28white%2C_white_rear_door%2C_3S2_wheels%29.jpg/revision/latest?cb=20210119135553;224_3.jpg
229;Datsun 260 Z;Datsun;Majorette Mainline;1976;1982;metallic light green;1:64;Year Lists;List_of_1982_Majorette;https://static.wikia.nocookie.net/majorette_model_cars/images/f/f6/Majorette_Datsun_260_Z_%28metallic_light_green%2C_NUC_wheels%29.jpg/revision/latest?cb=20200712175125;229_7.jpg
230;Renault 4 L;Renault;Majorette Mainline;1975;1982;blue;1:64;Year Lists;List_of_1982_Majorette;https://static.wikia.nocookie.net/majorette_model_cars/images/e/e3/Majorette_Renault_4_L_%28blue%2C_telecom%2C_NUC_wheels%29.jpg/revision/latest?cb=20210409141523;230_2.jpg
231;Citroën Dyane Raid;Citroën;Majorette Mainline;1976;1982;red;1:64;Year Lists;List_of_1982_Majorette;https://static.wikia.nocookie.net/majorette_model_cars/images/3/3a/Majorette_Citro%C3%ABn_Dyane_Raid_%28red%2C_3S_wheels%29.jpg/revision/latest?cb=20201117142418;231_3.jpg
232;Ferrari 312 T2;Ferrari;Majorette Mainline;1977;1982;red;1:64;Year Lists;List_of_1982_Majorette;https://static.wikia.nocookie.net/majorette_model_cars/images/c/c5/Majorette_Ferrari_312_T2_%28red_red_interior%29.jpg/revision/latest?cb=20211022102842;232_5.jpg
234;Ford E-350 (Fourgon);Ford;Majorette Mainline;1982;1982;white;1:64;Year Lists;List_of_1982_Majorette;https://static.wikia.nocookie.net/majorette_model_cars/images/1/14/Majorette_Fourgon_%28Advertising%29_%28white%2C_canon%29.jpg/revision/latest?cb=20210611184126;234_2.jpg
235;Citroën Acadiane;Citroën;Majorette Mainline;1980;1982;yellow;1:64;Year Lists;List_of_1982_Majorette;https://static.wikia.nocookie.net/majorette_model_cars/images/4/4e/Citro%C3%ABn_Acadiane_%28yellow%2C_3S%29_%281%29.jpg/revision/latest?cb=20210409123509;235_3.jpg
236;Jeep Cherokee;Jeep;Majorette Mainline;1980;1982;metallic gold;1:64;Year Lists;List_of_1982_Majorette;https://static.wikia.nocookie.net/majorette_model_cars/images/4/44/Majorette_Jeep_Cherokee_%28metallic_gold%2C_5RDL_wheels%29.jpg/revision/latest?cb=20211003102858;236_5.jpg
237;Lamborghini Countach;Lamborghini;Majorette Mainline;1980;1982;Metallic dark grey;1:64;Year Lists;List_of_1982_Majorette;https://static.wikia.nocookie.net/majorette_model_cars/images/e/ef/Majorette_Lamborghini_Countach_%28metallic_blue_gray%29.jpg/revision/latest?cb=20200824134412;237_2.jpg
238;Peugeot 604;Peugeot;Majorette Mainline;1977;1982;gold;1:64;Year Lists;List_of_1982_Majorette;https://static.wikia.nocookie.net/majorette_model_cars/images/9/9d/Majorette_Peugeot_604_%28gold%2C_yellow_interior%2C_3S_wheels%29.jpg/revision/latest?cb=20200719105615;238_4.jpg
239;Fiat Ritmo;Fiat;Majorette Mainline;1981;1982;Orange;1:64;Year Lists;List_of_1982_Majorette;https://static.wikia.nocookie.net/majorette_model_cars/images/1/1c/Fiat_Rirmo_%28orange%29.jpg/revision/latest?cb=20210217134308;239_4.jpg
241;Saviem SM Europe Covered Truck;Saviem;Majorette Mainline;1976;1982;white;1:64 / 1:87;Year Lists;List_of_1982_Majorette;https://static.wikia.nocookie.net/majorette_model_cars/images/2/22/Majorette_Saviem_SM_Europe_covered_truck_%28white%2C_adidas%29.jpg/revision/latest?cb=20201211155239;241_3.jpg
243;Shadow DN5;Formula 1;Majorette Mainline;1977;1982;blue;1:64;Year Lists;List_of_1982_Majorette;https://static.wikia.nocookie.net/majorette_model_cars/images/d/d5/Majorette_Shadow_DN_5_%28dark_blue%2C_20_USA_flags%29.jpg/revision/latest?cb=20210217174107;243_1.jpg
247;Porsche 924;Porsche;Majorette Mainline;1978;1982;red;1:64;Year Lists;List_of_1982_Majorette;https://static.wikia.nocookie.net/majorette_model_cars/images/8/80/Majorette_Porsche_924_%28red%2C_3S_tires%29.jpg/revision/latest?cb=20200901195023;247_3.jpg
249;Mercedes-Benz 450 SE;Mercedes-Benz;Majorette Mainline;1978;1982;Metallic olive green;1:64;Year Lists;List_of_1982_Majorette;https://static.wikia.nocookie.net/majorette_model_cars/images/d/de/Majorette_Mercedes-Benz_450_SE_%28metallic_olive_green%29.jpg/revision/latest?cb=20200616175003;249_2.jpg
251;Ford Capri;Ford;Majorette Mainline;1978;1982;Blue;1:64;Year Lists;List_of_1982_Majorette;https://static.wikia.nocookie.net/majorette_model_cars/images/4/45/Majorette_Ford_Capri_%28blue%2C_no_tampo%2C_white_roof%29.jpg/revision/latest?cb=20200531154322;251_4.jpg
253;Oldsmobile (Omega);Oldsmobile;Majorette Mainline;1981;1982;metallic blue;1:64;Year Lists;List_of_1982_Majorette;https://static.wikia.nocookie.net/majorette_model_cars/images/6/64/Majorette_Oldsmobile_%28Omega%29_%28metallic_light_blue%2C_orange_windows%2C_3S2_wheels%29.jpg/revision/latest?cb=20210314144202;253_1.jpg
254;Mercedes-Benz Animal Truck;Mercedes-Benz;Majorette Mainline;1978;1982;yellow;1:64 / 1:87;Year Lists;List_of_1982_Majorette;https://static.wikia.nocookie.net/majorette_model_cars/images/b/b4/Mercedes_Livestock_Truck_-_b%C3%A9taill%C3%A8re_-_254_yellow.jpg/revision/latest?cb=20200615084004;254_1.jpg
256;BMW 733;BMW;Majorette Mainline;1979;1982;metallic silver;1:64;Year Lists;List_of_1982_Majorette;https://static.wikia.nocookie.net/majorette_model_cars/images/2/23/BMW_733_%28metallic_silver%2C_NUC_wheels%29_1982.jpg/revision/latest?cb=20200830000458;256_2.jpg
258;Mercedes-Benz T2 Pompier Aéroport;Mercedes-Benz;Majorette Mainline;1979;1982;red;1:64;Year Lists;List_of_1982_Majorette;https://static.wikia.nocookie.net/majorette_model_cars/images/e/e4/Mercedes-Benz_T2_Pompier_A%C3%A9roport_%28red%2C_NUC%29.jpg/revision/latest?cb=20200703134507;258_2.jpg
259;Fourgon (Glacier);Ford;Majorette Mainline;1982;1982;red;1:64;Year Lists;List_of_1982_Majorette;https://static.wikia.nocookie.net/majorette_model_cars/images/7/73/Fourgon_%28Glacier%29_%28red%2C_NUC2_wheels%29.jpg/revision/latest?cb=20200910202712;259.jpg
261;Morgan Plus 8;Morgan;Majorette Mainline;1979;1982;green;1:64;Year Lists;List_of_1982_Majorette;https://static.wikia.nocookie.net/majorette_model_cars/images/1/14/Majorette_Morgan_Plus_8_%28green%2C_brown_interior%29.jpg/revision/latest?cb=20200815192621;261_2.jpg
264;Renault Alpine A310;Alpine;Majorette Mainline;1979;1982;blue;1:64;Year Lists;List_of_1982_Majorette;https://static.wikia.nocookie.net/majorette_model_cars/images/d/db/Majorette_Alpine_Renault_A310_%28dark_blue%2C_police%2C_blue_windows%29.jpg/revision/latest?cb=20200710101458;264_2.jpg
265;Citroën CX;Citroën;Majorette Mainline;1979;1982;metallic silver;1:64;Year Lists;List_of_1982_Majorette;https://static.wikia.nocookie.net/majorette_model_cars/images/5/5d/Majorette_Citro%C3%ABn_CX_%28metallic_silver%29.jpg/revision/latest?cb=20200719133100;265_1.jpg
268;Jeep CJ-7;Jeep;Majorette Mainline;1980;1982;red;1:64;Year Lists;List_of_1982_Majorette;https://static.wikia.nocookie.net/majorette_model_cars/images/3/3a/Majorette_Jeep_CJ-7_%28red%2C_golden_eagle_on_hood%29.jpg/revision/latest?cb=20200531154515;268_1.jpg
274;Benne Carrière;Generic;Majorette Mainline;1982;1982;pale yellow;1:64;Year Lists;List_of_1982_Majorette;https://static.wikia.nocookie.net/majorette_model_cars/images/9/99/Majorette_Benne_Carriere_%28pale_yellow%2C_ORN%2C_pale_yellow_dump%29_1982.jpg/revision/latest?cb=20200717105538;274.jpg
278;Western Locomotive;Majorette;Majorette Mainline;1982;1982;green / red;1:64;Year Lists;List_of_1982_Majorette;https://static.wikia.nocookie.net/majorette_model_cars/images/9/94/Majorette_Western_Locomotive_%28green_%26_red%29.jpg/revision/latest?cb=20201123150135;278.jpg
279;Fourgon Police;Ford;Majorette Mainline;1982;1982;blue;1:64;Year Lists;List_of_1982_Majorette;https://static.wikia.nocookie.net/majorette_model_cars/images/a/aa/Fourgon_Police_%28blue_windows%2C_6CR_wheels%29.jpg/revision/latest?cb=20200601154738;279.jpg
283;GMC Brigadier Crane Truck;GMC;Majorette Mainline;1982;1982;red;1:64 / 1:87;Year Lists;List_of_1982_Majorette;https://static.wikia.nocookie.net/majorette_model_cars/images/d/d3/Majorette_Magirus_Crane_Truck_%28red%2C_blue_cab%2C_3S_wheels%29.jpg/revision/latest?cb=20210221165643;283.jpg
284;Saab Turbo;Saab;Majorette Mainline;1982;1982;black;1:64;Year Lists;List_of_1982_Majorette;https://static.wikia.nocookie.net/majorette_model_cars/images/8/83/Majorette_Saab_Turbo_%28black%2C_cream_interior%29.jpg/revision/latest?cb=20210221134849;284.jpg
285;Lancia Montecarlo;Lancia;Majorette Mainline;1982;1982;red;1:64;Year Lists;List_of_1982_Majorette;https://static.wikia.nocookie.net/majorette_model_cars/images/c/c4/Majorette_Lancia_Montecarlo_%28red%29.jpg/revision/latest?cb=20210812221316;285.jpg
287;Toyota Pick-Up (Hilux);Toyota;Majorette Mainline;1982;1982;white;1:64;Year Lists;List_of_1982_Majorette;https://static.wikia.nocookie.net/majorette_model_cars/images/1/15/Toyota_Pick-Up_%28white%29_1986.jpg/revision/latest?cb=20200730235447;287.jpg
311;Simca 1308;Simca;Majorette Mainline;1979;1982;;1:64;Year Lists;List_of_1982_Majorette;https://static.wikia.nocookie.net/majorette_model_cars/images/7/77/Simca_1308_%2B_Horse_Trailer_%281982%29.jpg/revision/latest?cb=20210523190452;311_2.jpg
318;Jeep CJ-7;Jeep;Majorette Mainline;1980;1982;;1:64;Year Lists;List_of_1982_Majorette;https://static.wikia.nocookie.net/majorette_model_cars/images/a/aa/Jeep_CJ-7_%2B_F1_%28red%2C_1982%29.jpg/revision/latest?cb=20210303152820;318_1.jpg
319;Mercedes Car Carrier;Mercedes-Benz;Majorette Mainline;1980;1982;;1:64;Year Lists;List_of_1982_Majorette;https://static.wikia.nocookie.net/majorette_model_cars/images/d/d0/Mercedes_Car_Transporter_%28white%29_1982.jpg/revision/latest?cb=20210912155950;319_1.jpg
321;Mercedes TraX Public;Mercedes-Benz;Majorette Mainline;1978;1982;;1:64;Year Lists;List_of_1982_Majorette;https://static.wikia.nocookie.net/majorette_model_cars/images/8/8f/Mercedes_Trax_Publics_%28green%2C_white_tarpaulin%29_1981.jpg/revision/latest?cb=20201216132231;321_1.jpg
323;Tracteur (1980);Majorette;Majorette Mainline;1982;1982;;1:64;Year Lists;List_of_1982_Majorette;https://static.wikia.nocookie.net/majorette_model_cars/images/c/c2/Tracteur_%2B_brown_Livestock_trailer_%28yellow%29.jpg/revision/latest?cb=20210210132841;323_1.jpg
338;BMW 733;BMW;Majorette Mainline;1982;1982;;1:64;Year Lists;List_of_1982_Majorette;https://static.wikia.nocookie.net/majorette_model_cars/images/7/7a/BMW_733_%2B_Sailboat_%281982%29.jpg/revision/latest?cb=20210314142737;338.jpg
343;Volvo 245 DL;Volvo;Majorette Mainline;1973;1982;;1:64;Year Lists;List_of_1982_Majorette;https://static.wikia.nocookie.net/majorette_model_cars/images/a/ac/Volvo_245_DL_%2B_Inflatable_Boat_Trailer_%281982%29.jpg/revision/latest?cb=20210523152439;343_2.jpg
368;Renault 18;Renault;Majorette Mainline;1977;1982;;1:64;Year Lists;List_of_1982_Majorette;https://static.wikia.nocookie.net/majorette_model_cars/images/d/de/Renault_18_%2B_St_Tropez_Camper_%28red%2C_3S%29_1982.jpg/revision/latest?cb=20210210115639;368_3.jpg
378;US Van;Majorette;Majorette Mainline;1978;1982;;1:64;Year Lists;List_of_1982_Majorette;https://static.wikia.nocookie.net/majorette_model_cars/images/b/b1/US_Van_%2B_motorcycle_trailer_%281981%29.jpg/revision/latest?cb=20210611200618;378_4.jpg
201 (368);Caravane St-Tropez;Majorette;Majorette Mainline;1977;1983;yellow;1:64;Year Lists;List_of_1983_Majorette;https://static.wikia.nocookie.net/majorette_model_cars/images/8/8b/Majorette_Caravane_St_Tropez_%28yellow%2C_sticker_blue_dolphin_in_sea%29.jpg/revision/latest?cb=20210312224400;201_(368)_2.jpg
204;Bank Security;Generic;Majorette Mainline;1980;1983;yellow;1:64;Year Lists;List_of_1983_Majorette;https://static.wikia.nocookie.net/majorette_model_cars/images/f/f2/Majorette_Bank_Security_%28yellow%2C_bank_security%2C_reversed_on_other_side%29.jpg/revision/latest?cb=20200717115246;204_3.jpg
205;Magirus Tipper Truck;Magirus;Majorette Mainline;1978;1983;red;1:64 / 1:87;Year Lists;List_of_1983_Majorette;https://static.wikia.nocookie.net/majorette_model_cars/images/a/af/Majorette_Magirus_Tipper_Truck_%28red%2C_silver_tipper%2C_service%2C_3S_wheels%29.jpg/revision/latest?cb=20200717154634;205_5.jpg
208;Tracteur (1980);Generic;Majorette Mainline;1980;1983;yellow;1:64;Year Lists;List_of_1983_Majorette;https://static.wikia.nocookie.net/majorette_model_cars/images/6/6a/Majorette_Tracteur_%281980%29_%28yellow%2C_green_motor%29.jpg/revision/latest?cb=20201111104449;208_4.jpg
209;Porsche Turbo;Porsche;Majorette Mainline;1983;1983;yellow;1:64;Year Lists;List_of_1983_Majorette;https://static.wikia.nocookie.net/majorette_model_cars/images/9/92/Majorette_Porsche_Turbo_%28yellow%2C_16%2C_green_%26_orange_stripes%2C_6S_wheels%29.jpg/revision/latest?cb=20210909132753;209.jpg
210;Volkswagen Golf (Mk I);Volkswagen;Majorette Mainline;1978;1983;red;1:64;Year Lists;List_of_1983_Majorette;https://static.wikia.nocookie.net/majorette_model_cars/images/a/a3/Majorette_Volkswagen_Golf_%28Mk_I%29_%28red%2C_orange_golf%2C_clear_windows%29.jpg/revision/latest?cb=20240502103700;210_6.jpg
212;Ford Escort XR3;Ford;Majorette Mainline;1983;1983;red;1:64;Year Lists;List_of_1983_Majorette;https://static.wikia.nocookie.net/majorette_model_cars/images/0/00/Ford_Escort_XR3_%28red%29.jpg/revision/latest?cb=20200611135756;212.jpg
216;Toyota Lite Ace;Toyota;Majorette Mainline;1983;1983;yellow;1:64;Year Lists;List_of_1983_Majorette;https://static.wikia.nocookie.net/majorette_model_cars/images/8/8e/Toyota_lite_ace_1983_orange%2C_red_interior%29_2.jpg/revision/latest?cb=20200603191059;216_3.jpg
217;Turbo BMW;BMW;Majorette Mainline;1976;1983;white;1:64;Year Lists;List_of_1983_Majorette;https://static.wikia.nocookie.net/majorette_model_cars/images/3/34/Turbo_BMW_%28white%2Cblue_red_turbo_bmw_on_hood%2C_white_interioe%2C_blue_gull_wing_doors%29.jpg/revision/latest?cb=20200731224115;217_4.jpg
220;Volvo 245 DL;Volvo;Majorette Mainline;1976;1983;green;1:64;Year Lists;List_of_1983_Majorette;https://static.wikia.nocookie.net/majorette_model_cars/images/f/fa/Volvo_245_DL_%28green%2C_sticker_on_hood_and_sides%2C_NUC%29.jpg/revision/latest?cb=20200712171923;220_5.jpg
221;Audi Quattro;Audi;Majorette Mainline;1983;1983;white;1:64;Year Lists;List_of_1983_Majorette;https://static.wikia.nocookie.net/majorette_model_cars/images/e/e8/Majorette_Audi_Quattro_%28white%2C_12_audi_sport_on_sides%2C_audi_logo_castrol_rallye_monte_carlo_on_hood%2C_6S_wheels%29.jpg/revision/latest?cb=20210919122824;221_6.jpg
223;Crazy Car 4x4;Generic (based Talbot);Majorette Mainline;1981;1983;blue;1:64;Year Lists;List_of_1983_Majorette;https://static.wikia.nocookie.net/majorette_model_cars/images/1/1a/Crazy_car_%28blue%2C_yellow_orange_red_print%2C_OR4HC%29.jpg/revision/latest?cb=20201130215731;223_1.jpg
226;Rouleau Compresseur;Generic;Majorette Mainline;1983;1983;yellow;1:64;Year Lists;List_of_1983_Majorette;https://static.wikia.nocookie.net/majorette_model_cars/images/3/3a/Majorette_Rouleau_Compresseur_%28yellow%2C_metal_axe_in_roller%2C_ORNB%29.jpg/revision/latest?cb=20210408224121;226_4.jpg
228;Chevrolet blazer 4x4 Dépanneuse;Chevrolet;Majorette Mainline;1983;1983;silver;1:64;Year Lists;List_of_1983_Majorette;https://static.wikia.nocookie.net/majorette_model_cars/images/8/83/Chevrolet_Blazer_4x4_D%C3%A9panneuse_%28silver%2C_auto_assistance%29.png/revision/latest?cb=20201126170951;228_1.jpg
229;Datsun 260 Z;Datsun;Majorette Mainline;1976;1983;yellow;1:64;Year Lists;List_of_1983_Majorette;https://static.wikia.nocookie.net/majorette_model_cars/images/e/eb/Datsun_260_Z_%28yellow%2C_3S%29_1983.jpg/revision/latest?cb=20200712185643;229_8.jpg
231;Citroën Dyane Raid;Citroën;Majorette Mainline;1976;1983;gold;1:64;Year Lists;List_of_1983_Majorette;https://static.wikia.nocookie.net/majorette_model_cars/images/d/df/Majorette_Citro%C3%ABn_Dyane_Raid_%28gold%2C_NUC_wheels%29.jpg/revision/latest?cb=20210217131844;231_4.jpg
233;Mercedes TraX Publics;Mercedes-Benz;Majorette Mainline;1978;1983;orange;1:64;Year Lists;List_of_1983_Majorette;https://static.wikia.nocookie.net/majorette_model_cars/images/1/1d/Mercedes_Trax_Publics_%28orange%2C_yellow_tarpaulin%29.jpg/revision/latest?cb=20201216145820;233_3.jpg
234;Ford E-350 (Fourgon);Ford;Majorette Mainline;1982;1983;white;1:64;Year Lists;List_of_1983_Majorette;https://static.wikia.nocookie.net/majorette_model_cars/images/e/e4/Fourgon_%28white%2C_fruit_print%29.jpg/revision/latest?cb=20201120213810;234_3.jpg
235;Citroën Acadiane;Citroën;Majorette Mainline;1980;1983;yellow;1:64;Year Lists;List_of_1983_Majorette;https://static.wikia.nocookie.net/majorette_model_cars/images/2/2e/Majorette_Citro%C3%ABn_Acadiane_%28yellow%2C_envelope_logo%2C_3S_wheels%29.jpg/revision/latest?cb=20210409121605;235_4.jpg
236;4 x 4 Cherokee;Jeep;Majorette Mainline;1980;1983;dark orange;1:64;Year Lists;List_of_1983_Majorette;https://static.wikia.nocookie.net/majorette_model_cars/images/d/d6/Jeep_cherokee_%28darl_orange%2C_big_chief%29.jpeg/revision/latest?cb=20200624214817;236_6.jpg
237;Lamborghini Countach;Lamborghini;Majorette Mainline;1980;1983;black;1:64;Year Lists;List_of_1983_Majorette;https://static.wikia.nocookie.net/majorette_model_cars/images/2/23/Majorette_Lamborghini_Countach_%28black%2C_red_%26_yellow_flames%2C_light_green_windows%29.jpg/revision/latest?cb=20201118184306;237_3.jpg
238;Peugeot 604;Peugeot;Majorette Mainline;1977;1983;gold;1:64;Year Lists;List_of_1983_Majorette;https://static.wikia.nocookie.net/majorette_model_cars/images/e/ea/Peugeot_604_%28gold%2C_NUC%29.jpg/revision/latest?cb=20200719113126;238_5.jpg
239;Fiat Ritmo;Fiat;Majorette Mainline;1981;1983;red;1:64;Year Lists;List_of_1983_Majorette;https://static.wikia.nocookie.net/majorette_model_cars/images/b/b2/Majorette_Fiat_Ritmo_%28red%2C_abarth_2000%2C_3S_wheels%29.jpg/revision/latest?cb=20200531154314;239_5.jpg
240;Simca 1308;Simca;Majorette Mainline;1977;1983;dark green;1:64;Year Lists;List_of_1983_Majorette;https://static.wikia.nocookie.net/majorette_model_cars/images/3/34/Majorette_Simca_1308_%28dark_green%2C_NUC_wheels%29.jpg/revision/latest?cb=20210217145357;240_5.jpg
242;Pelle Mecanique (Shovel Engine);Poclain;Majorette Mainline;1983;1983;red;1:64;Year Lists;List_of_1983_Majorette;https://static.wikia.nocookie.net/majorette_model_cars/images/6/60/Majorette_Pelle_Mecanique_%28red%2C_yellow_shovel%29.jpg/revision/latest?cb=20210408204650;242.jpg
243;Shadow DN5;Formula 1;Majorette Mainline;1977;1983;white;1:64;Year Lists;List_of_1983_Majorette;https://static.wikia.nocookie.net/majorette_model_cars/images/8/85/F1_Shadow_DN_5_%28white%2C_1983%29.jpg/revision/latest?cb=20231119182050;243_2.jpg
248;Pontiac Firebird Trans Am;Pontiac;Majorette Mainline;1983;1983;black;1:64;Year Lists;List_of_1983_Majorette;https://static.wikia.nocookie.net/majorette_model_cars/images/d/d1/Majorette_Pontiac_Firebird_%28black%2C_trans_am%2C_red_interior%2C_3S2_wheels%29.jpg/revision/latest?cb=20210909155543;248.jpg
251;Ford Capri;Ford;Majorette Mainline;1978;1983;blue;1:64;Year Lists;List_of_1983_Majorette;https://static.wikia.nocookie.net/majorette_model_cars/images/b/b9/Majorette_Ford_Capri_%28blue%2C_white_lightblue_and_darkblue_tampo%2C_white_roof%29.jpg/revision/latest?cb=20200531154325;251_5.jpg
252;Renault JP4;Renault;Majorette Mainline;1983;1983;dark blue;1:64;Year Lists;List_of_1983_Majorette;https://static.wikia.nocookie.net/majorette_model_cars/images/f/fb/Majorette_Renault_JP4_%28dark_blue%2C_6S_wheels%29.jpg/revision/latest?cb=20200809190820;252_2.jpg
255;R5 Turbo;Renault;Majorette Mainline;1981;1983;red;1:64;Year Lists;List_of_1983_Majorette;https://static.wikia.nocookie.net/majorette_model_cars/images/2/2b/Majorette_R_5_Turbo_%28red%2C_light_orange_interior%2C_6CR_wheels%29.jpg/revision/latest?cb=20220224161923;255_4.jpg
257;Mazda RX7;Mazda;Majorette Mainline;1983;1983;orange;1:64;Year Lists;List_of_1983_Majorette;https://static.wikia.nocookie.net/majorette_model_cars/images/f/f9/Mazda_RX7_%28orange%2C_6CR_wheels%2C_1983%29.jpg/revision/latest?cb=20200627131003;257_5.jpg
260;Explorateur;Volvo;Majorette Mainline;1983;1983;metallic gold;1:64;Year Lists;List_of_1983_Majorette;https://static.wikia.nocookie.net/majorette_model_cars/images/4/48/Majorette_Explorateur_%28metallic_gold%2C_white_interior%29.jpg/revision/latest?cb=20200531154257;260_4.jpg
261;Morgan Plus 8;Morgan;Majorette Mainline;1979;1983;dark green;1:64;Year Lists;List_of_1983_Majorette;https://static.wikia.nocookie.net/majorette_model_cars/images/d/d8/Majorette_Morgan_Plus_8_%28dark_green%2C_white_interior%29.jpg/revision/latest?cb=20200815192831;261_3.jpg
264;Renault Alpine A310;Alpine;Majorette Mainline;1979;1983;blue;1:64;Year Lists;List_of_1983_Majorette;https://static.wikia.nocookie.net/majorette_model_cars/images/8/85/Renault_Alpine_A310_%28blue%2C_on_sides_red_blue_POLICE_sticker%29.jpg/revision/latest?cb=20200710135607;264_3.jpg
265;Citroën CX;Citroën;Majorette Mainline;1979;1983;burgundy;1:64;Year Lists;List_of_1983_Majorette;https://static.wikia.nocookie.net/majorette_model_cars/images/6/6b/Majorette_Citro%C3%ABn_CX_%28burgundy%2C_3S-NUC_wheels%29.jpg/revision/latest?cb=20200719133133;265_2.jpg
266;Renault 18;Renault;Majorette Mainline;1979;1983;yellow;1:64;Year Lists;List_of_1983_Majorette;https://static.wikia.nocookie.net/majorette_model_cars/images/e/e4/Majorette_Renault_18_Taxi_%28yellow%2C_clear_windows%2C_blue_tampo_radio_taxi%2C_3S_wheels%29.jpg/revision/latest?cb=20200724231813;266_2.jpg
267;Excalibur;Excalibur;Majorette Mainline;1980;1983;red;1:64;Year Lists;List_of_1983_Majorette;https://static.wikia.nocookie.net/majorette_model_cars/images/b/b1/Majorette_Excalibur_%28red%2C_cream_white_interior%29.jpg/revision/latest?cb=20201020213540;267_2.jpg
268;Jeep CJ-7;Jeep;Majorette Mainline;1980;1983;green;1:64;Year Lists;List_of_1983_Majorette;https://static.wikia.nocookie.net/majorette_model_cars/images/7/7a/Majorette_Jeep_CJ-7_%28green%2C_yellow_top%29.jpg/revision/latest?cb=20200701193544;268_2.jpg
274;Benne Carrière;Generic;Majorette Mainline;1982;1983;pale yellow;1:64;Year Lists;List_of_1983_Majorette;https://static.wikia.nocookie.net/majorette_model_cars/images/f/f3/Majorette_Benne_Carriere_%28Pale_yellow%2C_ORN_wheels%29.jpg/revision/latest?cb=20200717103714;274_1.jpg
277;Toyota Land Cruiser (J40);Toyota;Majorette Mainline;1981;1983;green;1:64;Year Lists;List_of_1983_Majorette;https://static.wikia.nocookie.net/majorette_model_cars/images/f/f3/Majorette_Toyota_Land_Cruiser_%28J40%29_%28metallic_light_green%2C_black_43_rally%29.jpg/revision/latest?cb=20200801164909;277_1.jpg
4 x 4 Toyota Land Cruiser (J40);1983;metallic gold brown;Majorette Mainline;Toyota;1983;;1:64;Year Lists;List_of_1983_Majorette;https://static.wikia.nocookie.net/majorette_model_cars/images/8/81/Majorette_4_x_4_Toyota_Land_Cruiser_%28J40%29_%28metallic_gold_brown%2C_rally_43_sticker%29.jpg/revision/latest?cb=20200801170201;4_x_4_Toyota_Land_Cruiser_(J40).jpg
279;Fourgon Police;Ford;Majorette Mainline;1982;1983;blue;1:64;Year Lists;List_of_1983_Majorette;https://static.wikia.nocookie.net/majorette_model_cars/images/1/12/Majorette_Fourgon_Police_%28dark_blue%2C_police_sticker%2C_6S_wheels%29.jpg/revision/latest?cb=20200531154433;279_1.jpg
280;Renault 5 (5 doors);Renault;Majorette Mainline;1983;1983;green;1:64;Year Lists;List_of_1983_Majorette;https://static.wikia.nocookie.net/majorette_model_cars/images/1/1e/Majorette_Renault_5_%285_doors%29_%28green%2C_black_orange_yellow_stripes%29.jpg/revision/latest?cb=20200714125747;280.jpg
284;Saab Turbo;Saab;Majorette Mainline;1982;1983;silver;1:64;Year Lists;List_of_1983_Majorette;https://static.wikia.nocookie.net/majorette_model_cars/images/3/3e/Majorette_Saab_Turbo_%28silver%2C_NUC2_wheels%29.jpg/revision/latest?cb=20210221134930;284_1.jpg
285;Lancia Montecarlo;Lancia;Majorette Mainline;1982;1983;yellow;1:64;Year Lists;List_of_1983_Majorette;https://static.wikia.nocookie.net/majorette_model_cars/images/5/53/Majorette_Lancia_Montecarlo_%28yellow%2C_montecarlo_on_doors%2C_6CR_wheels%29%29.jpg/revision/latest?cb=20210217122209;285_1.jpg
4 x 4 Toyota Pick-Up (Hilux);1983;white;Majorette Mainline;Toyota;1983;;1:64;Year Lists;List_of_1983_Majorette;https://static.wikia.nocookie.net/majorette_model_cars/images/f/f8/Toyota_Pick-Up_4x4_%28white%29_1986.jpg/revision/latest?cb=20200730235752;4_x_4_Toyota_Pick-Up_(Hilux).jpg
293;Pontiac Firebird;Pontiac;Majorette Mainline;1983;1983;red;1:64;Year Lists;List_of_1983_Majorette;https://static.wikia.nocookie.net/majorette_model_cars/images/7/79/Majorette_Pontiac_Firebird_%28red%2C_19_turbo%2C_3S_wheels%29.jpg/revision/latest?cb=20210221144011;293.jpg
311;Simca 1308;Simca;Majorette Mainline;1979;1983;;1:64;Year Lists;List_of_1983_Majorette;https://static.wikia.nocookie.net/majorette_model_cars/images/c/cb/Simca_1308_%2B_horse_trailer_%28dark_green%29_1983_-_kopie.jpg/revision/latest?cb=20210219091540;311_3.jpg
318;Jeep CJ-7;Jeep;Majorette Mainline;1980;1983;;1:64;Year Lists;List_of_1983_Majorette;https://static.wikia.nocookie.net/majorette_model_cars/images/4/45/Jeep_CJ-7_%2B_F1_%28green%29_%282%29.jpg/revision/latest?cb=20210303160431;318_2.jpg
319;Mercedes Car Carrier;Mercedes-Benz;Majorette Mainline;1980;1983;;1:64;Year Lists;List_of_1983_Majorette;https://static.wikia.nocookie.net/majorette_model_cars/images/e/eb/Majorette_Mercedes_Car_Carrier_%28red%2C_red_trailer%29.jpg/revision/latest?cb=20210912160511;319_2.jpg
321;Mercedes TraX Publics;Mercedes-Benz;Majorette Mainline;1978;1983;;1:64;Year Lists;List_of_1983_Majorette;https://static.wikia.nocookie.net/majorette_model_cars/images/1/17/Mercedes_Trax_Publics_%28blue%2C_NUC%2C_with_construction_cab%29_1983.jpg/revision/latest?cb=20201216140750;321_2.jpg
324;GMC Brigadier Semi Gas Tanker;GMC;Majorette Mainline;1983;1983;;1:64;Year Lists;List_of_1983_Majorette;https://static.wikia.nocookie.net/majorette_model_cars/images/6/6d/Majorette_GMC_Brigadier_Gas_Tanker_%28blue%2C_red_text%2C_logo_at_back_tank%29.jpg/revision/latest?cb=20210524095458;324.jpg
325;Peugeot 604;Peugeot;Majorette Mainline;1983;1983;;1:64;Year Lists;List_of_1983_Majorette;https://static.wikia.nocookie.net/majorette_model_cars/images/4/4d/Peugeot_604_%2B_Caravane_%281983%29_%28tan%2C_NUC%29.jpg/revision/latest?cb=20210523191501;325.jpg
326;Diligence;Majorette;Majorette Mainline;1983;1983;;1:64;Year Lists;List_of_1983_Majorette;https://static.wikia.nocookie.net/majorette_model_cars/images/7/78/Majorette_Diligence_%28tan%29.jpg/revision/latest?cb=20210805141142;326.jpg
338;Oldsmobile (Omega);Majorette;Majorette Mainline;1982;1983;;1:64;Year Lists;List_of_1983_Majorette;https://static.wikia.nocookie.net/majorette_model_cars/images/4/42/Oldsmobile_%28Omega%29_%2B_Sailboat_%281982%29_%28blue_NUC%291983.jpg/revision/latest?cb=20210314145456;338_1.jpg
343;Volvo 245 DL;Volvo;Majorette Mainline;1973;1983;;1:64;Year Lists;List_of_1983_Majorette;https://static.wikia.nocookie.net/majorette_model_cars/images/a/a4/Volvo_245_DL_%2B_inflatable_boat_trailer_%281983%29.jpg/revision/latest?cb=20210523154156;343_3.jpg
368;Renault 18;Renault;Majorette Mainline;1977;1983;;1:64;Year Lists;List_of_1983_Majorette;https://static.wikia.nocookie.net/majorette_model_cars/images/2/20/Renault_18_%2B_St_Tropez_Caravan_%28blue%2C_3S%29_1983.jpg/revision/latest?cb=20210210115939;368_4.jpg
382;Mercedes TraX Publics;Mercedes-Benz;Majorette Mainline;1979;1983;;1:64;Year Lists;List_of_1983_Majorette;https://static.wikia.nocookie.net/majorette_model_cars/images/5/54/Mercedes_Trax_Publics_%28orange%2C_yellow_tarpaulin_%2B_compressor%29.jpg/revision/latest?cb=20201216145648;382_2.jpg
201;Visa Chrono;Citroën;Majorette Mainline;1984;1984;white;1:64;Year Lists;List_of_1984_Majorette;https://static.wikia.nocookie.net/majorette_model_cars/images/c/c3/Majorette_Visa_Chrono_%28white%2C_blue_chrono%2C_red_%26_blue_stripes_on_sides_%26_hood%29.jpg/revision/latest?cb=20200714091744;201.jpg
202;Triumph TR7;Triumph;Majorette Mainline;1982;1984;red;1:64;Year Lists;List_of_1984_Majorette;https://static.wikia.nocookie.net/majorette_model_cars/images/4/40/Majorette_Triumph_TR7_%28red%2C_35_tr7_triumph%2C_blue_%26_white_stripes%2C_yellow_windows%2C_ELO_wheels%29.jpg/revision/latest?cb=20201201162010;202_2.jpg
209;Porsche Turbo;Porsche;Majorette Mainline;1983;1984;yellow;1:64;Year Lists;List_of_1984_Majorette;https://static.wikia.nocookie.net/majorette_model_cars/images/2/2d/Majorette_Porsche_Turbo_%28yellow%2C_16%2C_black_%26_red_stripes%2C_red_interior%2C_ELO_wheels%29.jpg/revision/latest?cb=20210909132429;209_1.jpg
212;Ford Escort XR3;Ford;Majorette Mainline;1983;1984;red;1:64;Year Lists;List_of_1984_Majorette;https://static.wikia.nocookie.net/majorette_model_cars/images/4/4a/Majorette_Ford_Escort_XR3_%28red%2C_black_silver_orange_on_hood%2C_black_silver_on_sides%2C_ELO_wheels%29.jpg/revision/latest?cb=20200531154343;212_1.jpg
216;Toyota Lite Ace;Toyota;Majorette Mainline;1983;1984;yellow;1:64;Year Lists;List_of_1984_Majorette;https://static.wikia.nocookie.net/majorette_model_cars/images/4/44/Toyota_lite_ace_1983_orange%2C_red_interior%29.jpg/revision/latest?cb=20200603191202;216_4.jpg
219;Honda Accord;Honda;Majorette Mainline;1984;1984;red;1:64;Year Lists;List_of_1984_Majorette;https://static.wikia.nocookie.net/majorette_model_cars/images/b/b0/Majorette_Honda_Accord_%28metallic_red%2C_yellow_stripes_on_hood%29_1984.jpg/revision/latest?cb=20230522144640;219_6.jpg
221;Audi Quattro;Audi;Majorette Mainline;1983;1984;white;1:64;Year Lists;List_of_1984_Majorette;https://static.wikia.nocookie.net/majorette_model_cars/images/0/0d/Audi_Quattro_%28white%2C_12%2C_ELO%29_1984.jpg/revision/latest?cb=20200929212405;221_7.jpg
233;Mercedes TraX Publics;Mercedes-Benz;Majorette Mainline;1978;1984;blue;1:64;Year Lists;List_of_1984_Majorette;https://static.wikia.nocookie.net/majorette_model_cars/images/1/18/Mercedes_Trax_Publics_%28blue%2C_white_tarpaulin%29.jpg/revision/latest?cb=20201216150519;233_4.jpg
236;4 x 4 Cherokee;Jeep;Majorette Mainline;1980;1984;yellow;1:64;Year Lists;List_of_1984_Majorette;https://static.wikia.nocookie.net/majorette_model_cars/images/8/8a/Majorette_4_x_4_Cherokee_%28yellow%2C_red_interior%2C_big_chief%29.jpg/revision/latest?cb=20220611115528;236_7.jpg
241;Ford Cargo Covered Truck;Ford;Majorette Mainline;1984;1984;red;1:64 / 1:87;Year Lists;List_of_1984_Majorette;https://static.wikia.nocookie.net/majorette_model_cars/images/9/99/Ford_Cargo_Truck_%281986%2C_red%2C_super_cargo%29.jpg/revision/latest?cb=20200627211806;241_4.jpg
244;Jeep CJ-7 4 x 4 Hardtop;Jeep;Majorette Mainline;1984;1984;black;1:64;Year Lists;List_of_1984_Majorette;https://static.wikia.nocookie.net/majorette_model_cars/images/1/1c/Jeep_CJ-7_4_x_4_%281985%2C_black%2C_yellow_top%29_France.jpg/revision/latest?cb=20210221165214;244_5.jpg
245;Ford Cargo Tanker;Ford;Majorette Mainline;1984;1984;white;1:64;Year Lists;List_of_1984_Majorette;https://static.wikia.nocookie.net/majorette_model_cars/images/3/36/Ford_Cargo_Tanker_white%2C_shell%2C_1984%29.jpg/revision/latest?cb=20200627230945;245_5.jpg
248;Pontiac Firebird Trans Am;Pontiac;Majorette Mainline;1983;1984;black;1:64;Year Lists;List_of_1984_Majorette;https://static.wikia.nocookie.net/majorette_model_cars/images/9/95/Majorette_Pontiac_Firebird_%28black%2C_trans_am%2C_red_interior%2C_ELO_wheels%29.jpg/revision/latest?cb=20210909155712;248_1.jpg
249;Mercedes-Benz 450 SE;Mercedes-Benz;Majorette Mainline;1978;1984;Metallic copper;1:64;Year Lists;List_of_1984_Majorette;https://static.wikia.nocookie.net/majorette_model_cars/images/4/48/Majorette_Mercedes-Benz_450_SE_%28metallic_copper%29%29.jpg/revision/latest?cb=20211022091034;249_3.jpg
250;US Van;Ford;Majorette Mainline;1981;1984;black;1:64;Year Lists;List_of_1984_Majorette;https://static.wikia.nocookie.net/majorette_model_cars/images/9/9a/Majorette_Fourgon_%28US_Van%29_%28black%2C_6S_wheels%29.jpg/revision/latest?cb=20210611190350;250_4.jpg
256;BMW 733;BMW;Majorette Mainline;1979;1984;metallic silver;1:64;Year Lists;List_of_1984_Majorette;https://static.wikia.nocookie.net/majorette_model_cars/images/9/95/Majorette_BMW_733_%28metallic_silver%2C_green_windows%2C_3S_wheels%29.jpg/revision/latest?cb=20200829234510;256_3.jpg
259;Fourgon (Glacier);Ford;Majorette Mainline;1982;1984;yellow;1:64;Year Lists;List_of_1984_Majorette;https://static.wikia.nocookie.net/majorette_model_cars/images/5/54/Fourgon_Glacier_%28259%2C_yellow%29.jpg/revision/latest?cb=20210718181234;259_1.jpg
260;Explorateur;Volvo;Majorette Mainline;1983;1984;metallic gold;1:64;Year Lists;List_of_1984_Majorette;https://static.wikia.nocookie.net/majorette_model_cars/images/c/ca/Majorette_Explorateur_%28metallic_gold%2C_brown_interior%29.jpg/revision/latest?cb=20200531154255;260_5.jpg
262;Minibus Airport;Buses;Majorette Mainline;1979;1984;white;1:64 / 1:87;Year Lists;List_of_1984_Majorette;https://static.wikia.nocookie.net/majorette_model_cars/images/4/43/Majorette_Minibus_%28white%2C_TWA_red_stripes%2C_4_passengers%2C_clear_windows%2C_NUC_wheels%29.jpg/revision/latest?cb=20210525131229;262_3.jpg
264;Renault Alpine A310;Alpine;Majorette Mainline;1979;1984;white;1:64;Year Lists;List_of_1984_Majorette;https://static.wikia.nocookie.net/majorette_model_cars/images/4/42/Renault_Alpine_A310_%28white%2C_SOS_Doctor%29.jpg/revision/latest?cb=20200710105345;264_4.jpg
268;Chevrolet Corvette;Chevrolet;Majorette Mainline;1984;1984;silver;1:64;Year Lists;List_of_1984_Majorette;https://static.wikia.nocookie.net/majorette_model_cars/images/b/ba/Majorette_Chevrolet_Corvette_%28metallic_silver%2C_61%2C_turbo%2C_red_%26_black_stripes%29.jpg/revision/latest?cb=20201118181332;268_3.jpg
270;Autobianchi A112;Autobianchi;Majorette Mainline;1984;1984;red;1:64;Year Lists;List_of_1984_Majorette;https://static.wikia.nocookie.net/majorette_model_cars/images/5/56/Majorette_Autobianchi_A112_%28red%2C_A112%2C_dark_orange_windows%29.jpg/revision/latest?cb=20200724212113;270.jpg
272;Ford Sierra;Ford;Majorette Mainline;1984;1984;silver;1:64;Year Lists;List_of_1984_Majorette;https://static.wikia.nocookie.net/majorette_model_cars/images/a/ad/Majorette_Ford_Sierra_%28silver%2C_red_stripes_on_sides_%26_hood%29.jpg/revision/latest?cb=20200925103556;272.jpg
275;Renault 11;Renault;Majorette Mainline;1984;1984;red;1:64;Year Lists;List_of_1984_Majorette;https://static.wikia.nocookie.net/majorette_model_cars/images/2/2c/Majorette_Renault_11_%28red%2C_gold_11_on_hood%2C_black_sunroof%2C_NUC_wheels%29.jpg/revision/latest?cb=20200717231550;275.jpg
4 x 4 Toyota Land Cruiser (J40);1983;red;Majorette Mainline;Toyota;1984;;1:64;Year Lists;List_of_1984_Majorette;https://static.wikia.nocookie.net/majorette_model_cars/images/4/4a/Majorette_4_x_4_Toyota_Land_Cruiser_%28J40%29_%28red%2C_gold_43_rally%29.jpg/revision/latest?cb=20200801170552;4_x_4_Toyota_Land_Cruiser_(J40)_1.jpg
290;Jeep CJ-7 4 x 4 Roll Bar;Jeep;Majorette Mainline;1984;1984;green;1:64;Year Lists;List_of_1984_Majorette;https://static.wikia.nocookie.net/majorette_model_cars/images/5/5c/Jeep_4x4_244_serie_200.jpg/revision/latest?cb=20200605190949;290.jpg
291;Chevrolet Blazer 4x4;Chevrolet;Majorette Mainline;1984;1984;red;1:64;Year Lists;List_of_1984_Majorette;https://static.wikia.nocookie.net/majorette_model_cars/images/0/0a/Chevrolet_Blazer_4x4_%28red%2C_4WD%29_1984.jpg/revision/latest?cb=20201124231747;291.jpg
292;4 x 4 Toyota Pick-Up (Hilux);Toyota;Majorette Mainline;1983;1984;orange;1:64;Year Lists;List_of_1984_Majorette;https://static.wikia.nocookie.net/majorette_model_cars/images/1/17/4_x_4-Toyota_Pick-Up_%28orange%29_1987.jpg/revision/latest?cb=20201202125625;292.jpg
293;Pontiac Firebird Turbo;Pontiac;Majorette Mainline;1983;1984;red;1:64;Year Lists;List_of_1984_Majorette;https://static.wikia.nocookie.net/majorette_model_cars/images/a/a6/Majorette_Pontiac_Firebird_%28red%2C_19_turbo%2C_ELO_wheels%29.jpg/revision/latest?cb=20201116160639;293_1.jpg
311;BMW 733;BMW;Majorette Mainline;1979;1984;;1:64;Year Lists;List_of_1984_Majorette;https://static.wikia.nocookie.net/majorette_model_cars/images/5/55/BMW_733_%28red%2C_3S%29_1984.jpg/revision/latest?cb=20210619152041;311_4.jpg
325;Mercedes-Benz 450 SE;Mercedes-Benz;Majorette Mainline;1983;1984;;1:64;Year Lists;List_of_1984_Majorette;https://static.wikia.nocookie.net/majorette_model_cars/images/e/e0/Mercedes-Benz_450_SE_%2B_Caravane_%281983%29_%28metallic_copper%29%29.jpg/revision/latest?cb=20210523192144;325_1.jpg
338;Oldsmobile (Omega);Majorette;Majorette Mainline;1982;1984;;1:64;Year Lists;List_of_1984_Majorette;https://static.wikia.nocookie.net/majorette_model_cars/images/f/f6/Oldsmobile_%28Omega%29_%2B_Sailboat_%281983%29_%28blue_3S%291984.jpg/revision/latest?cb=20210314145725;338_2.jpg
343;Renault JP4;Renault;Majorette Mainline;1973;1984;;1:64;Year Lists;List_of_1984_Majorette;https://static.wikia.nocookie.net/majorette_model_cars/images/3/3c/Renault_JP4_%2B_inflatable_boat_trailer_%281984%29.jpg/revision/latest?cb=20210523160202;343_4.jpg
368;Renault 18 + St Tropez Camper;Renault;Majorette Mainline;1977;1984;;1:64;Year Lists;List_of_1984_Majorette;https://static.wikia.nocookie.net/majorette_model_cars/images/2/20/Renault_18_%2B_St_Tropez_Caravan_%28blue%2C_3S%29_1983.jpg/revision/latest?cb=20210210115939;368_4.jpg
378;US Van;Majorette;Majorette Mainline;1978;1984;;1:64;Year Lists;List_of_1984_Majorette;https://static.wikia.nocookie.net/majorette_model_cars/images/7/7e/US_Van_%2B_motorcycle_trailer_%281984%29.jpg/revision/latest?cb=20210611201230;378_5.jpg
379;Magirus Semi Powder Transporter;Magirus;Majorette Mainline;1979;1984;;1:64;Year Lists;List_of_1984_Majorette;https://static.wikia.nocookie.net/majorette_model_cars/images/c/cb/Magirus_Semi_Powder_Transporter_%28orange%29.jpg/revision/latest?cb=20210910175531;379_1.jpg
382;Toyota Pick-Up (Hilux);Toyota;Majorette Mainline;1979;1984;;1:64;Year Lists;List_of_1984_Majorette;https://static.wikia.nocookie.net/majorette_model_cars/images/0/0a/Toyota_Hilux_%2B_Compressor_%28white%29.jpg/revision/latest?cb=20210910185729;382_3.jpg
204;Bank Security;Generic;Majorette Mainline;1980;1985;yellow;1:64;Year Lists;List_of_1985_Majorette;https://static.wikia.nocookie.net/majorette_model_cars/images/d/d8/Bank_Security_%28yellow%2C_green_sticker_Bank_Security%2C_5RDL%29.jpg/revision/latest?cb=20200717123447;204_4.jpg
206;Pontiac Fiero;Pontiac;Majorette Mainline;1985;1985;White & dark blue;1:64;Year Lists;List_of_1985_Majorette;https://static.wikia.nocookie.net/majorette_model_cars/images/3/3e/Majorette_Pontiac_Fiero_%28white_%26_blue%2C_no_tampos%29.jpg/revision/latest?cb=20220526175705;206_4.jpg
216;Toyota Lite Ace;Toyota;Majorette Mainline;1983;1985;Silver;1:64;Year Lists;List_of_1985_Majorette;https://static.wikia.nocookie.net/majorette_model_cars/images/d/da/Toyota_lite_ace_1985_%28France%2C_Silver_red_interior%29.jpg/revision/latest?cb=20210811191013;216_5.jpg
218;Mercedes-Benz NG Garbage Truck;Mercedes-Benz;Majorette Mainline;1978;1985;Green;1:64 / 1:87;Year Lists;List_of_1985_Majorette;https://static.wikia.nocookie.net/majorette_model_cars/images/3/30/Majorette_Mercedes-Benz_NG_Garbage_Truck_%28green%2C_hippopotamus%2C_NUCS-NUC_wheels%29.jpg/revision/latest?cb=20200531154659;218_3.jpg
219;Honda Accord;Honda;Majorette Mainline;1984;1985;yellow;1:64;Year Lists;List_of_1985_Majorette;https://static.wikia.nocookie.net/majorette_model_cars/images/2/2e/Majorette_Honda_Accord_%28yellow%2C_blue_stripes_on_sides_%26_hood%2C_red_interior%29.jpg/revision/latest?cb=20210314131102;219_7.jpg
223;Crazy Car 4x4;Generic (based Talbot);Majorette Mainline;1981;1985;blue;1:64;Year Lists;List_of_1985_Majorette;https://static.wikia.nocookie.net/majorette_model_cars/images/b/bc/Majorette_4_x_4_Crazy_Car_%28blue%2C_crazy_car%2C_red_stripe%29.jpg/revision/latest?cb=20201130220409;223_2.jpg
230;Volvo 760 GLE;Volvo;Majorette Mainline;1985;1985;metallic light blue;1:64;Year Lists;List_of_1985_Majorette;https://static.wikia.nocookie.net/majorette_model_cars/images/d/d9/Majorette_Volvo_760_GLE_%28light_blue%2C_white_interior%2C_red_%26_black_stripes_on_sides%29.jpg/revision/latest?cb=20210619164035;230_3.jpg
239;Fiat Ritmo;Fiat;Majorette Mainline;1981;1985;Yellow;1:64;Year Lists;List_of_1985_Majorette;https://static.wikia.nocookie.net/majorette_model_cars/images/f/f6/Majorette_Fiat_Ritmo_%28yellow%2C_abarth_2000%29.jpg/revision/latest?cb=20200531154315;239_6.jpg
246;Range Rover Rescue Unit;Land Rover;Majorette Mainline;1978;1985;red;1:64;Year Lists;List_of_1985_Majorette;https://static.wikia.nocookie.net/majorette_model_cars/images/6/64/Majorette_Range_Rover_Rescue_Unit_%28red%2C_blue_windows%2C_3_rescue_team_on_hood%29.jpg/revision/latest?cb=20201120130451;246_1.jpg
249;Mercedes-Benz 450 SE;Mercedes-Benz;Majorette Mainline;1978;1985;metallic green;1:64;Year Lists;List_of_1985_Majorette;https://static.wikia.nocookie.net/majorette_model_cars/images/4/4a/Majorette_Mercedes-Benz_450_SE_%28green%29.jpg/revision/latest?cb=20211022091511;249_4.jpg
252;Renault JP4;Renault;Majorette Mainline;1983;1985;red;1:64;Year Lists;List_of_1985_Majorette;https://static.wikia.nocookie.net/majorette_model_cars/images/d/dd/Majorette_Renault_JP4_%28red%2C_6S_wheels%2C_full_bumper%29.jpg/revision/latest?cb=20200809191851;252_3.jpg
253;Oldsmobile (Omega);Oldsmobile;Majorette Mainline;1981;1985;metallic silver;1:64;Year Lists;List_of_1985_Majorette;https://static.wikia.nocookie.net/majorette_model_cars/images/3/3c/Majorette_Oldsmobile_%28Omega%29_%28metallic_silver%2C_black_%26_red_stripes%2C_red_interior%29.jpg/revision/latest?cb=20210314144315;253_2.jpg
255;R5 Turbo;Renault;Majorette Mainline;1981;1985;red;1:64;Year Lists;List_of_1985_Majorette;https://static.wikia.nocookie.net/majorette_model_cars/images/b/bb/Majorette_R_5_Turbo_%28red%2C_light_orange_interior%2C_6S_wheels%29.jpg/revision/latest?cb=20220224161756;255_5.jpg
256;BMW 733;BMW;Majorette Mainline;1979;1985;white;1:64;Year Lists;List_of_1985_Majorette;https://static.wikia.nocookie.net/majorette_model_cars/images/3/38/BMW_733_%28white%2C_horseshoe_on_hood%2C_NUC%29_1985.jpg/revision/latest?cb=20200830001110;256_4.jpg
257;Mazda RX7;Mazda;Majorette Mainline;1983;1985;orange;1:64;Year Lists;List_of_1985_Majorette;https://static.wikia.nocookie.net/majorette_model_cars/images/4/49/Mazda_RX7_%28orange%2C_6S_wheels%2C_1983%29.jpg/revision/latest?cb=20210221141811;257_6.jpg
262;Minibus Airport;Buses;Majorette Mainline;1979;1985;white;1:64 / 1:87;Year Lists;List_of_1985_Majorette;https://static.wikia.nocookie.net/majorette_model_cars/images/3/36/Minibus_%28white%2C_4_passengers%2C_3S%2C_clear_windows%29.jpg/revision/latest?cb=20201216195018;262_4.jpg
264;Renault Alpine A310;Alpine;Majorette Mainline;1979;1985;white;1:64;Year Lists;List_of_1985_Majorette;https://static.wikia.nocookie.net/majorette_model_cars/images/1/1f/Majorette_Alpine_Renault_A310_%28white%2C_police%2C_clear_windows%29.jpg/revision/latest?cb=20210221150103;264_5.jpg
267;Excalibur;Excalibur;Majorette Mainline;1980;1985;metallic silver;1:64;Year Lists;List_of_1985_Majorette;https://static.wikia.nocookie.net/majorette_model_cars/images/2/25/Majorette_Excalibur_%28metallic_silver%29.jpg/revision/latest?cb=20210910134419;267_3.jpg
268;Chevrolet Corvette;Chevrolet;Majorette Mainline;1984;1985;white;1:64;Year Lists;List_of_1985_Majorette;https://static.wikia.nocookie.net/majorette_model_cars/images/6/60/Chevrolet_Corvette_%28white%2C_Black_%26_red_stripes%2C_turbo%2C_61%29.jpg/revision/latest?cb=20200605213955;268_4.jpg
269;Jeep Cherokee Ambulance;Jeep;Majorette Mainline;1980;1985;white;1:64;Year Lists;List_of_1985_Majorette;https://static.wikia.nocookie.net/majorette_model_cars/images/7/7e/Jeep_Cherokee_Ambulance_1985.jpg/revision/latest?cb=20210521193258;269_1.jpg
271;Alfa Romeo Giulietta (Type 116);Alfa Romeo;Majorette Mainline;1985;1985;red;1:64;Year Lists;List_of_1985_Majorette;https://static.wikia.nocookie.net/majorette_model_cars/images/7/7d/Majorette_Alfa_Romeo_Giulietta_%28Type_116%29_%28red%2C_3S_wheels%29.jpg/revision/latest?cb=20200712192814;271.jpg
273;Toyota 4WD;Toyota;Majorette Mainline;1985;1985;green;1:64;Year Lists;List_of_1985_Majorette;https://static.wikia.nocookie.net/majorette_model_cars/images/6/61/Toyota_4WD_%28green%2C_6S%29_1985.jpg/revision/latest?cb=20201101115455;273.jpg
277;Toyota Land Cruiser (J40);Toyota;Majorette Mainline;1981;1985;red;1:64;Year Lists;List_of_1985_Majorette;https://static.wikia.nocookie.net/majorette_model_cars/images/6/69/Toyota_Land_Cruiser_%28red%29_1985.png/revision/latest?cb=20200801180738;277_2.jpg
4 x 4 Toyota Land Cruiser (J40);1983;white;Majorette Mainline;Toyota;1985;;1:64;Year Lists;List_of_1985_Majorette;https://static.wikia.nocookie.net/majorette_model_cars/images/5/59/4_x_4_Toyota_Landcruiser_%28white%2C_police%29_1985.jpg/revision/latest?cb=20200801175814;4_x_4_Toyota_Land_Cruiser_(J40)_2.jpg
280;Renault 5 (5 doors);Renault;Majorette Mainline;1983;1985;white;1:64;Year Lists;List_of_1985_Majorette;https://static.wikia.nocookie.net/majorette_model_cars/images/5/51/Majorette_Renault_5_%285_doors%29_%28white%2C_tennis_racket_and_net%29.jpg/revision/latest?cb=20200714130047;280_1.jpg
281;Peugeot 205 GTI;Peugeot;Majorette Mainline;1985;1985;silver;1:64;Year Lists;List_of_1985_Majorette;https://static.wikia.nocookie.net/majorette_model_cars/images/6/63/Peugeot_205_GTI_%28silver_gray%29_1985.jpg/revision/latest?cb=20200726153953;281.jpg
284;Saab Turbo;Saab;Majorette Mainline;1982;1985;blue;1:64;Year Lists;List_of_1985_Majorette;https://static.wikia.nocookie.net/majorette_model_cars/images/2/2a/Majorette_Saab_Turbo_%28metallic_blue%29.jpg/revision/latest?cb=20210221135232;284_2.jpg
285;Lancia Montecarlo;Lancia;Majorette Mainline;1982;1985;white;1:64;Year Lists;List_of_1985_Majorette;https://static.wikia.nocookie.net/majorette_model_cars/images/f/ff/Majorette_Lancia_Montecarlo_%28white%2C_6_tour_de_corse%2C_clear_windows%2C_6S_wheels%29.jpg/revision/latest?cb=20210812221643;285_2.jpg
311;BMW 733;BMW;Majorette Mainline;1979;1985;;1:64;Year Lists;List_of_1985_Majorette;https://static.wikia.nocookie.net/majorette_model_cars/images/d/d8/BMW_733_%2B_Horse_Trailer_%28white%2C_1985%29.jpg/revision/latest?cb=20210619153135;311_5.jpg
325;Mercedes-Benz 450 SE;Mercedes-Benz;Majorette Mainline;1983;1985;;1:64;Year Lists;List_of_1985_Majorette;https://static.wikia.nocookie.net/majorette_model_cars/images/3/3b/Mercedes-Benz_450_SE_%2B_Caravane_%281983%29_%28green%29.jpg/revision/latest?cb=20210523192631;325_2.jpg
327;Ford Cargo Tanker;Ford;Majorette Mainline;1985;1985;;1:64;Year Lists;List_of_1985_Majorette;https://static.wikia.nocookie.net/majorette_model_cars/images/6/6f/Ford_Cargo_Tanker_%2B_Trailer_%28blue%2C_the_good_milk_milky%29.jpg/revision/latest?cb=20210210170824;327.jpg
338;Honda Accord;Honda;Majorette Mainline;1982;1985;;1:64;Year Lists;List_of_1985_Majorette;https://static.wikia.nocookie.net/majorette_model_cars/images/4/44/Honda_Accord_%2B_Sailboat_%281982%29_%28yellow%29.jpg/revision/latest?cb=20210314151243;338_3.jpg
343;Renault JP4;Renault;Majorette Mainline;1973;1985;;1:64;Year Lists;List_of_1985_Majorette;https://static.wikia.nocookie.net/majorette_model_cars/images/9/97/Renault_JP4_%2B_inflatable_boat_trailer_%281985%29.jpg/revision/latest?cb=20210523160449;343_5.jpg
364;Mercedes Semi Tank Truck;Mercedes-Benz;Majorette Mainline;1975;1985;;1:64 / 1:87;Year Lists;List_of_1985_Majorette;https://static.wikia.nocookie.net/majorette_model_cars/images/f/fd/Majorette_Mercedes_Semi_Tank_Truck_%28white%2C_agip%29.jpg/revision/latest?cb=20210911173637;364_5.jpg
201;Visa Chrono;Citroën;Majorette Mainline;1984;1986;white;1:64;Year Lists;List_of_1986_Majorette;https://static.wikia.nocookie.net/majorette_model_cars/images/7/7e/Majorette_Visa_Chrono_%28white%2C_red_7_total%2C_roues_motrices%2C_8DOT_wheels%29.jpg/revision/latest?cb=20200714092308;201_1.jpg
202;Triumph TR7;Triumph;Majorette Mainline;1982;1986;red;1:64;Year Lists;List_of_1986_Majorette;https://static.wikia.nocookie.net/majorette_model_cars/images/3/3c/Triumph_TR7_%28red%2C_35_tr7_triumph%2C_blue_%26_silver_stripes%2C_yellow_windows%2C_ELO_wheels%29.jpg/revision/latest?cb=20210529163704;202_3.jpg
204;Bank Security;Generic;Majorette Mainline;1980;1986;yellow;1:64;Year Lists;List_of_1986_Majorette;https://static.wikia.nocookie.net/majorette_model_cars/images/b/b0/Bank_Security_%28yellow%2C_red_white_dark_blue_print_BANK_SECURITY%2C_5RDL%29_1986.jpg/revision/latest?cb=20200717124213;204_5.jpg
206;Pontiac Fiero;Pontiac;Majorette Mainline;1985;1986;white & dark blue;1:64;Year Lists;List_of_1986_Majorette;https://static.wikia.nocookie.net/majorette_model_cars/images/9/94/Majorette_Pontiac_Fiero_%28white_%26_blue%2C_mobil_3%29.jpg/revision/latest?cb=20200611145457;206_5.jpg
207;Pompier;Generic;Majorette Mainline;1986;1986;red;1:64;Year Lists;List_of_1986_Majorette;https://static.wikia.nocookie.net/majorette_model_cars/images/c/c8/Majorette_Pompier%2C_red%2C_no_tampo%2C_white_ladder%2C_france_version%29.jpg/revision/latest?cb=20200531154828;207_1.jpg
209;Porsche Turbo;Porsche;Majorette Mainline;1983;1986;red;1:64;Year Lists;List_of_1986_Majorette;https://static.wikia.nocookie.net/majorette_model_cars/images/7/71/Majorette_Porsche_Turbo_%28red%2C_16%2C_black_%26_silver_stripes%2C_ELO_wheels%29.jpg/revision/latest?cb=20200719140849;209_2.jpg
212;Ford Escort XR3;Ford;Majorette Mainline;1983;1986;yellow;1:64;Year Lists;List_of_1986_Majorette;https://static.wikia.nocookie.net/majorette_model_cars/images/b/b9/Majorette_Ford_Escort_XR3_%28yellow%2C_orange_black_red_on_hood%2C_red_black_on_sides%2C_ELO_wheels%29.jpg/revision/latest?cb=20200531154346;212_2.jpg
215;Chevrolet Corvette;Chevrolet;Majorette Mainline;1984;1986;blue;1:64;Year Lists;List_of_1986_Majorette;https://static.wikia.nocookie.net/majorette_model_cars/images/3/39/Majorette_Chevrolet_Corvette_%28metallic_blue%2C_black_%26_gold_artwork%29.jpg/revision/latest?cb=20220529114322;215_3.jpg
216;Toyota Lite Ace;Toyota;Majorette Mainline;1983;1986;white;1:64;Year Lists;List_of_1986_Majorette;https://static.wikia.nocookie.net/majorette_model_cars/images/3/3e/Majorette_Toyota_Lite_Ace_%28white%2C_eagle%29.jpg/revision/latest?cb=20210811190914;216_6.jpg
217;Ford Thunderbird;Ford;Majorette Mainline;1986;1986;red;1:64;Year Lists;List_of_1986_Majorette;https://static.wikia.nocookie.net/majorette_model_cars/images/3/37/Majorette_Ford_Thunderbird_%28red%29.jpg/revision/latest?cb=20200925100706;217_5.jpg
220;Mustang SVO;Ford;Majorette Mainline;1986;1986;metallic light blue;1:64;Year Lists;List_of_1986_Majorette;https://static.wikia.nocookie.net/majorette_model_cars/images/7/70/Majorette_Mustang_SVO_%28metallic_light_blue%2C_44_mustang_svo%29.jpg/revision/latest?cb=20200831173456;220_6.jpg
221;Audi Quattro;Audi;Majorette Mainline;1983;1986;white;1:64;Year Lists;List_of_1986_Majorette;https://static.wikia.nocookie.net/majorette_model_cars/images/8/82/Majorette_Audi_Quattro_%28white%2C_audi_michelin_on_hood%2C_3_on_doors%29.jpg/revision/latest?cb=20210919122915;221_8.jpg
223;Crazy Car 4x4;Generic (based Talbot);Majorette Mainline;1981;1986;pink;1:64;Year Lists;List_of_1986_Majorette;https://static.wikia.nocookie.net/majorette_model_cars/images/9/9c/Crazy_Car_%28pink%29.jpg/revision/latest?cb=20210920115449;223_3.jpg
224;Fourgon (Camping Car);Ford;Majorette Mainline;1982;1986;White;1:64;Year Lists;List_of_1986_Majorette;https://static.wikia.nocookie.net/majorette_model_cars/images/7/74/Majorette_Fourgon_%28Camping_Car%29_%28white%2C_white_rear_door%2C_8DOT_wheels%29.jpg/revision/latest?cb=20210119141532;224_4.jpg
228;Chevrolet blazer 4x4 Dépanneuse;Chevrolet;Majorette Mainline;1983;1986;red;1:64;Year Lists;List_of_1986_Majorette;https://static.wikia.nocookie.net/majorette_model_cars/images/7/7a/Majorette_Chevrolet_Blazer_4x4_Depanneuse_%28red%2C_auto_assistance%29.jpg/revision/latest?cb=20201126171911;228_2.jpg
230;Volvo 760 GLE;Volvo;Majorette Mainline;1985;1986;silver;1:64;Year Lists;List_of_1986_Majorette;https://static.wikia.nocookie.net/majorette_model_cars/images/0/08/Majorette_Volvo_760_GLE_%28metallic_silver%2C_black_volvo_760_gle%2C_red_stripe%2C_3S_wheels%29.jpg/revision/latest?cb=20200712110343;230_4.jpg
231;Mercedes-Benz 190 E 2.3-16;Mercedes-Benz;Majorette Mainline;1986;1986;metallic green;1:64;Year Lists;List_of_1986_Majorette;https://static.wikia.nocookie.net/majorette_model_cars/images/1/1d/Majorette_Mercedes-Benz_190_E_2.3-16_%28metallic_green%2C_3S2_wheels%29.jpg/revision/latest?cb=20200929180456;231_5.jpg
232;F1 Brabham;Formula 1;Majorette Mainline;1986;1986;white / blue;1:64;Year Lists;List_of_1986_Majorette;https://static.wikia.nocookie.net/majorette_model_cars/images/9/9a/F1_Brabham_%281986%29.jpg/revision/latest?cb=20200809143528;232_6.jpg
234;Ford E-350 (Fourgon);Ford;Majorette Mainline;1982;1986;white;1:64;Year Lists;List_of_1986_Majorette;https://static.wikia.nocookie.net/majorette_model_cars/images/b/b8/Majorette_Fourgon_%28Advertising%29_%28white%2C_hawaiian_surfer%29.jpg/revision/latest?cb=20210611184217;234_4.jpg
236;4 x 4 Cherokee;Jeep;Majorette Mainline;1980;1986;red;1:64;Year Lists;List_of_1986_Majorette;https://static.wikia.nocookie.net/majorette_model_cars/images/d/df/Majorette_4_x_4_Cherokee_%28red%2C_oasis%29.jpg/revision/latest?cb=20211003094750;236_8.jpg
237;Lamborghini Countach;Lamborghini;Majorette Mainline;1980;1986;yellow;1:64;Year Lists;List_of_1986_Majorette;https://static.wikia.nocookie.net/majorette_model_cars/images/3/3f/Lamborghini_Countach_%28yellow%2C_red_black_stripes%2C_36%2C_red_spoiler%29%29.jpg/revision/latest?cb=20200610144448;237_4.jpg
238;F1 Racing;Formula 1;Majorette Mainline;1986;1986;green;1:64;Year Lists;List_of_1986_Majorette;https://static.wikia.nocookie.net/majorette_model_cars/images/d/d1/Majorette_F1_Racing_%28green%2C_benetton_8%29.jpg/revision/latest?cb=20200808190759;238_6.jpg
240;Chevrolet Impala;Chevrolet;Majorette Mainline;1986;1986;white / black;1:64;Year Lists;List_of_1986_Majorette;https://static.wikia.nocookie.net/majorette_model_cars/images/b/b5/Majorette_Chevrolet_Impala_Police_%28white_%26_black%2C_n31_on_sides_and_roof%2C_police%2C_blue_windows%29.jpg/revision/latest?cb=20201114141106;240_6.jpg
244;Jeep CJ-7 4 x 4 Hardtop;Jeep;Majorette Mainline;1984;1986;green;1:64;Year Lists;List_of_1986_Majorette;https://static.wikia.nocookie.net/majorette_model_cars/images/6/61/244_Majorette_Jeep_CJ-7_4_x_4_%28green%2C_black_black_top%2C1987%29_France.jpg/revision/latest?cb=20200701212640;244_6.jpg
245;Ford Cargo Tanker;Ford;Majorette Mainline;1984;1986;white;1:64;Year Lists;List_of_1986_Majorette;https://static.wikia.nocookie.net/majorette_model_cars/images/b/b5/Ford_Cargo_Tanker_%28white%2C_shell%2C_NUC_wheels%2C_1986%29.jpg/revision/latest?cb=20200627231303;245_6.jpg
248;Pontiac Firebird Trans Am;Pontiac;Majorette Mainline;1983;1986;black;1:64;Year Lists;List_of_1986_Majorette;https://static.wikia.nocookie.net/majorette_model_cars/images/e/e7/Majorette_Pontiac_Firebird_%28black%2C_trans_am%2C_yellow_interior%2C_ELO_wheels%29.jpg/revision/latest?cb=20210909155627;248_2.jpg
250;US Van;Ford;Majorette Mainline;1981;1986;black;1:64;Year Lists;List_of_1986_Majorette;https://static.wikia.nocookie.net/majorette_model_cars/images/a/a1/Majorette_Fourgon_%28US_Van%29_%28black%2C_red_interior%2C_6S_wheels%29.jpg/revision/latest?cb=20210611190959;250_5.jpg
253;Oldsmobile (Omega);Oldsmobile;Majorette Mainline;1981;1986;white;1:64;Year Lists;List_of_1986_Majorette;https://static.wikia.nocookie.net/majorette_model_cars/images/f/f2/Majorette_Oldsmobile_%28Omega%29_%28white%2C_23_Seiko%2C_black_%26_red_roof%2C_8DOT_wheels%29.jpg/revision/latest?cb=20210314144427;253_3.jpg
255;Renault Maxi 5 Turbo;Renault;Majorette Mainline;1981;1986;dark blue;1:64;Year Lists;List_of_1986_Majorette;https://static.wikia.nocookie.net/majorette_model_cars/images/5/53/Majorette_Renault_Maxi_5_Turbo_%28dark_blue%2C_philips_3%2C_yellow_windows%2C_ELO_wheels%29.jpg/revision/latest?cb=20220224163458;255_6.jpg
256;BMW 733;BMW;Majorette Mainline;1979;1986;white;1:64;Year Lists;List_of_1986_Majorette;https://static.wikia.nocookie.net/majorette_model_cars/images/9/97/Majorette_BMW_733_%28white%2C_horseshoe_green_background_on_hood%29.jpg/revision/latest?cb=20200829233714;256_5.jpg
257;Mazda RX7;Mazda;Majorette Mainline;1983;1986;white;1:64;Year Lists;List_of_1986_Majorette;https://static.wikia.nocookie.net/majorette_model_cars/images/d/db/Majorette_Mazda_RX7_%28white%2C_rx7_black_%26_red_stripes%29.jpg/revision/latest?cb=20210221141043;257_7.jpg
259;Fourgon (Glacier);Ford;Majorette Mainline;1982;1986;red;1:64;Year Lists;List_of_1986_Majorette;https://static.wikia.nocookie.net/majorette_model_cars/images/2/29/Fourgon_Glacier_%28259%2C_red%29_%282%29.jpg/revision/latest?cb=20200910185609;259_2.jpg
260;Explorateur;Volvo;Majorette Mainline;1983;1986;blue;1:64;Year Lists;List_of_1986_Majorette;https://static.wikia.nocookie.net/majorette_model_cars/images/d/da/Majorette_Explorateur_%28blue%2C_483%2C_tunis_dakar%29.jpg/revision/latest?cb=20200531154254;260_6.jpg
261;Morgan Plus 8;Morgan;Majorette Mainline;1979;1986;red;1:64;Year Lists;List_of_1986_Majorette;https://static.wikia.nocookie.net/majorette_model_cars/images/1/1a/Morgan_Plus_8_%28red%2C_white_roof%29_1986.jpg/revision/latest?cb=20200815195738;261_4.jpg
262;Minibus Airport;Buses;Majorette Mainline;1979;1986;white / green;1:64 / 1:87;Year Lists;List_of_1986_Majorette;https://static.wikia.nocookie.net/majorette_model_cars/images/2/26/Minibus_%28green%2C_alitalia%2C_4_passengers%29.jpg/revision/latest?cb=20210525125904;262_5.jpg
267;Excalibur;Excalibur;Majorette Mainline;1980;1986;metallic light blue;1:64;Year Lists;List_of_1986_Majorette;https://static.wikia.nocookie.net/majorette_model_cars/images/f/fb/Majorette_Excalibur_%28blue%29.jpg/revision/latest?cb=20210910134458;267_4.jpg
268;Chevrolet Corvette;Chevrolet;Majorette Mainline;1984;1986;black;1:64;Year Lists;List_of_1986_Majorette;https://static.wikia.nocookie.net/majorette_model_cars/images/8/84/Majorette_Chevrolet_Corvette_%28black%2C_silver_stripes%2C_turbo%2C_61%29.jpg/revision/latest?cb=20201118181848;268_5.jpg
270;Autobianchi A112;Autobianchi;Majorette Mainline;1984;1986;yellow;1:64;Year Lists;List_of_1986_Majorette;https://static.wikia.nocookie.net/majorette_model_cars/images/6/6b/Majorette_Autobianchi_A112_%28metallic_light_orange%2C_clear_windows%2C_3S2_wheels%29.jpg/revision/latest?cb=20200724211814;270_1.jpg
272;Ford Sierra;Ford;Majorette Mainline;1984;1986;yellow;1:64;Year Lists;List_of_1986_Majorette;https://static.wikia.nocookie.net/majorette_model_cars/images/e/e3/Majorette_Ford_Sierra_%28yellow%2C_red_sierra_%26_stripes_on_sides_%26_hood%2C_3S2_wheels%29.jpg/revision/latest?cb=20200925103642;272_1.jpg
273;Toyota 4WD;Toyota;Majorette Mainline;1985;1986;metallic neon green;1:64;Year Lists;List_of_1986_Majorette;https://static.wikia.nocookie.net/majorette_model_cars/images/8/89/Majorette_Toyota_4WD_%28metallic_neon_green%2C_4WD_black_stripes%29.jpg/revision/latest?cb=20220323132256;273_1.jpg
275;Renault 11;Renault;Majorette Mainline;1984;1986;red;1:64;Year Lists;List_of_1986_Majorette;https://static.wikia.nocookie.net/majorette_model_cars/images/4/43/Majorette_Renault_11_%28red%2C_gold_11_on_hood%2C_yellow_sunroof%2C_8dot_wheels%29.jpg/revision/latest?cb=20200717225903;275_1.jpg
277;Toyota Land Cruiser (J40);Toyota;Majorette Mainline;1981;1986;beige;1:64;Year Lists;List_of_1986_Majorette;https://static.wikia.nocookie.net/majorette_model_cars/images/e/ef/Majorette_Toyota_Land_Cruiser_%28J40%29_%28beige%2C_green_raid_76_african_safari%2C_OR4S_wheels%29.jpg/revision/latest?cb=20210612105136;277_3.jpg
4 x 4 Toyota Land Cruiser (J40);1983;beige;Majorette Mainline;Toyota;1986;;1:64;Year Lists;List_of_1986_Majorette;https://static.wikia.nocookie.net/majorette_model_cars/images/e/e1/4_x_4_Toyota_Land_cruiser_%28beige%2C_red_african_safari_kenya%29.jpg/revision/latest?cb=20200801191928;4_x_4_Toyota_Land_Cruiser_(J40)_3.jpg
278;Western Locomotive;Majorette;Majorette Mainline;1982;1986;blue / red;1:64;Year Lists;List_of_1986_Majorette;https://static.wikia.nocookie.net/majorette_model_cars/images/b/b7/Majorette_Western_Locomotive_%28blue_%26_red%29.jpg/revision/latest?cb=20201123150651;278_1.jpg
279;Fourgon Police;Ford;Majorette Mainline;1982;1986;White;1:64;Year Lists;List_of_1986_Majorette;https://static.wikia.nocookie.net/majorette_model_cars/images/1/13/Majorette_Fourgon_Police_%28white%2C_police_sticker_on_sides%29.jpg/revision/latest?cb=20220731133300;279_2.jpg
280;Renault 5 (5 doors);Renault;Majorette Mainline;1983;1986;pink;1:64;Year Lists;List_of_1986_Majorette;https://static.wikia.nocookie.net/majorette_model_cars/images/9/98/Majorette_Renault_5_%285_doors%29_%28pink%2C_red_hearts%29.jpg/revision/latest?cb=20200714130303;280_2.jpg
281;Peugeot 205 GTI;Peugeot;Majorette Mainline;1985;1986;metallic blue;1:64;Year Lists;List_of_1986_Majorette;https://static.wikia.nocookie.net/majorette_model_cars/images/b/b2/Majorette_Peugeot_205_GTI_%28metallic_blue%2C_gold_peugeot_logo_on_hood%29.jpg/revision/latest?cb=20200726151757;281_1.jpg
282;F1 Ferrari;Ferrari;Majorette Mainline;1986;1986;red;1:64;Year Lists;List_of_1986_Majorette;https://static.wikia.nocookie.net/majorette_model_cars/images/3/31/F1_Ferrari_%2828%29_France.jpg/revision/latest?cb=20200824130441;282.jpg
284;Saab Turbo;Saab;Majorette Mainline;1982;1986;metallic dark green;1:64;Year Lists;List_of_1986_Majorette;https://static.wikia.nocookie.net/majorette_model_cars/images/2/25/Majorette_Saab_Turbo_%28metallic_dark_green%29.jpg/revision/latest?cb=20210221135311;284_3.jpg
285;Lancia Montecarlo;Lancia;Majorette Mainline;1982;1986;white;1:64;Year Lists;List_of_1986_Majorette;https://static.wikia.nocookie.net/majorette_model_cars/images/5/53/Majorette_Lancia_Montecarlo_%28white%2C_68_lubrifilm%2C_black_interior%2C_ELO_wheels%29.jpg/revision/latest?cb=20210812221737;285_3.jpg
287;Toyota Pick-Up (Hilux);Toyota;Majorette Mainline;1982;1986;orange;1:64;Year Lists;List_of_1986_Majorette;https://static.wikia.nocookie.net/majorette_model_cars/images/7/73/Toyota_Pick-ip_%28hilux%29_%28orange%29_1986.jpg/revision/latest?cb=20200730205827;287_1.jpg
4 x 4 Toyota Pick-Up (Hilux);1983;red;Majorette Mainline;Toyota;1986;;1:64;Year Lists;List_of_1986_Majorette;https://static.wikia.nocookie.net/majorette_model_cars/images/1/14/Majorette_4_x_4_Toyota_Pick-Up_Hilux_%28red%29_1986.jpg/revision/latest?cb=20200730215103;4_x_4_Toyota_Pick-Up_(Hilux)_1.jpg
289;F1 Mc Laren;Formula 1;Majorette Mainline;1986;1986;white;1:64;Year Lists;List_of_1986_Majorette;https://static.wikia.nocookie.net/majorette_model_cars/images/6/69/F1_Mc_Laren_%281%2C_Boss_TAG%29.jpg/revision/latest?cb=20200809132736;289.jpg
290;Jeep CJ-7 4 x 4 Roll Bar;Jeep;Majorette Mainline;1984;1986;black;1:64;Year Lists;List_of_1986_Majorette;https://static.wikia.nocookie.net/majorette_model_cars/images/2/24/290_Jeep_CJ-7_4_x_4_%281987%2C_black%2C_red_rollbar%29_France.jpg/revision/latest?cb=20200701213820;290_1.jpg
291;Chevrolet Blazer 4x4;Chevrolet;Majorette Mainline;1984;1986;metallic blue;1:64;Year Lists;List_of_1986_Majorette;https://static.wikia.nocookie.net/majorette_model_cars/images/1/1e/Chevrolet_Blazer_4x4_%28blue%2C_4WD%29_1986.jpg/revision/latest?cb=20201124232525;291_1.jpg
292;4 x 4 Toyota Pick-Up (Hilux);Toyota;Majorette Mainline;1983;1986;yellow;1:64;Year Lists;List_of_1986_Majorette;https://static.wikia.nocookie.net/majorette_model_cars/images/9/9d/4_x_4_Toyota_Pick-Up_%28Hilux%29_%28yellow%29_1987.png/revision/latest?cb=20200730211617;292_1.jpg
293;Pontiac Firebird Turbo;Pontiac;Majorette Mainline;1983;1986;green;1:64;Year Lists;List_of_1986_Majorette;https://static.wikia.nocookie.net/majorette_model_cars/images/a/a1/Majorette_Pontiac_Firebird_%28metallic_green%2C_19_turbo%2C_ELO_wheels%29.jpg/revision/latest?cb=20200719145503;293_2.jpg
311;BMW 733;BMW;Majorette Mainline;1979;1986;;1:64;Year Lists;List_of_1986_Majorette;https://static.wikia.nocookie.net/majorette_model_cars/images/5/5d/BMW_733_%2B_Horse_Trailer_%281986%29.jpg/revision/latest?cb=20210619160118;311_6.jpg
318;Jeep CJ-7;Jeep;Majorette Mainline;1980;1986;;1:64;Year Lists;List_of_1986_Majorette;https://static.wikia.nocookie.net/majorette_model_cars/images/7/70/Jeep_CJ-7_%2B_Formula_1_%28black%2C_red_rollbar%29.jpg/revision/latest?cb=20210303161801;318_3.jpg
325;Ford Sierra;Ford;Majorette Mainline;1983;1986;;1:64;Year Lists;List_of_1986_Majorette;https://static.wikia.nocookie.net/majorette_model_cars/images/8/8a/Majorette_Ford_Sierra_%28yellow%2C_red_sierra_%26_stripes_on_sides_%26_hood%2C_3S%29_%2B_caravan.jpg/revision/latest?cb=20201216154018;325_3.jpg
326;Diligence;Majorette;Majorette Mainline;1983;1986;;1:64;Year Lists;List_of_1986_Majorette;https://static.wikia.nocookie.net/majorette_model_cars/images/7/74/Majorette_Diligence_%28green%2C_black_horses%29.jpg/revision/latest?cb=20210805143007;326_1.jpg
364;Mercedes Semi Tank Truck;Mercedes-Benz;Majorette Mainline;1975;1986;;1:64 / 1:87;Year Lists;List_of_1986_Majorette;https://static.wikia.nocookie.net/majorette_model_cars/images/8/82/Majorette_Mercedes_Semi_Tank_Trunk_%28yellow%2C_agip%29.jpg/revision/latest?cb=20210911185412;364_6.jpg
373;Neoplan Autocar Jetliner;Majorette;Majorette Mainline;1977;1986;;1:64;Year Lists;List_of_1986_Majorette;https://static.wikia.nocookie.net/majorette_model_cars/images/0/07/Neoplan_Autocar_Jetliner_%28red%2C_happy_holidays%2C_NUC2%29_1986.jpg/revision/latest?cb=20210609152600;373_4.jpg
376;Range Rover Rescue Unit;Land Rover;Majorette Mainline;1978;1986;;1:64;Year Lists;List_of_1986_Majorette;https://static.wikia.nocookie.net/majorette_model_cars/images/f/f0/Range_Rover_Rescue_Unit_%28Rescue_team%2C_clear_windows%29_%2B_Reservoir_%28red%2C_rescue_team%29_%281986%29.jpg/revision/latest?cb=20210922114913;376_2.jpg
378;US Van;Majorette;Majorette Mainline;1978;1986;;1:64;Year Lists;List_of_1986_Majorette;https://static.wikia.nocookie.net/majorette_model_cars/images/6/60/US_Van_%2B_motorcycle_trailer_%281986%29.jpg/revision/latest?cb=20210611201840;378_6.jpg
382;Toyota Pick-Up (Hilux);Toyota;Majorette Mainline;1979;1986;;1:64;Year Lists;List_of_1986_Majorette;https://static.wikia.nocookie.net/majorette_model_cars/images/3/3c/Toyota_Hilux_%2B_Compressor_%28orange%29.jpg/revision/latest?cb=20210910190704;382_4.jpg
202;Triumph TR7;Triumph;Majorette Mainline;1982;1987;orange;1:64;Year Lists;List_of_1987_Majorette;https://static.wikia.nocookie.net/majorette_model_cars/images/0/01/Majorette_Triumph_TR7_%28orange%2C_35_tr7_triumph%2C_red_%26_white_stripes%2C_ELO_wheels%29.jpg/revision/latest?cb=20201028112928;202_4.jpg
204;Bank Security;Generic;Majorette Mainline;1980;1987;white;1:64;Year Lists;List_of_1987_Majorette;https://static.wikia.nocookie.net/majorette_model_cars/images/6/67/Bank_Security_%28white%2C_blue_red_print_BANK_SECURITY%2C_5RDL%29_1987.jpg/revision/latest?cb=20201116170536;204_6.jpg
205;Renault 5 Supercinq GT Turbo;Renault;Majorette Mainline;1987;1987;black;1:64;Year Lists;List_of_1987_Majorette;https://static.wikia.nocookie.net/majorette_model_cars/images/4/4b/Renault_5_Supercinq_GT_Turbo_%28black%29_1987.jpg/revision/latest?cb=20200926141857;205_6.jpg
206;Pontiac Fiero;Pontiac;Majorette Mainline;1985;1987;white & dark blue;1:64;Year Lists;List_of_1987_Majorette;https://static.wikia.nocookie.net/majorette_model_cars/images/8/88/Majorette_Pontiac_Fiero_%28white_%26_blue%2C_turbo_3_fiero%2C_red_stripes%29.jpg/revision/latest?cb=20210524215019;206_6.jpg
207;Pompier;Generic;Majorette Mainline;1986;1987;red;1:64;Year Lists;List_of_1987_Majorette;https://static.wikia.nocookie.net/majorette_model_cars/images/9/9e/Majorette_Pompier_%28red%2C_thailand%29.jpg/revision/latest?cb=20200601203345;207_2.jpg
208 / 316;Tracteur (1980);Generic;Majorette Mainline;1980;1987;green;1:64;Year Lists;List_of_1987_Majorette;https://static.wikia.nocookie.net/majorette_model_cars/images/1/16/Majorette_Tracteur_%281980%29_%28green%2C_black_motor%29.jpg/revision/latest?cb=20201111104541;208_-_316.jpg
211;Ferrari GTO;Ferrari;Majorette Mainline;1987;1987;red;1:64;Year Lists;List_of_1987_Majorette;https://static.wikia.nocookie.net/majorette_model_cars/images/a/a0/Majorette_Ferrari_GTO_%28red%2C_ferrari_logo_on_hood%29.jpg/revision/latest?cb=20200725162309;211_2.jpg
212;Ford Escort XR3;Ford;Majorette Mainline;1983;1987;black;1:64;Year Lists;List_of_1987_Majorette;https://static.wikia.nocookie.net/majorette_model_cars/images/8/87/Ford_escort_XR3_%28black%29.jpg/revision/latest?cb=20201116161237;212_3.jpg
213;Chevrolet Impala;Chevrolet;Majorette Mainline;1986;1987;yellow;1:64;Year Lists;List_of_1987_Majorette;https://static.wikia.nocookie.net/majorette_model_cars/images/a/ab/Majorette_Chevrolet_Impala_Taxi_%28yellow%2C_8dot_wheels%2C_france_version%29.jpg/revision/latest?cb=20201114142159;213_6.jpg
215;Chevrolet Corvette;Chevrolet;Majorette Mainline;1984;1987;blue;1:64;Year Lists;List_of_1987_Majorette;https://static.wikia.nocookie.net/majorette_model_cars/images/6/6f/Majorette_Chevrolet_Corvette_%28blue%2C_tsp_43_goodyear%2C_red_stripes%29.jpg/revision/latest?cb=20201118181130;215_4.jpg
219;Honda Accord;Honda;Majorette Mainline;1984;1987;pale green;1:64;Year Lists;List_of_1987_Majorette;https://static.wikia.nocookie.net/majorette_model_cars/images/0/0f/Majorette_Honda_Accord_%28pale_green%2C_white_stripes%29_1987.jpg/revision/latest?cb=20201116150351;219_8.jpg
222;Renault 25;Renault;Majorette Mainline;1987;1987;metallic gray;1:64;Year Lists;List_of_1987_Majorette;https://static.wikia.nocookie.net/majorette_model_cars/images/d/d0/Majorette_Renault_25_%28metallic_gray%29_1987.jpg/revision/latest?cb=20200724222759;222_3.jpg
223;Crazy Car 4x4;Generic (based Talbot);Majorette Mainline;1981;1987;black;1:64;Year Lists;List_of_1987_Majorette;https://static.wikia.nocookie.net/majorette_model_cars/images/b/b8/Majorette_4_x_4_Crazy_Car_%28black%2C_desert_raider%2C_yellow_%26_red_stripes%29.jpg/revision/latest?cb=20201130221428;223_4.jpg
225;Citroën BX 4 TC;Citroën;Majorette Mainline;1987;1987;white;1:64;Year Lists;List_of_1987_Majorette;https://static.wikia.nocookie.net/majorette_model_cars/images/9/90/Majorette_Citro%C3%ABn_BX_4_TC_%28white%2C_total%2C_closed_doors%29.jpg/revision/latest?cb=20210811185913;225.jpg
226;Rouleau Compresseur;Generic;Majorette Mainline;1983;1987;yellow;1:64;Year Lists;List_of_1987_Majorette;https://static.wikia.nocookie.net/majorette_model_cars/images/e/e0/Majorette_Rouleau_Compresseur_%28yellow%2C_metal_axe_in_roller%29.jpg/revision/latest?cb=20210408222347;226_5.jpg
229;BMW 325i (E30);BMW;Majorette Mainline;1987;1987;metallic silver;1:64;Year Lists;List_of_1987_Majorette;https://static.wikia.nocookie.net/majorette_model_cars/images/9/9d/Majorette_BMW_325i_%28E30%29_%28metallic_silver%2C_325i_black_%26_red_stripes_on_sides%29.jpg/revision/latest?cb=20220320184005;229_9.jpg
230;Volvo 760 GLE;Volvo;Majorette Mainline;1985;1987;silver;1:64;Year Lists;List_of_1987_Majorette;https://static.wikia.nocookie.net/majorette_model_cars/images/8/81/Majorette_Volvo_760_GLE_%28metallic_silver%2C_black_volvo_760_gle%2C_red_stripe%2C_8DOT_wheels%29.jpg/revision/latest?cb=20210619164214;230_5.jpg
231;Mercedes-Benz 190 E 2.3-16;Mercedes-Benz;Majorette Mainline;1986;1987;metallic green;1:64;Year Lists;List_of_1987_Majorette;https://static.wikia.nocookie.net/majorette_model_cars/images/4/40/Majorette_Mercedes-Benz_190_E_2.3-16_%28metallic_green%2C_yellow_interior%2C_8DOT_wheels%29.jpg/revision/latest?cb=20200929180825;231_6.jpg
232;F1 Brabham;Formula 1;Majorette Mainline;1986;1987;white / blue;1:64;Year Lists;List_of_1987_Majorette;https://static.wikia.nocookie.net/majorette_model_cars/images/9/96/Majorette_F1_Brabham_%28blue_%26_white%29.jpg/revision/latest?cb=20220918142339;232_7.jpg
234;Ford E-350 (Fourgon);Ford;Majorette Mainline;1982;1987;Yellow;1:64;Year Lists;List_of_1987_Majorette;https://static.wikia.nocookie.net/majorette_model_cars/images/3/36/Majorette_Fourgon_%28Advertising%29_%28yellow%2C_magic_circus%29.jpg/revision/latest?cb=20201121144131;234_5.jpg
236;4 x 4 Cherokee;Jeep;Majorette Mainline;1980;1987;yellow;1:64;Year Lists;List_of_1987_Majorette;https://static.wikia.nocookie.net/majorette_model_cars/images/d/dc/Majorette_4_x_4_Cherokee_%28red%2C_mad_bull%2C_ribbed_roof%29.jpg/revision/latest?cb=20211003103224;236_9.jpg
237;Lamborghini Countach;Lamborghini;Majorette Mainline;1980;1987;red;1:64;Year Lists;List_of_1987_Majorette;https://static.wikia.nocookie.net/majorette_model_cars/images/c/c5/Majorette_Lamborghini_Countach_%28red%2C_36_BP_black_%26_yellow_stripes%2C_black_interior%29.jpg/revision/latest?cb=20220422221754;237_5.jpg
241;Ford Cargo Covered Truck;Ford;Majorette Mainline;1984;1987;green;1:64 / 1:87;Year Lists;List_of_1987_Majorette;https://static.wikia.nocookie.net/majorette_model_cars/images/3/3a/Majorette_Ford_Cargo_Covered_Truck_%28green%2C_yellow_tarpaulin_super_cargo%2C_2_side_windows%29.jpg/revision/latest?cb=20200531154333;241_5.jpg
242;Pelle Mecanique (Shovel Engine);Poclain;Majorette Mainline;1983;1987;yellow;1:64;Year Lists;List_of_1987_Majorette;https://static.wikia.nocookie.net/majorette_model_cars/images/b/bc/Majorette_Pelle_Mecanique_%28yellow%2C_black_shovel%2C_France_version%29.jpg/revision/latest?cb=20210408210356;242_1.jpg
245 / 327;Ford Cargo Tanker;Ford;Majorette Mainline;1984;1987;white;1:64;Year Lists;List_of_1987_Majorette;https://static.wikia.nocookie.net/majorette_model_cars/images/b/b5/Ford_Cargo_Tanker_%28white%2C_shell%2C_NUC_wheels%2C_1986%29.jpg/revision/latest?cb=20200627231303;245_6.jpg
251;Ford Bronco;Ford;Majorette Mainline;1987;1987;white;1:64;Year Lists;List_of_1987_Majorette;https://static.wikia.nocookie.net/majorette_model_cars/images/6/6c/Majorette_Ford_Bronco_%28white%29_1987.jpg/revision/latest?cb=20201212113231;251_6.jpg
255;Renault Maxi 5 Turbo;Renault;Majorette Mainline;1981;1987;dark blue;1:64;Year Lists;List_of_1987_Majorette;https://static.wikia.nocookie.net/majorette_model_cars/images/8/89/Majorette_Renault_Maxi_5_Turbo_%28blue%2C_philips_3%2C_yellow_windows%2C_6S_wheels%29.jpg/revision/latest?cb=20220224164359;255_7.jpg
257;Mazda RX7;Mazda;Majorette Mainline;1983;1987;white;1:64;Year Lists;List_of_1987_Majorette;https://static.wikia.nocookie.net/majorette_model_cars/images/a/a4/Majorette_Mazda_RX7_%28white%2C_23_black_%26_red_stripes%2C_red_interior%2C_clear_windows%29.jpg/revision/latest?cb=20201120121904;257_8.jpg
263;Tracto (Pelle);Generic;Majorette Mainline;1979;1987;yellow;1:64;Year Lists;List_of_1987_Majorette;https://static.wikia.nocookie.net/majorette_model_cars/images/0/0c/Majorette_Tracto_%28Pelle%29_%28yellow%2C_black_bucket%2C_grey_interior%2C_black_base%2C_France_version%29.jpg/revision/latest?cb=20210612213019;263_2.jpg
265;Renault J Container;Renault;Majorette Mainline;1987;1987;red;1:64;Year Lists;List_of_1987_Majorette;https://static.wikia.nocookie.net/majorette_model_cars/images/3/37/Renault_J_Container_%28red%2C_west_lines%29.jpg/revision/latest?cb=20201126230622;265_3.jpg
266;Land Rover 90 Raid;Land Rover;Majorette Mainline;1987;1987;beige;1:64;Year Lists;List_of_1987_Majorette;https://static.wikia.nocookie.net/majorette_model_cars/images/7/72/Land_Rover_90_Raid_%28beige%29_1987.jpg/revision/latest?cb=20210219112955;266_3.jpg
268;Chevrolet Corvette;Chevrolet;Majorette Mainline;1984;1987;black;1:64;Year Lists;List_of_1987_Majorette;https://static.wikia.nocookie.net/majorette_model_cars/images/a/a3/Majorette_Chevrolet_Corvette_%28black%2C_silver_and_gold_stripes%2C_turbo%2C_61%29.jpg/revision/latest?cb=20201118181808;268_6.jpg
269;Jeep Cherokee Ambulance;Jeep;Majorette Mainline;1980;1987;white;1:64;Year Lists;List_of_1987_Majorette;https://static.wikia.nocookie.net/majorette_model_cars/images/3/33/Majorette_Jeep_Cherokee_Ambulance_%281980%29_%28white%2C_red_cross%2C_ambulance%2C_red_stripes%2C_blue_interior%29.jpg/revision/latest?cb=20220611114726;269_2.jpg
270;Autobianchi A112;Autobianchi;Majorette Mainline;1984;1987;yellow;1:64;Year Lists;List_of_1987_Majorette;https://static.wikia.nocookie.net/majorette_model_cars/images/9/9c/Majorette_Autobianchi_A112_%28metallic_light_orange%2C_8DOT_wheels%29.jpg/revision/latest?cb=20200724212319;270_2.jpg
271;Alfa Romeo Giulietta (Type 116);Alfa Romeo;Majorette Mainline;1985;1987;blue;1:64;Year Lists;List_of_1987_Majorette;https://static.wikia.nocookie.net/majorette_model_cars/images/1/1b/Majorette_Alfa_Romeo_Giulietta_%28Type_116%29_%28blue%2C_polizia%2C_white_interior%2C_white_base%29.jpg/revision/latest?cb=20200712193057;271_1.jpg
272;Ford Sierra;Ford;Majorette Mainline;1984;1987;yellow;1:64;Year Lists;List_of_1987_Majorette;https://static.wikia.nocookie.net/majorette_model_cars/images/d/dc/Majorette_Ford_Sierra_%28yellow%2C_red_sierra_%26_stripes_on_sides_%26_hood%2C_8DOT_wheels%29.jpg/revision/latest?cb=20200925103722;272_2.jpg
273;Toyota 4WD;Toyota;Majorette Mainline;1985;1987;metallic light blue;1:64;Year Lists;List_of_1987_Majorette;https://static.wikia.nocookie.net/majorette_model_cars/images/d/d6/Majorette_Toyota_4WD_%28metallic_blue%2C_4WD_black_stripes%29.jpg/revision/latest?cb=20201028120928;273_2.jpg
275;Renault 11;Renault;Majorette Mainline;1984;1987;white;1:64;Year Lists;List_of_1987_Majorette;https://static.wikia.nocookie.net/majorette_model_cars/images/7/79/Majorette_Renault_11_%28white%2C_michelin_25_on_sides%2C_red_interior%2C_8dot_wheels%29.jpg/revision/latest?cb=20200717230236;275_2.jpg
4 x 4 Toyota Land Cruiser (J40);1983;black;Majorette Mainline;Toyota;1987;;1:64;Year Lists;List_of_1987_Majorette;https://static.wikia.nocookie.net/majorette_model_cars/images/1/18/Majorette_4_x_4_Toyota_Land_Cruiser_%28J40%29_%28black%2C_RAID_86%2C_Kenya_African_safari%29.jpg/revision/latest?cb=20200801170814;4_x_4_Toyota_Land_Cruiser_(J40)_4.jpg
278;Western Locomotive;Majorette;Majorette Mainline;1982;1987;gray / red;1:64;Year Lists;List_of_1987_Majorette;https://static.wikia.nocookie.net/majorette_model_cars/images/b/b1/Majorette_Western_Locomotive_%28gray_%26_red%29.jpg/revision/latest?cb=20201123151344;278_2.jpg
281;Peugeot 205 GTI;Peugeot;Majorette Mainline;1985;1987;black;1:64;Year Lists;List_of_1987_Majorette;https://static.wikia.nocookie.net/majorette_model_cars/images/c/c8/Majorette_Peugeot_205_GTI_%28black%2C_logo_on_hood%2C_red_interior%29.jpg/revision/latest?cb=20200726151951;281_2.jpg
283;GMC Brigadier Crane Truck;GMC;Majorette Mainline;1982;1987;yellow;1:64 / 1:87;Year Lists;List_of_1987_Majorette;https://static.wikia.nocookie.net/majorette_model_cars/images/6/68/Magirus_Crane_Truck_%28yellow%2C_yellow_cab%2C_NUC2%29.jpg/revision/latest?cb=20210221171215;283_1.jpg
285;Lancia Montecarlo;Lancia;Majorette Mainline;1982;1987;white;1:64;Year Lists;List_of_1987_Majorette;https://static.wikia.nocookie.net/majorette_model_cars/images/0/06/Lancia_Montecarlo_%281987%2C_white%2C_lubrifilm_68%2C_ELO_wheels%29.jpg/revision/latest?cb=20210812221810;285_4.jpg
311;Volvo 760 GLE;Volvo;Majorette Mainline;1979;1987;;1:64;Year Lists;List_of_1987_Majorette;https://static.wikia.nocookie.net/majorette_model_cars/images/1/16/Volvo_760_GLE_%2B_Horse_Trailer_%281987%29.jpg/revision/latest?cb=20210619173907;311_7.jpg
325;Ford Sierra;Ford;Majorette Mainline;1983;1987;;1:64;Year Lists;List_of_1987_Majorette;https://static.wikia.nocookie.net/majorette_model_cars/images/5/59/Majorette_Ford_Sierra_%28yellow%2C_red_sierra_%26_stripes_on_sides_%26_hood%2C_8DOT%29%2B_caravan.jpg/revision/latest?cb=20201216154834;325_4.jpg
328;Toyota Land Cruiser (J40);Toyota;Majorette Mainline;1987;1987;;1:64;Year Lists;List_of_1987_Majorette;https://static.wikia.nocookie.net/majorette_model_cars/images/6/6a/Toyota_Land_Cruiser_%28J40%29_%2B_Lion_Cage_Trailer_%281987%29.jpg/revision/latest?cb=20210612115050;328.jpg
338;Honda Accord;Honda;Majorette Mainline;1982;1987;;1:64;Year Lists;List_of_1987_Majorette;https://static.wikia.nocookie.net/majorette_model_cars/images/b/bb/Honda_Accord_%2B_Sailboat_%281982%29_%28metallic_light_green%29.jpg/revision/latest?cb=20210314151433;338_4.jpg
339;Cadillac Stretch Limousine;Cadillac;Majorette Mainline;1987;1987;;1:64;Year Lists;List_of_1987_Majorette;https://static.wikia.nocookie.net/majorette_model_cars/images/f/f9/Cadillac_Stretch_Limousine_%28anthracite%2C_France_version%29_1991.png/revision/latest?cb=20210313201958;339.jpg
343;Renault JP4;Renault;Majorette Mainline;1973;1987;;1:64;Year Lists;List_of_1987_Majorette;https://static.wikia.nocookie.net/majorette_model_cars/images/0/0b/Renault_JP4_%2B_inflatable_boat_trailer_%281987%29.jpg/revision/latest?cb=20210523183117;343_6.jpg
344;Ford E-350 (Fourgon);Ford;Majorette Mainline;1987;1987;;1:64;Year Lists;List_of_1987_Majorette;https://static.wikia.nocookie.net/majorette_model_cars/images/3/36/Majorette_Fourgon_%28Advertising%29_%28yellow%2C_magic_circus%29.jpg/revision/latest?cb=20201121144131;234_5.jpg
362;Land Rover 90 Raid;Land Rover;Majorette Mainline;1987;1987;;1:64;Year Lists;List_of_1987_Majorette;https://static.wikia.nocookie.net/majorette_model_cars/images/f/fa/Land_Rover_90_Raid_%2B_Radar_Trailer_%28white%2C_NASA%2C_5RDL%29.jpg/revision/latest?cb=20210219225011;362.jpg
364;Mercedes Semi Tank Truck;Mercedes-Benz;Majorette Mainline;1975;1987;;1:64 / 1:87;Year Lists;List_of_1987_Majorette;https://static.wikia.nocookie.net/majorette_model_cars/images/f/f9/Majorette_Mercedes_Semi_Tank_Trunk_%28yellow%2C_shell%29.jpg/revision/latest?cb=20210911185856;364_7.jpg
369;Tracteur (1980);Majorette;Majorette Mainline;1980;1987;;1:64;Year Lists;List_of_1987_Majorette;https://static.wikia.nocookie.net/majorette_model_cars/images/a/a9/Tracteur_%281980%29_%2B_Fodder_Trailer_%281987%29.jpg/revision/latest?cb=20210523193630;369_1.jpg
378;Ford E-350 (Fourgon);Ford;Majorette Mainline;1978;1987;;1:64;Year Lists;List_of_1987_Majorette;https://static.wikia.nocookie.net/majorette_model_cars/images/a/a4/Fourgon_%2B_motorcycle_trailer_%281987%29.jpg/revision/latest?cb=20210611203344;378_7.jpg
206;Pontiac Fiero;Pontiac;Majorette Mainline;1985;1988;yellow & dark blue;1:64;Year Lists;List_of_1988_Majorette;https://static.wikia.nocookie.net/majorette_model_cars/images/a/a6/Majorette_Pontiac_Fiero_%28yellow_%26_blue%2C_turbo_3_fiero%2C_red_stripes%29.jpg/revision/latest?cb=20210910134654;206_7.jpg
208;Tracteur (1980);Generic;Majorette Mainline;1980;1988;green;1:64;Year Lists;List_of_1988_Majorette;https://static.wikia.nocookie.net/majorette_model_cars/images/1/16/Majorette_Tracteur_%281980%29_%28green%2C_black_motor%29.jpg/revision/latest?cb=20201111104541;208_-_316.jpg
210;Peugeot 205 CTI;Peugeot;Majorette Mainline;1988;1988;metallic blue;1:64;Year Lists;List_of_1988_Majorette;https://static.wikia.nocookie.net/majorette_model_cars/images/8/8c/Majorette_Peugeot_205_CTI_%28metallic_blue%2C_CTI%29.jpg/revision/latest?cb=20200726104142;210_7.jpg
214;Nissan 300 ZX Turbo;Nissan;Majorette Mainline;1988;1988;white;1:64;Year Lists;List_of_1988_Majorette;https://static.wikia.nocookie.net/majorette_model_cars/images/0/0e/No_image.jpg/revision/latest?cb=20200531172448;258.jpg
216;Toyota Lite Ace;Toyota;Majorette Mainline;1983;1988;Black;1:64;Year Lists;List_of_1988_Majorette;https://static.wikia.nocookie.net/majorette_model_cars/images/d/da/Majorette_Toyota_Lite_Ace_%28black_eagle%29.jpg/revision/latest?cb=20201116180214;216_7.jpg
219;Honda Accord;Honda;Majorette Mainline;1984;1988;metallic dark green;1:64;Year Lists;List_of_1988_Majorette;https://static.wikia.nocookie.net/majorette_model_cars/images/f/fc/Majorette_Honda_Accord_%28metallic_dark_green%2C_white_stripes_on_hood%2C_white_blocks_on_sides%29.jpg/revision/latest?cb=20201114125002;219_9.jpg
222;Renault 25;Renault;Majorette Mainline;1987;1988;metallic burgundy;1:64;Year Lists;List_of_1988_Majorette;https://static.wikia.nocookie.net/majorette_model_cars/images/7/7e/Majorette_Renault_25_%28metallic_burgundy%29.jpg/revision/latest?cb=20201116150923;222_4.jpg
225;Citroën BX 4 TC;Citroën;Majorette Mainline;1987;1988;white;1:64;Year Lists;List_of_1988_Majorette;https://static.wikia.nocookie.net/majorette_model_cars/images/e/ec/Majorette_Citro%C3%ABn_BX_4_TC_%28white%2C_blue_stripe_on_hood%2C_15_on_sides%29.jpg/revision/latest?cb=20201129212750;225_1.jpg
227;Ford Mustang Convertible;Ford;Majorette Mainline;1988;1988;orange;1:64;Year Lists;List_of_1988_Majorette;https://static.wikia.nocookie.net/majorette_model_cars/images/f/f1/Majorette_Ford_Mustang_Convertible_%28orange%2C_official_pace_car%29.jpg/revision/latest?cb=20200725212716;227_4.jpg
228;Chevrolet blazer 4x4 Dépanneuse;Chevrolet;Majorette Mainline;1983;1988;dark blue;1:64;Year Lists;List_of_1988_Majorette;https://static.wikia.nocookie.net/majorette_model_cars/images/7/7e/Majorette_Chevrolet_Blazer_4x4_Depanneuse_%28dark_blue%2C_24-24_Express%29.jpg/revision/latest?cb=20201126203722;228_3.jpg
230;Volvo 760 GLE;Volvo;Majorette Mainline;1985;1988;metallic dark green;1:64;Year Lists;List_of_1988_Majorette;https://static.wikia.nocookie.net/majorette_model_cars/images/a/a8/Majorette_Volvo_760_GLE_%28metallic_dark_green%2C_volvo_760_gle_black_%26_silver_stripes%29.jpg/revision/latest?cb=20201127185823;230_6.jpg
231;Mercedes-Benz 190 E 2.3-16;Mercedes-Benz;Majorette Mainline;1986;1988;metallic dark gray;1:64;Year Lists;List_of_1988_Majorette;https://static.wikia.nocookie.net/majorette_model_cars/images/2/28/Majorette_Mercedes-Benz_190_E_2.3-16_%28metallic_dark_grey%2C_8dot_wheels%2C_france_version%29.jpg/revision/latest?cb=20200929195910;231_7.jpg
233;Renault Express;Renault;Majorette Mainline;1988;1988;orange;1:64;Year Lists;List_of_1988_Majorette;https://static.wikia.nocookie.net/majorette_model_cars/images/2/28/Majorette_Renault_Express_%28orange%2C_europcar%2C_black_rear_doors%29.jpg/revision/latest?cb=20230525215020;233_5.jpg
234;Ford E-350 (Fourgon);Ford;Majorette Mainline;1982;1988;Yellow;1:64;Year Lists;List_of_1988_Majorette;https://static.wikia.nocookie.net/majorette_model_cars/images/4/42/Majorette_Fourgon_%28Advertising%29_%28yellow%2C_racing_team%2C_black_%26_red_stripes%29.jpg/revision/latest?cb=20210611184332;234_6.jpg
235;Volkswagen Golf GTi (Mk II);Volkswagen;Majorette Mainline;1988;1988;Yellow;1:64;Year Lists;List_of_1988_Majorette;https://static.wikia.nocookie.net/majorette_model_cars/images/e/ee/Volkswagen_Golf_GTi_%28Mk_II%29_%28yellow%29.jpg/revision/latest?cb=20200615172747;235_5.jpg
237;Lamborghini Countach;Lamborghini;Majorette Mainline;1980;1988;Red;1:64;Year Lists;List_of_1988_Majorette;https://static.wikia.nocookie.net/majorette_model_cars/images/a/a1/Lamborghini_countach_%28red%2C_black_yellow_stripes_over_car%2C_black_spoiler%29.jpg/revision/latest?cb=20220225132434;237_6.jpg
243;Ford Transit;Ford;Majorette Mainline;1988;1988;White;1:64;Year Lists;List_of_1988_Majorette;https://static.wikia.nocookie.net/majorette_model_cars/images/1/17/Ford_Transit_%28white%2C_blue_and_red_deco%2C_B.1089%2C_1988%29.jpg/revision/latest?cb=20200630172732;243_3.jpg
244;Jeep CJ-7 4 x 4 Hardtop;Jeep;Majorette Mainline;1984;1988;red;1:64;Year Lists;List_of_1988_Majorette;https://static.wikia.nocookie.net/majorette_model_cars/images/5/5a/Majorette_Jeep_CJ-7_4x4_%28hardtop%29_%28red%2C_renegade%2C_black_top%2C_France_version%29.jpg/revision/latest?cb=20201129170133;244_7.jpg
245;Ford Cargo Tanker;Ford;Majorette Mainline;1984;1988;yellow;1:64;Year Lists;List_of_1988_Majorette;https://static.wikia.nocookie.net/majorette_model_cars/images/8/84/Ford_Cargo_Tanker_%281988%2C_yellow%2C_shell%2C_2_side_windows%29.jpg/revision/latest?cb=20201121155658;245_7.jpg
246;Range Rover Rescue Team;Land Rover;Majorette Mainline;1988;1988;Red;1:64;Year Lists;List_of_1988_Majorette;https://static.wikia.nocookie.net/majorette_model_cars/images/a/ad/Range_Rover_Rescue_Team_%281990%2C_Red%2C_clear_windows%2C_white_ladder%29.jpg/revision/latest?cb=20210922131610;246_2.jpg
249;Toyota Celica 2.0 GT;Toyota;Majorette Mainline;1988;1988;red;1:64;Year Lists;List_of_1988_Majorette;https://static.wikia.nocookie.net/majorette_model_cars/images/7/76/Toyota_Celica_2.0_GT_%28red%2C_dark_blue_windows%29.jpg/revision/latest?cb=20200729210147;249_5.jpg
251;Ford Bronco;Ford;Majorette Mainline;1987;1988;black;1:64;Year Lists;List_of_1988_Majorette;https://static.wikia.nocookie.net/majorette_model_cars/images/c/c7/Majorette_Ford_Bronco_%28black%2C_without_sunroof%29.jpg/revision/latest?cb=20201212223643;251_7.jpg
262;Minibus Airport;Buses;Majorette Mainline;1979;1988;white;1:64 / 1:87;Year Lists;List_of_1988_Majorette;https://static.wikia.nocookie.net/majorette_model_cars/images/6/6c/Minibus_%28air_france%2C_green_windows%2C_white_interior%2C_NUC%29.jpg/revision/latest?cb=20210525144340;262_6.jpg
266;Land Rover 90 Raid;Land Rover;Majorette Mainline;1987;1988;red;1:64;Year Lists;List_of_1988_Majorette;https://static.wikia.nocookie.net/majorette_model_cars/images/0/08/Land_Rover_90_Raid_%28red%29_1988.jpg/revision/latest?cb=20210219114457;266_4.jpg
268;Chevrolet Corvette;Chevrolet;Majorette Mainline;1984;1988;white;1:64;Year Lists;List_of_1988_Majorette;https://static.wikia.nocookie.net/majorette_model_cars/images/f/f6/Majorette_Chevrolet_Corvette_%28white%2C_red_stripes%2C_2000%29.jpg/revision/latest?cb=20220529105108;268_7.jpg
269;Jeep Cherokee Ambulance;Jeep;Majorette Mainline;1980;1988;white;1:64;Year Lists;List_of_1988_Majorette;https://static.wikia.nocookie.net/majorette_model_cars/images/d/d6/Majorette_Jeep_Cherokee_Ambulance_%281980%29_%28white%2C_blue_star%2C_ambulance%2C_blue_stripes%2C_france_version%29.jpg/revision/latest?cb=20220611114837;269_3.jpg
271;Alfa Romeo 75;Alfa Romeo;Majorette Mainline;1988;1988;red;1:64;Year Lists;List_of_1988_Majorette;https://static.wikia.nocookie.net/majorette_model_cars/images/a/a8/Majorette_Alfa_Romeo_75_%28red%2C_no_tampo%29.jpg/revision/latest?cb=20201114132014;271_2.jpg
272;Ford Sierra;Ford;Majorette Mainline;1984;1988;white;1:64;Year Lists;List_of_1988_Majorette;https://static.wikia.nocookie.net/majorette_model_cars/images/4/4e/Ford_Sierra_%28white%2C_blue_stripes_and_sierra_on_hood_and_sides%2C_8DOT_wheels%29.jpg/revision/latest?cb=20201118130901;272_3.jpg
273;Toyota 4WD;Toyota;Majorette Mainline;1985;1988;blue;1:64;Year Lists;List_of_1988_Majorette;https://static.wikia.nocookie.net/majorette_model_cars/images/a/a9/Majorette_Toyota_4WD_%28blue%2C_4WD_silver_stripes%29.jpg/revision/latest?cb=20220702163651;273_3.jpg
277;4 x 4 Toyota Land Cruiser (J40);Toyota;Majorette Mainline;1983;1988;white;1:64;Year Lists;List_of_1988_Majorette;https://static.wikia.nocookie.net/majorette_model_cars/images/4/49/4_x_4_Toyota_Landcruiser_%28beige%2C_african_safari%29_1988.jpg/revision/latest?cb=20210612104833;277_4.jpg
281;Peugeot 205 GTI;Peugeot;Majorette Mainline;1985;1988;red;1:64;Year Lists;List_of_1988_Majorette;https://static.wikia.nocookie.net/majorette_model_cars/images/7/73/Peugeot_205_GTI_%28red%29_1988.jpg/revision/latest?cb=20201116181619;281_3.jpg
284;Saab Turbo;Saab;Majorette Mainline;1982;1988;black;1:64;Year Lists;List_of_1988_Majorette;https://static.wikia.nocookie.net/majorette_model_cars/images/7/7a/Saab_turbo_%28black%2C_red_interior%29w.jpg/revision/latest?cb=20200608212322;284_4.jpg
290;Jeep CJ-7 4 x 4 Roll Bar;Jeep;Majorette Mainline;1984;1988;black;1:64;Year Lists;List_of_1988_Majorette;https://static.wikia.nocookie.net/majorette_model_cars/images/6/6c/290_Jeep_CJ-7_4_x_4_%28black%2C_eagle_on_hood%2C_black_roll_bar%2C_1988%29_France.jpg/revision/latest?cb=20201124221159;290_2.jpg
291;Chevrolet Blazer 4x4;Chevrolet;Majorette Mainline;1984;1988;yellow;1:64;Year Lists;List_of_1988_Majorette;https://static.wikia.nocookie.net/majorette_model_cars/images/f/fc/Chevrolet_Blazer_4x4_%28yellow%2C_red_interior%2C_4WD%29_1988.jpg/revision/latest?cb=20201202125358;291_2.jpg
292;4 x 4 Toyota Pick-Up (Hilux);Toyota;Majorette Mainline;1983;1988;blue;1:64;Year Lists;List_of_1988_Majorette;https://static.wikia.nocookie.net/majorette_model_cars/images/0/06/Majorette_4_x_4_Toyota_Pick-Up_Hilux_%28blue%2C_night_hawk%29.jpg/revision/latest?cb=20200730212928;292_2.jpg
296;El Camino SS;Chevrolet;Majorette Mainline;1988;1988;red;1:64;Year Lists;List_of_1988_Majorette;https://static.wikia.nocookie.net/majorette_model_cars/images/1/11/Majorette_El_Camino_SS_%28red%2C_el_camino_ss%2C_8DOT_wheels%29.jpg/revision/latest?cb=20200718214435;296.jpg
297;Mack Dump Truck;Mack;Majorette Mainline;1988;1988;yellow;1:64 / 1:87;Year Lists;List_of_1988_Majorette;https://static.wikia.nocookie.net/majorette_model_cars/images/8/86/Majorette_Mack_Dump_Truck_%28yellow%2C_grey_dump%29.jpg/revision/latest?cb=20210521201650;297.jpg
311;Volvo 760 GLE;Volvo;Majorette Mainline;1979;1988;;1:64;Year Lists;List_of_1988_Majorette;https://static.wikia.nocookie.net/majorette_model_cars/images/5/50/Volvo_760_GLE_%2B_Horse_Trailer_%28dark_green%2C_1988%29.jpg/revision/latest?cb=20210619181838;311_8.jpg
316;Tracteur (1980);Majorette;Majorette Mainline;1980;1988;;1:64;Year Lists;List_of_1988_Majorette;https://static.wikia.nocookie.net/majorette_model_cars/images/e/ec/Tracteur_%281980%29_%2B_Dump_Trailer_%282%29.jpg/revision/latest?cb=20210523194524;316_1.jpg
318;Jeep CJ-7;Jeep;Majorette Mainline;1980;1988;;1:64;Year Lists;List_of_1988_Majorette;https://static.wikia.nocookie.net/majorette_model_cars/images/4/41/Jeep_CJ-7_%2B_F1_Shadow_DN_5%28black%2C_golden_stripes%2C_4x4_on_hood%29.jpg/revision/latest?cb=20210303150847;318_4.jpg
325;Ford Sierra;Ford;Majorette Mainline;1983;1988;;1:64;Year Lists;List_of_1988_Majorette;https://static.wikia.nocookie.net/majorette_model_cars/images/3/3e/Majorette_Ford_Sierra_%28white%2C_blue_sierra_%26_stripes_on_sides_%26_hood%2C_8DOT%29%2B_caravan.jpg/revision/latest?cb=20201216160917;325_5.jpg
327;Ford Cargo Tanker;Ford;Majorette Mainline;1985;1988;;1:64;Year Lists;List_of_1988_Majorette;https://static.wikia.nocookie.net/majorette_model_cars/images/f/ff/Ford_Cargo_Tanker_%2B_Trailer_%28Shell%29.jpg/revision/latest?cb=20210523201100;327_1.jpg
328;Toyota Land Cruiser (J40);Toyota;Majorette Mainline;1987;1988;;1:64;Year Lists;List_of_1988_Majorette;https://static.wikia.nocookie.net/majorette_model_cars/images/f/f9/Toyota_land_Cruiser_%2B_Lion_Cage_Trailer_%281988%29.jpg/revision/latest?cb=20210612121423;328_1.jpg
338;Honda Accord;Honda;Majorette Mainline;1982;1988;;1:64;Year Lists;List_of_1988_Majorette;https://static.wikia.nocookie.net/majorette_model_cars/images/5/50/Honda_Accord_%2B_Sailboat_%281982%29_%28dark_metallic_green%29_1988.jpg/revision/latest?cb=20210314153149;338_5.jpg
343;Renault 25;Renault;Majorette Mainline;1973;1988;;1:64;Year Lists;List_of_1988_Majorette;https://static.wikia.nocookie.net/majorette_model_cars/images/7/72/Renault_25_%2B_inflatable_boat_trailer_%281988%29.jpg/revision/latest?cb=20210523162109;343_7.jpg
376;Range Rover Rescue Unit;Land Rover;Majorette Mainline;1978;1988;;1:64;Year Lists;List_of_1988_Majorette;https://static.wikia.nocookie.net/majorette_model_cars/images/3/33/Range_Rover_Rescue_Team_%2B_Reservoir_%281988%29.jpg/revision/latest?cb=20210922130712;376_3.jpg
270;A112;Autobianchi;Majorette Mainline;1984;1988;Yellow;1:64;Year Lists;List_of_1988_Majorette;https://static.wikia.nocookie.net/majorette_model_cars/images/5/56/Autobianchi_globetoys.JPG/revision/latest?cb=20250817063223;270_3.jpg
112;112;Majorette;Majorette Mainline;1988;1988;;1:64;Year Lists;List_of_1988_Majorette;https://static.wikia.nocookie.net/majorette_model_cars/images/3/3f/Citroen_CX_%28globe_toys_112%29.jpg/revision/latest?cb=20200902103344;112.jpg
205;Renault 5 Supercinq GT Turbo;Renault;Majorette Mainline;1987;1989;blue;1:64;Year Lists;List_of_1989_Majorette;https://static.wikia.nocookie.net/majorette_model_cars/images/1/11/Majorette_Renault_Supercinq_GT_Turbo_%28blue%2C_pink_interior%29.jpg/revision/latest?cb=20200926135911;205_7.jpg
206;Pontiac Fiero;Pontiac;Majorette Mainline;1985;1989;Yellow & black;1:64;Year Lists;List_of_1989_Majorette;https://static.wikia.nocookie.net/majorette_model_cars/images/5/5b/Majorette_Pontiac_Fiero_%28red_%26_black%2C_42%2C_white_interior%29.jpg/revision/latest?cb=20210910134741;206_8.jpg
208;Tracteur (1980);Generic;Majorette Mainline;1980;1989;red;1:64;Year Lists;List_of_1989_Majorette;https://static.wikia.nocookie.net/majorette_model_cars/images/c/c9/Majorette_Tracteur_%281980%29_%28red%2C_black_motor%29.jpg/revision/latest?cb=20201111104620;208_5.jpg
209;Porsche Turbo;Porsche;Majorette Mainline;1983;1989;black;1:64;Year Lists;List_of_1989_Majorette;https://static.wikia.nocookie.net/majorette_model_cars/images/a/a3/Majorette_Porsche_Turbo_%28black%2C_911%2C_red_stripes%29.jpg/revision/latest?cb=20200607154906;209_3.jpg
210;Peugeot 205 CTI;Peugeot;Majorette Mainline;1988;1989;white;1:64;Year Lists;List_of_1989_Majorette;https://static.wikia.nocookie.net/majorette_model_cars/images/3/39/Majorette_Peugeot_205_CTI_%28white%2C_red_interior%2C_6S_wheels%29_1989.jpg/revision/latest?cb=20200726105910;210_8.jpg
213;Chevrolet Impala;Chevrolet;Majorette Mainline;1986;1989;yellow;1:64;Year Lists;List_of_1989_Majorette;https://static.wikia.nocookie.net/majorette_model_cars/images/4/45/Majorette_Chevrolet_Impala_Taxi_%28yellow%2C_8dot_wheels%2C_thailand_version%29.jpg/revision/latest?cb=20201114142233;213_7.jpg
214;Nissan 300 ZX Turbo;Nissan;Majorette Mainline;1988;1989;white;1:64;Year Lists;List_of_1989_Majorette;https://static.wikia.nocookie.net/majorette_model_cars/images/9/9e/Majorette_Nissan_300_ZX_Turbo_%28white%2C_single_red_stripe_on_hood%2C_orange_windows%29.jpg/revision/latest?cb=20200731110728;214_2.jpg
215;Chevrolet Corvette;Chevrolet;Majorette Mainline;1984;1989;black;1:64;Year Lists;List_of_1989_Majorette;https://static.wikia.nocookie.net/majorette_model_cars/images/c/ce/Majorette_Chevrolet_Corvette_%28black%2C_tsp_43_goodyear%2C_red_stripes%29.jpg/revision/latest?cb=20220529113516;215_5.jpg
216;Toyota Lite Ace;Toyota;Majorette Mainline;1983;1989;blue;1:64;Year Lists;List_of_1989_Majorette;https://static.wikia.nocookie.net/majorette_model_cars/images/4/4b/Toyota_lite_ace_%28blue%2C_Red_interior%29.jpg/revision/latest?cb=20200603194959;216_8.jpg
217;Ford Thunderbird;Ford;Majorette Mainline;1986;1989;blue;1:64;Year Lists;List_of_1989_Majorette;https://static.wikia.nocookie.net/majorette_model_cars/images/9/9f/Majorette_Ford_Thunderbird_%28blue%2C_yellow_interior%29.jpg/revision/latest?cb=20200925100740;217_6.jpg
218;Peugeot 405 MI 16;Peugeot;Majorette Mainline;1989;1989;red;1:64;Year Lists;List_of_1989_Majorette;https://static.wikia.nocookie.net/majorette_model_cars/images/b/b8/Majorette_Peugeot_405_MI_16_%28red%2C_black_interior%2C_MI_16_on_sides%2C_8DOT_wheels%29.jpg/revision/latest?cb=20201114152618;218_4.jpg
220;Mustang SVO;Ford;Majorette Mainline;1986;1989;Metallic teal;1:64;Year Lists;List_of_1989_Majorette;https://static.wikia.nocookie.net/majorette_model_cars/images/4/4b/Majorette_Mustang_SVO_%28metallic_teal%29.jpg/revision/latest?cb=20200831173607;220_7.jpg
222;Renault 25;Renault;Majorette Mainline;1987;1989;metallic pale green;1:64;Year Lists;List_of_1989_Majorette;https://static.wikia.nocookie.net/majorette_model_cars/images/2/2b/Majorette_Renault_25_%28metallic_light_green%29.jpg/revision/latest?cb=20210410190628;222_5.jpg
225;Citroën BX 4 TC;Citroën;Majorette Mainline;1987;1989;white;1:64;Year Lists;List_of_1989_Majorette;https://static.wikia.nocookie.net/majorette_model_cars/images/e/e0/Majorette_Citro%C3%ABn_BX_4_TC_%28white%2C_total%2C_opening_doors%29.jpg/revision/latest?cb=20201129213727;225_2.jpg
227;Ford Mustang Convertible;Ford;Majorette Mainline;1988;1989;fluo yellow;1:64;Year Lists;List_of_1989_Majorette;https://static.wikia.nocookie.net/majorette_model_cars/images/b/b5/Ford_Mustang_Convertible_%28fluo_yellow%29.jpg/revision/latest?cb=20200725214328;227_5.jpg
228;Chevrolet blazer 4x4 Dépanneuse;Chevrolet;Majorette Mainline;1983;1989;red;1:64;Year Lists;List_of_1989_Majorette;https://static.wikia.nocookie.net/majorette_model_cars/images/9/9f/Majorette_Chevrolet_Blazer_4x4_Depanneuse_%28orange%2C_24-24_Express%29.jpg/revision/latest?cb=20201126204546;228_4.jpg
229;BMW 325i (E30);BMW;Majorette Mainline;1987;1989;white;1:64;Year Lists;List_of_1989_Majorette;https://static.wikia.nocookie.net/majorette_model_cars/images/b/be/Majorette_BMW_325i_%28E30%29_%28white%2C_red_black_%26_blue_stripes_on_sides_%26_hood%2C_france_version%29%29.jpg/revision/latest?cb=20220320183925;229_10.jpg
230;Volvo 760 GLE;Volvo;Majorette Mainline;1985;1989;metallic dark green;1:64;Year Lists;List_of_1989_Majorette;https://static.wikia.nocookie.net/majorette_model_cars/images/9/9a/Majorette_Volvo_760_GLE_%28metallic_dark_green%29_France_1989.jpg/revision/latest?cb=20200712110930;230_7.jpg
231;Mercedes-Benz 190 E 2.3-16;Mercedes-Benz;Majorette Mainline;1986;1989;metallic silver;1:64;Year Lists;List_of_1989_Majorette;https://static.wikia.nocookie.net/majorette_model_cars/images/4/4d/Mercedes-Benz_190_E_2.3-16_%28metallic_silver%29_1989.jpg/revision/latest?cb=20200929183313;231_8.jpg
233;Renault Express;Renault;Majorette Mainline;1988;1989;white;1:64;Year Lists;List_of_1989_Majorette;https://static.wikia.nocookie.net/majorette_model_cars/images/9/93/Majorette_Renault_Express_%28white%2C_europcar%2C_white_rear_doors%29.jpg/revision/latest?cb=20230525222027;233_6.jpg
235;Volkswagen Golf GTi (Mk II);Volkswagen;Majorette Mainline;1988;1989;yellow;1:64;Year Lists;List_of_1989_Majorette;https://static.wikia.nocookie.net/majorette_model_cars/images/6/6f/Volkswagen_Golf_GTi_%28Mk_II%29_%28green%2C_vw_logo%29.jpg/revision/latest?cb=20200615171917;235_6.jpg
237;Lamborghini Countach;Lamborghini;Majorette Mainline;1980;1989;red;1:64;Year Lists;List_of_1989_Majorette;https://static.wikia.nocookie.net/majorette_model_cars/images/4/4e/Majorette_Lamborghini_Countach_%28red%2C_no_logos%29.jpg/revision/latest?cb=20201118184601;237_7.jpg
238;F1 Racing;Formula 1;Majorette Mainline;1986;1989;yellow;1:64;Year Lists;List_of_1989_Majorette;https://static.wikia.nocookie.net/majorette_model_cars/images/c/c5/F1_Racing_%28yellow%29_1989.jpg/revision/latest?cb=20200808191503;238_7.jpg
239;Audi 90;Audi;Majorette Mainline;1989;1989;yellow;1:64;Year Lists;List_of_1989_Majorette;https://static.wikia.nocookie.net/majorette_model_cars/images/f/ff/Majorette_Audi_90_%28yellow%29.jpg/revision/latest?cb=20201225153804;239_7.jpg
240;Chevrolet Impala;Chevrolet;Majorette Mainline;1986;1989;white / black;1:64;Year Lists;List_of_1989_Majorette;https://static.wikia.nocookie.net/majorette_model_cars/images/3/33/Majorette_Chevrolet_Impala_Police_%28white_%26_black%2C_n31_on_sides_only%2C_police%2C_blue_windows%2C_8DOT_wheels%29.jpg/revision/latest?cb=20201114141158;240_7.jpg
241;Ford Cargo Covered Truck;Ford;Majorette Mainline;1984;1989;white;1:64 / 1:87;Year Lists;List_of_1989_Majorette;https://static.wikia.nocookie.net/majorette_model_cars/images/b/b5/Majorette_Ford_Cargo_Covered_Truck_%28white%2C_grey_tarpaulin_majorette_blue_blocks%2C_2_side_windows%29.jpg/revision/latest?cb=20200531154335;241_6.jpg
243;Ford Transit;Ford;Majorette Mainline;1988;1989;cyan;1:64;Year Lists;List_of_1989_Majorette;https://static.wikia.nocookie.net/majorette_model_cars/images/5/56/Ford_Transit_%281989%29.jpg/revision/latest?cb=20200630170216;243_4.jpg
246;Range Rover Rescue Team;Land Rover;Majorette Mainline;1988;1989;red;1:64;Year Lists;List_of_1989_Majorette;https://static.wikia.nocookie.net/majorette_model_cars/images/9/94/Range_Rover_Rescue_Team_%28red%2C_Thailand_version%29.jpg/revision/latest?cb=20210922125441;246_3.jpg
248;Pontiac Firebird Trans Am;Pontiac;Majorette Mainline;1983;1989;blue;1:64;Year Lists;List_of_1989_Majorette;https://static.wikia.nocookie.net/majorette_model_cars/images/2/2a/Pontiac_Firebird_%28blue%2C_gold_%26_red_eagle_on_hood%2C_trans_am_on_sides%29.jpg/revision/latest?cb=20200719154530;248_3.jpg
249;Toyota Celica 2.0 GT;Toyota;Majorette Mainline;1988;1989;red;1:64;Year Lists;List_of_1989_Majorette;https://static.wikia.nocookie.net/majorette_model_cars/images/f/f2/Toyota_Celica_2.0_GT_%28red%2C_clear_windows%29.jpg/revision/latest?cb=20220918142702;249_6.jpg
253;Cadillac Allante;Cadillac;Majorette Mainline;1989;1989;silver;1:64;Year Lists;List_of_1989_Majorette;https://static.wikia.nocookie.net/majorette_model_cars/images/7/73/Cadillac_Allante_%28silver%29.jpg/revision/latest?cb=20201112224229;253_4.jpg
257;Mazda RX7;Mazda;Majorette Mainline;1983;1989;white;1:64;Year Lists;List_of_1989_Majorette;https://static.wikia.nocookie.net/majorette_model_cars/images/8/83/Majorette_Mazda_RX7_%28white%2C_mobil_1%29.jpg/revision/latest?cb=20210221141121;257_9.jpg
258;Pontiac Firebird Pro Stock;Pontiac;Majorette Mainline;1989;1989;white;1:64;Year Lists;List_of_1989_Majorette;https://static.wikia.nocookie.net/majorette_model_cars/images/f/f8/Majorette_Pontiac_Firebird_Pro_Stocker_%28white%29.jpg/revision/latest?cb=20220731130119;258_3.jpg
259;Fourgon (Glacier);Ford;Majorette Mainline;1982;1989;green;1:64;Year Lists;List_of_1989_Majorette;https://static.wikia.nocookie.net/majorette_model_cars/images/c/c2/Majorette_Fourgon_%28Glacier%29_%28green%2C_bear_on_roof%29.jpg/revision/latest?cb=20200910192416;259_3.jpg
261;Morgan Plus 8;Morgan;Majorette Mainline;1979;1989;light green;1:64;Year Lists;List_of_1989_Majorette;https://static.wikia.nocookie.net/majorette_model_cars/images/e/e6/Majorette_Morgan_Plus_8_%28metallic_light_green%2C_yellow_windows%29.jpg/revision/latest?cb=20211022135759;261_5.jpg
264;Ford Transit Tug;Ford;Majorette Mainline;1989;1989;orange;1:64;Year Lists;List_of_1989_Majorette;https://static.wikia.nocookie.net/majorette_model_cars/images/2/2b/Majorette_Ford_Transit_Tug_%28orange%2C_racing_service%29.jpg/revision/latest?cb=20210611205618;264_6.jpg
265;Renault J Container;Renault;Majorette Mainline;1987;1989;red;1:64;Year Lists;List_of_1989_Majorette;https://static.wikia.nocookie.net/majorette_model_cars/images/0/0c/Renault_J_Container_%28red%2C_restaurant_pizza_del_arte%29.jpg/revision/latest?cb=20201121184258;265_4.jpg
268;Chevrolet Corvette;Chevrolet;Majorette Mainline;1984;1989;yellow;1:64;Year Lists;List_of_1989_Majorette;https://static.wikia.nocookie.net/majorette_model_cars/images/f/fe/Majorette_Chevrolet_Corvette_%28yellow%2C_6%2C_500_miles%2C_black_%26_red_stripes%29.jpg/revision/latest?cb=20201118181026;268_8.jpg
272;Ford Sierra;Ford;Majorette Mainline;1984;1989;blue;1:64;Year Lists;List_of_1989_Majorette;https://static.wikia.nocookie.net/majorette_model_cars/images/8/82/Majorette_Ford_Sierra_%28blue%2C_silver_sierra_%26_stripes_on_hood_%26_sides%2C_yellow_windows%29.jpg/revision/latest?cb=20200925103809;272_4.jpg
273;Toyota 4WD;Toyota;Majorette Mainline;1985;1989;orange;1:64;Year Lists;List_of_1989_Majorette;https://static.wikia.nocookie.net/majorette_model_cars/images/8/86/Toyota_4WD_%28orange%2C_6S%29_1989.jpg/revision/latest?cb=20201101120238;273_4.jpg
277;4 x 4 Toyota Land Cruiser (J40);Toyota;Majorette Mainline;1983;1989;green;1:64;Year Lists;List_of_1989_Majorette;https://static.wikia.nocookie.net/majorette_model_cars/images/4/49/4_x_4_Toyota_Landcruiser_%28green%2C_african_safari%29_1989.jpg/revision/latest?cb=20200801184812;277_5.jpg
279;Fourgon Police;Ford;Majorette Mainline;1982;1989;white;1:64;Year Lists;List_of_1989_Majorette;https://static.wikia.nocookie.net/majorette_model_cars/images/7/79/Fourgon_Police_%28white%29_2.jpg/revision/latest?cb=20210119112033;279_3.jpg
280;Ferrari F40;Ferrari;Majorette Mainline;1989;1989;red;1:64;Year Lists;List_of_1989_Majorette;https://static.wikia.nocookie.net/majorette_model_cars/images/2/2b/Ferrari_F40_%28red%2C_ELO%29.jpg/revision/latest?cb=20201113112014;280_3.jpg
281;Peugeot 205 GTI;Peugeot;Majorette Mainline;1985;1989;yellow;1:64;Year Lists;List_of_1989_Majorette;https://static.wikia.nocookie.net/majorette_model_cars/images/0/02/Peugeot_205_GTI_%28yellow%29_1989.jpg/revision/latest?cb=20230831200055;281_4.jpg
287;Bulldozer;Majorette;Majorette Mainline;1989;1989;yellow;1:64;Year Lists;List_of_1989_Majorette;https://static.wikia.nocookie.net/majorette_model_cars/images/d/d6/Majorette_Bulldozer_%28yellow%2C_black_cabine%2C_grey_plow%29_1989.jpg/revision/latest?cb=20201225160808;287_2.jpg
292;Toyota Pick-Up (Hilux);Toyota;Majorette Mainline;1982;1989;blue;1:64;Year Lists;List_of_1989_Majorette;https://static.wikia.nocookie.net/majorette_model_cars/images/f/fe/Toyota_Pick-Up_%28Hilux%29_%28blue%2C_night_hawk%29.jpg/revision/latest?cb=20200730213852;292_3.jpg
4 x 4 Toyota Pick-Up (Hilux);1983;blue;Majorette Mainline;Toyota;1989;;1:64;Year Lists;List_of_1989_Majorette;https://static.wikia.nocookie.net/majorette_model_cars/images/0/06/Majorette_4_x_4_Toyota_Pick-Up_Hilux_%28blue%2C_night_hawk%29.jpg/revision/latest?cb=20200730212928;292_2.jpg
296;El Camino SS;Chevrolet;Majorette Mainline;1988;1989;blue;1:64;Year Lists;List_of_1989_Majorette;https://static.wikia.nocookie.net/majorette_model_cars/images/d/dd/Majorette_El_Camino_SS_%28metalflake_blue%2C_el_camino_ss%29.jpg/revision/latest?cb=20200718215049;296_1.jpg
311;Volvo 760 GLE;Volvo;Majorette Mainline;1979;1989;;1:64;Year Lists;List_of_1989_Majorette;https://static.wikia.nocookie.net/majorette_model_cars/images/8/88/Volvo_760_GLE_%2B_Horse_Trailer_%28dark_green%2C_1989%29.jpg/revision/latest?cb=20210619175352;311_9.jpg
316;Tracteur (1980);Majorette;Majorette Mainline;1980;1989;;1:64;Year Lists;List_of_1989_Majorette;https://static.wikia.nocookie.net/majorette_model_cars/images/2/20/Tracteur_%281980%29_%2B_Dump_Trailer_%283%29.jpg/revision/latest?cb=20210523194602;316_2.jpg
325;Ford Sierra;Ford;Majorette Mainline;1983;1989;;1:64;Year Lists;List_of_1989_Majorette;https://static.wikia.nocookie.net/majorette_model_cars/images/7/76/Majorette_Ford_Sierra_%28blue%2C_8DOT%29%2B_caravan.jpg/revision/latest?cb=20201216162709;325_6.jpg
328;Toyota Land Cruiser (J40);Toyota;Majorette Mainline;1987;1989;;1:64;Year Lists;List_of_1989_Majorette;https://static.wikia.nocookie.net/majorette_model_cars/images/0/00/Toyota_Land_Cruiser_%2B_Lion_Cage_Trailer_%281989%29.jpg/revision/latest?cb=20210612121736;328_2.jpg
333;Ford Transit Tug;Ford;Majorette Mainline;1989;1989;;1:64;Year Lists;List_of_1989_Majorette;https://static.wikia.nocookie.net/majorette_model_cars/images/4/41/Ford_transit_tug_%2B_motorcycle_trailer.jpg/revision/latest?cb=20210611213111;333.jpg
338;Volkswagen Golf GTi (Mk II);Volkswagen;Majorette Mainline;1982;1989;;1:64;Year Lists;List_of_1989_Majorette;https://static.wikia.nocookie.net/majorette_model_cars/images/7/72/Volkswagen_Golf_GTi_%28Mk_II%29_%2B_Sailboat_%281982%29_%28green%29_1989.jpg/revision/latest?cb=20210314162202;338_6.jpg
343;Renault 25;Renault;Majorette Mainline;1973;1989;;1:64;Year Lists;List_of_1989_Majorette;https://static.wikia.nocookie.net/majorette_model_cars/images/c/c2/Renault_25_%2B_inflatable_boat_trailer_%281989%29.jpg/revision/latest?cb=20210523161130;343_8.jpg
373;Neoplan Autocar Jetliner;Majorette;Majorette Mainline;1977;1989;;1:64;Year Lists;List_of_1989_Majorette;https://static.wikia.nocookie.net/majorette_model_cars/images/1/16/Neoplan_Autocar_Jetliner_%28red%2C_croisi%C3%A8re%2C_NUC2%29_1989.jpg/revision/latest?cb=20220320184811;373_5.jpg
376;Range Rover Rescue Unit;Land Rover;Majorette Mainline;1978;1989;;1:64;Year Lists;List_of_1989_Majorette;https://static.wikia.nocookie.net/majorette_model_cars/images/7/76/Range_Rover_Rescue_Team_%2B_reservoir_%281989%29.jpg/revision/latest?cb=20210922134937;376_4.jpg
202;Peugeot 405 T 16;Peugeot;Majorette Mainline;1990;1990;white;1:64;Year Lists;List_of_1990_Majorette;https://static.wikia.nocookie.net/majorette_model_cars/images/7/73/Peugeot_405_T_16_%28white%2C_blue_bumpers%29.jpg/revision/latest?cb=20200930160324;202_5.jpg
205;Renault 5 Supercinq GT Turbo;Renault;Majorette Mainline;1987;1990;blue;1:64;Year Lists;List_of_1990_Majorette;https://static.wikia.nocookie.net/majorette_model_cars/images/e/e9/Renault_5_Supercinq_GT_Turbo_%28blue%29_1990.jpg/revision/latest?cb=20200926142450;205_8.jpg
215;Chevrolet Corvette;Chevrolet;Majorette Mainline;1984;1990;White;1:64;Year Lists;List_of_1990_Majorette;https://static.wikia.nocookie.net/majorette_model_cars/images/2/26/Chevrolet_Corvette_%28red%2C_gold_stripes_1_on_hood_and_sides%2C_ZR-1_on_roof%29.jpg/revision/latest?cb=20200605223403;215_6.jpg
216;Toyota Lite Ace;Toyota;Majorette Mainline;1983;1990;Blue;1:64;Year Lists;List_of_1990_Majorette;https://static.wikia.nocookie.net/majorette_model_cars/images/a/ae/Toyota_lite_ace_1990_%28blue%2C_white_interior%29.jpg/revision/latest?cb=20210811191109;216_9.jpg
217;Ford Thunderbird;Ford;Majorette Mainline;1986;1990;Blue;1:64;Year Lists;List_of_1990_Majorette;https://static.wikia.nocookie.net/majorette_model_cars/images/0/0e/Ford_Thunderbird_%28blue%2C_pink_interior%29.jpg/revision/latest?cb=20200611174941;217_7.jpg
220;Mustang SVO;Ford;Majorette Mainline;1986;1990;White;1:64;Year Lists;List_of_1990_Majorette;https://static.wikia.nocookie.net/majorette_model_cars/images/9/99/Majorette_Mustang_SVO_%28white%2C_1_mustang%2C_ELO_wheels%29.jpg/revision/latest?cb=20220511132706;220_8.jpg
222;Renault 25;Renault;Majorette Mainline;1987;1990;blue;1:64;Year Lists;List_of_1990_Majorette;https://static.wikia.nocookie.net/majorette_model_cars/images/f/fa/Majorette_Renault_25_%28blue%29_1990.jpg/revision/latest?cb=20230527103111;222_6.jpg
224;Jeep Cherokee Limited;Jeep;Majorette Mainline;1990;1990;black;1:64;Year Lists;List_of_1990_Majorette;https://static.wikia.nocookie.net/majorette_model_cars/images/a/a2/Jeep_Cherokee_Limited_%28black%2C_red_surfboards%2C_4x4_cherokee%29.jpg/revision/latest?cb=20201123223616;224_5.jpg
230;Volvo 760 GLE;Volvo;Majorette Mainline;1985;1990;metallic dark blue;1:64;Year Lists;List_of_1990_Majorette;https://static.wikia.nocookie.net/majorette_model_cars/images/8/87/Majorette_Volvo_760_GLE_%28metallic_blue%2C_black_interior%29.jpg/revision/latest?cb=20210619164313;230_8.jpg
231;Mercedes-Benz 190 E 2.3-16;Mercedes-Benz;Majorette Mainline;1986;1990;metallic dark gray;1:64;Year Lists;List_of_1990_Majorette;https://static.wikia.nocookie.net/majorette_model_cars/images/c/ca/Mercedes-Benz_190_E_2.3-16_%28metallic_dark_gray%2C_thailand_version%29.jpg/revision/latest?cb=20200929182519;231_9.jpg
235;Volkswagen Golf GTi (Mk II);Volkswagen;Majorette Mainline;1989;1990;Yellow;1:64;Year Lists;List_of_1990_Majorette;https://static.wikia.nocookie.net/majorette_model_cars/images/6/6f/Volkswagen_Golf_GTi_%28Mk_II%29_%28green%2C_vw_logo%29.jpg/revision/latest?cb=20200615171917;235_6.jpg
237;Lamborghini Countach;Lamborghini;Majorette Mainline;1980;1990;Red;1:64;Year Lists;List_of_1990_Majorette;https://static.wikia.nocookie.net/majorette_model_cars/images/a/a8/Lamborghini_Countach_%28red%2C_red_in_white_countach_on_sides%29.jpg/revision/latest?cb=20200610151737;237_8.jpg
238;F1 Racing;Formula 1;Majorette Mainline;1986;1990;light blue;1:64;Year Lists;List_of_1990_Majorette;https://static.wikia.nocookie.net/majorette_model_cars/images/f/fa/F1_Racing_%28blue%29_1990.jpg/revision/latest?cb=20200808193957;238_8.jpg
242;Pelle Mecanique;Poclain;Majorette Mainline;1983;1990;Yellow;1:64;Year Lists;List_of_1990_Majorette;https://static.wikia.nocookie.net/majorette_model_cars/images/9/9d/Majorette_Pelle_Mecanique_%28yellow%2C_black_shovel%2C_thailand_version%29.jpg/revision/latest?cb=20210408204734;242_2.jpg
243;Ford Transit;Ford;Majorette Mainline;1988;1990;red;1:64;Year Lists;List_of_1990_Majorette;https://static.wikia.nocookie.net/majorette_model_cars/images/8/81/Ford_Transit_%281990%29.jpg/revision/latest?cb=20200630170637;243_5.jpg
248;Pontiac Firebird Trans Am;Pontiac;Majorette Mainline;1983;1990;red;1:64;Year Lists;List_of_1990_Majorette;https://static.wikia.nocookie.net/majorette_model_cars/images/d/d2/Majorette_Pontiac_Firebird_%28red%2C_firebird_on_sides%2C_eagle_on_hood%29.jpg/revision/latest?cb=20200719150621;248_4.jpg
250;Mercedes-Benz 300 TE;Mercedes-Benz;Majorette Mainline;1990;1990;dark blue;1:64;Year Lists;List_of_1990_Majorette;https://static.wikia.nocookie.net/majorette_model_cars/images/5/56/Majorette_Mercedes-Benz_300_TE_%28dark_blue%2C_grey_interior%29.jpg/revision/latest?cb=20210410151012;250_6.jpg
252;Honda Prelude;Honda;Majorette Mainline;1990;1990;red;1:64;Year Lists;List_of_1990_Majorette;https://static.wikia.nocookie.net/majorette_model_cars/images/6/69/Majorette_Honda_Prelude_%28red%2C_H_PRELUDE%2C_6S_wheels%29.jpg/revision/latest?cb=20201111123836;252_4.jpg
253;Cadillac Allante;Cadillac;Majorette Mainline;1989;1990;anthracite;1:64;Year Lists;List_of_1990_Majorette;https://static.wikia.nocookie.net/majorette_model_cars/images/a/ac/Cadillac_Allante.jpg/revision/latest?cb=20201112220057;253_5.jpg
256;Mack Towing Truck;Mack;Majorette Mainline;1990;1990;red;1:64 / 1:87;Year Lists;List_of_1990_Majorette;https://static.wikia.nocookie.net/majorette_model_cars/images/1/10/Majorette_Mack_Tow_Truck_%28red%29.jpg/revision/latest?cb=20200531154605;256_6.jpg
257;Mazda RX7;Mazda;Majorette Mainline;1983;1990;black;1:64;Year Lists;List_of_1990_Majorette;https://static.wikia.nocookie.net/majorette_model_cars/images/c/cb/Mazda_RX7_black%2C_elo_wheels%2C_1990%29.jpg/revision/latest?cb=20200627132647;257_10.jpg
261;Morgan Plus 8;Morgan;Majorette Mainline;1979;1990;green;1:64;Year Lists;List_of_1990_Majorette;https://static.wikia.nocookie.net/majorette_model_cars/images/5/51/Majorette_Morgan_Plus_8_%28green%2C_white_interior%29.jpg/revision/latest?cb=20200815193233;261_6.jpg
262;Minibus Airport;Buses;Majorette Mainline;1979;1990;white;1:64 / 1:87;Year Lists;List_of_1990_Majorette;https://static.wikia.nocookie.net/majorette_model_cars/images/6/6c/Minibus_%28air_france%2C_clear_windows%2C_white_interior%2C_NUC2%29.jpg/revision/latest?cb=20210525145101;262_7.jpg
266;Land Rover 90 Raid;Land Rover;Majorette Mainline;1987;1990;white;1:64;Year Lists;List_of_1990_Majorette;https://static.wikia.nocookie.net/majorette_model_cars/images/3/3e/Majorette_Land_Rover_Defender_90_Safari-Raid_%28white%2C_zebra_stripes%2C_clear_windows%29.jpg/revision/latest?cb=20210219100604;266_5.jpg
268;Chevrolet Corvette;Chevrolet;Majorette Mainline;1984;1990;White;1:64;Year Lists;List_of_1990_Majorette;https://static.wikia.nocookie.net/majorette_model_cars/images/0/09/Chevrolet_Corvette_%28White%2C_Balcak_%26_red_stripes%2C_500_miles_on_hood%2C_6_on_sides%29.jpg/revision/latest?cb=20200605220850;268_9.jpg
269;Jeep Cherokee Ambulance;Jeep;Majorette Mainline;1980;1990;white;1:64;Year Lists;List_of_1990_Majorette;https://static.wikia.nocookie.net/majorette_model_cars/images/f/ff/Majorette_Jeep_Cherokee_Ambulance_%281980%29_%28white%2C_blue_star%2C_ambulance%2C_blue_stripes%2C_thailand_version%29.jpg/revision/latest?cb=20220611114918;269_4.jpg
272;Ford Sierra;Ford;Majorette Mainline;1984;1990;Dark yellow;1:64;Year Lists;List_of_1990_Majorette;https://static.wikia.nocookie.net/majorette_model_cars/images/b/b2/Ford_Sierra_%28dark_yellow%2C_red_stripes_and_sierra_on_hood_and_sides%2C_8DOT_wheels%29.jpg/revision/latest?cb=20200623163037;272_5.jpg
281;Peugeot 205 GTI;Peugeot;Majorette Mainline;1985;1990;white;1:64;Year Lists;List_of_1990_Majorette;https://static.wikia.nocookie.net/majorette_model_cars/images/b/b0/Peugeot_205_GTI_%28white%29_1990.jpg/revision/latest?cb=20200726170059;281_5.jpg
285;Jeep Cherokee Sheriff;Jeep;Majorette Mainline;1990;1990;white;1:64;Year Lists;List_of_1990_Majorette;https://static.wikia.nocookie.net/majorette_model_cars/images/9/92/Majorette_Jeep_Cherokee_Sheriff_%28white%2C_911_sheriff_7%2C_jeep_cherokee_on_base%29.jpg/revision/latest?cb=20201124130907;285_5.jpg
286;Fiat Tipo;Fiat;Majorette Mainline;1990;1990;blue;1:64;Year Lists;List_of_1990_Majorette;https://static.wikia.nocookie.net/majorette_model_cars/images/d/de/Fiat_Tipo_%28blue%2C_white_interior%29_1990.jpg/revision/latest?cb=20200725181003;286.jpg
289;F1 Mc Laren;Formula 1;Majorette Mainline;1986;1990;white;1:64;Year Lists;List_of_1990_Majorette;https://static.wikia.nocookie.net/majorette_model_cars/images/d/d3/Majorette_F1_Mc_Laren_%28white%2C_red_print%2C_Honda%2C_A.Senna%29.jpg/revision/latest?cb=20240811135118;289_1.jpg
291;Chevrolet Blazer 4x4;Chevrolet;Majorette Mainline;1984;1990;fluo yellow;1:64;Year Lists;List_of_1990_Majorette;https://static.wikia.nocookie.net/majorette_model_cars/images/8/83/Chevrolet_Blazer_4x4_%28fluo_yellow%2C_4WD%29_1990.jpg/revision/latest?cb=20201124235501;291_3.jpg
293;Jaguar XJ6;Jaguar;Majorette Mainline;1990;1990;black;1:64;Year Lists;List_of_1990_Majorette;https://static.wikia.nocookie.net/majorette_model_cars/images/0/09/Majorette_Jaguar_XJ6_%28black%2C_orange_windows%29.jpg/revision/latest?cb=20201114124245;293_3.jpg
296;El Camino SS;Chevrolet;Majorette Mainline;1988;1990;white;1:64;Year Lists;List_of_1990_Majorette;https://static.wikia.nocookie.net/majorette_model_cars/images/6/67/Majorette_El_Camino_SS_%28white%2C_american_off_road%2C_8DOT_wheels%29.jpg/revision/latest?cb=20200718215424;296_2.jpg
297;Mack Dump Truck;Mack;Majorette Mainline;1988;1990;blue;1:64 / 1:87;Year Lists;List_of_1990_Majorette;https://static.wikia.nocookie.net/majorette_model_cars/images/c/c1/Majorette_Mack_Dump_Truck_%28blue%2C_grey_dump%29.jpg/revision/latest?cb=20210521202037;297_1.jpg
311;Volvo 760 GLE;Volvo;Majorette Mainline;1979;1990;;1:64;Year Lists;List_of_1990_Majorette;https://static.wikia.nocookie.net/majorette_model_cars/images/a/ae/Volvo_760_GLE_%2B_Horse_Trailer_%281990%29.jpg/revision/latest?cb=20210619184032;311_10.jpg
325;Ford Sierra;Ford;Majorette Mainline;1983;1990;;1:64;Year Lists;List_of_1990_Majorette;https://static.wikia.nocookie.net/majorette_model_cars/images/a/a6/Majorette_Ford_Sierra_%28dark_yellow%2C_8DOT%29%2B_caravan.jpg/revision/latest?cb=20201216163738;325_7.jpg
328;Toyota Land Cruiser (J40);Toyota;Majorette Mainline;1987;1990;;1:64;Year Lists;List_of_1990_Majorette;https://static.wikia.nocookie.net/majorette_model_cars/images/2/29/Toyota_Land_Cruiser_%2B_lion_cage_trailer_%281988%29.jpg/revision/latest?cb=20210612112624;328_3.jpg
339;Cadillac Stretch Limousine;Cadillac;Majorette Mainline;1987;1990;;1:64;Year Lists;List_of_1990_Majorette;https://static.wikia.nocookie.net/majorette_model_cars/images/9/9d/Cadillac_Stretch_Limousine_%28black%2C_France_version%29_1991.jpg/revision/latest?cb=20210313200333;339_1.jpg
343;Renault 25;Renault;Majorette Mainline;1973;1990;;1:64;Year Lists;List_of_1990_Majorette;https://static.wikia.nocookie.net/majorette_model_cars/images/0/07/Renault_25_%2B_inflatable_boat_trailer_%281990%29.jpg/revision/latest?cb=20210523162932;343_9.jpg
355;Volvo F16 Semi Oil Tanker;Volvo;Majorette Mainline;1990;1990;;1:64;Year Lists;List_of_1990_Majorette;https://static.wikia.nocookie.net/majorette_model_cars/images/8/87/Volvo_Semi_Oil_Tanker_%28Shell%29_1990.jpg/revision/latest?cb=20210524111212;355.jpg
362;Land Rover 90 Raid;Land Rover;Majorette Mainline;1987;1990;;1:64;Year Lists;List_of_1990_Majorette;https://static.wikia.nocookie.net/majorette_model_cars/images/1/1d/Land_Rover_90_%2B_Radar_Trailer_%28white%2C_NASA%29.jpg/revision/latest?cb=20210219114016;362_1.jpg
373;Neoplan Autocar Jetliner;Majorette;Majorette Mainline;1977;1990;;1:64;Year Lists;List_of_1990_Majorette;https://static.wikia.nocookie.net/majorette_model_cars/images/6/65/Neoplan_Autocar_Jetliner_%28blue%2C_miami_beach%2C_NUC2%29_1990.jpg/revision/latest?cb=20210609161856;373_6.jpg
202;Peugeot 405 T 16;Peugeot;Majorette Mainline;1990;1991;yellow;1:64;Year Lists;List_of_1991_Majorette;https://static.wikia.nocookie.net/majorette_model_cars/images/1/18/Majorette_Peugeot_405_T_16_%28yellow%2C_racing_service_esso%2C_203%2C_6S_wheels%29.jpg/revision/latest?cb=20200930161518;202_6.jpg
205;Renault 5 Supercinq GT Turbo;Renault;Majorette Mainline;1987;1991;metallic silver;1:64;Year Lists;List_of_1991_Majorette;https://static.wikia.nocookie.net/majorette_model_cars/images/0/05/Majorette_Renault_Supercinq_GT_Turbo_%28silver%2C_renault_logo_on_roof%2C_19_%26_pilotnames_on_doors%2C_thailand_version%29%29.jpg/revision/latest?cb=20200926140405;205_9.jpg
210;Peugeot 205 CTI;Peugeot;Majorette Mainline;1988;1991;white;1:64;Year Lists;List_of_1991_Majorette;https://static.wikia.nocookie.net/majorette_model_cars/images/1/19/Majorette_Peugeot_205_CTI_%28white%2C_grey_interior%2C_6S_wheels%29.jpg/revision/latest?cb=20200726104910;210_9.jpg
211;Ferrari GTO;Ferrari;Majorette Mainline;1987;1991;red / white;1:64;Year Lists;List_of_1991_Majorette;https://static.wikia.nocookie.net/majorette_model_cars/images/4/44/Ferrari_GTO_%28red%2C_white%29.jpg/revision/latest?cb=20210811201212;211_3.jpg
213;Chevrolet Impala;Chevrolet;Majorette Mainline;1986;1991;black / yellow;1:64;Year Lists;List_of_1991_Majorette;https://static.wikia.nocookie.net/majorette_model_cars/images/f/f4/Chevrolet_impala_taxi_%28black_and_yellow%29.jpg/revision/latest?cb=20201114142325;213_8.jpg
215;Chevrolet Corvette;Chevrolet;Majorette Mainline;1984;1991;red;1:64;Year Lists;List_of_1991_Majorette;https://static.wikia.nocookie.net/majorette_model_cars/images/3/3c/Majorette_Chevrolet_Corvette_%28red_%26_white%2C_gold_stripes%29.jpg/revision/latest?cb=20201118181433;215_7.jpg
216;Toyota Lite Ace;Toyota;Majorette Mainline;1983;1991;blue;1:64;Year Lists;List_of_1991_Majorette;https://static.wikia.nocookie.net/majorette_model_cars/images/c/ce/Toyota_Lite_Ace_%28blue%2C_detailed_puma%29.jpg/revision/latest?cb=20221022103818;216_10.jpg
217;Ford Thunderbird;Ford;Majorette Mainline;1986;1991;Yellow;1:64;Year Lists;List_of_1991_Majorette;https://static.wikia.nocookie.net/majorette_model_cars/images/6/68/Majorette_Ford_Thunderbird_%28yellow%2C_4_gambler%29.jpg/revision/latest?cb=20201114153848;217_8.jpg
220;Mustang SVO;Ford;Majorette Mainline;1986;1991;blue / white;1:64;Year Lists;List_of_1991_Majorette;https://static.wikia.nocookie.net/majorette_model_cars/images/0/08/Majorette_Mustang_SVO_%28white_%26_blue%2C_5_mustang%2C_ELO_wheels%29.jpg/revision/latest?cb=20200831173809;220_9.jpg
222;Renault 25;Renault;Majorette Mainline;1987;1991;metallic silver;1:64;Year Lists;List_of_1991_Majorette;https://static.wikia.nocookie.net/majorette_model_cars/images/6/6f/Majorette_Renault_25_%28metallic_silver%29.jpg/revision/latest?cb=20230527103036;222_7.jpg
223;Chevy '57;Chevrolet;Majorette Mainline;1991;1991;red;1:64;Year Lists;List_of_1991_Majorette;https://static.wikia.nocookie.net/majorette_model_cars/images/a/a4/Majorette_chevy_%28orange%29.jpg/revision/latest?cb=20200531210224;223_5.jpg
226;Rouleau Compresseur;Generic;Majorette Mainline;1983;1991;yellow;1:64;Year Lists;List_of_1991_Majorette;https://static.wikia.nocookie.net/majorette_model_cars/images/0/0f/Rouleau_Compresseur_%28yellow%2C_metal_axe%2C_thailand%29.jpg/revision/latest?cb=20210408230057;226_6.jpg
227;Ford Mustang Convertible;Ford;Majorette Mainline;1988;1991;yellow;1:64;Year Lists;List_of_1991_Majorette;https://static.wikia.nocookie.net/majorette_model_cars/images/4/46/Majorette_Ford_Mustang_Convertible_%28yellow%2C_mustang_GT%2C_6S_wheels%29.jpg/revision/latest?cb=20201114153744;227_6.jpg
228;Chevrolet blazer 4x4 Dépanneuse;Chevrolet;Majorette Mainline;1983;1991;red;1:64;Year Lists;List_of_1991_Majorette;https://static.wikia.nocookie.net/majorette_model_cars/images/d/d1/Majorette_Chevrolet_Blazer_4x4_Depanneuse_%28red%2C_24_HR_service%29.jpg/revision/latest?cb=20201126205047;228_5.jpg
230;Volvo 760 GLE;Volvo;Majorette Mainline;1985;1991;metallic blue;1:64;Year Lists;List_of_1991_Majorette;https://static.wikia.nocookie.net/majorette_model_cars/images/2/2e/Majorette_Volvo_760_GLE_%28metallic_blue%29_Thailand_1992.jpg/revision/latest?cb=20200712111728;230_9.jpg
231;Mercedes-Benz 190 E 2.3-16;Mercedes-Benz;Majorette Mainline;1986;1991;black;1:64;Year Lists;List_of_1991_Majorette;https://static.wikia.nocookie.net/majorette_model_cars/images/1/1f/Mercedes-Benz_190_E_2.3-16_%28black%29_1991.jpg/revision/latest?cb=20200929192355;231_10.jpg
233;Renault Express;Renault;Majorette Mainline;1988;1991;red;1:64;Year Lists;List_of_1991_Majorette;https://static.wikia.nocookie.net/majorette_model_cars/images/f/f1/Majorette_Renault_Express_%28red%2C_avis%29.jpg/revision/latest?cb=20230525222642;233_7.jpg
234;Ford E-350 (Fourgon);Ford;Majorette Mainline;1982;1991;white;1:64;Year Lists;List_of_1991_Majorette;https://static.wikia.nocookie.net/majorette_model_cars/images/c/c4/Fourgon_%28white%2C_hawai_surfer%29.jpg/revision/latest?cb=20201120220331;234_7.jpg
236;4 x 4 Cherokee;Jeep;Majorette Mainline;1980;1991;green;1:64;Year Lists;List_of_1991_Majorette;https://static.wikia.nocookie.net/majorette_model_cars/images/e/ec/4_x_4_cherokee_%28green%2C_red_flames%29.jpg/revision/latest?cb=20200624203700;236_10.jpg
237;Lamborghini Countach;Lamborghini;Majorette Mainline;1980;1991;red;1:64;Year Lists;List_of_1991_Majorette;https://static.wikia.nocookie.net/majorette_model_cars/images/0/08/Lamborghini_Countach_%28red%2C_racing_team%2C_yellow_spoiler%29.jpg/revision/latest?cb=20201118184718;237_9.jpg
238;F1 Racing;Formula 1;Majorette Mainline;1986;1991;yellow;1:64;Year Lists;List_of_1991_Majorette;https://static.wikia.nocookie.net/majorette_model_cars/images/7/7d/F1_Racing_%28yellow%2C_2_%2C_racing%2C_france_version%29.jpg/revision/latest?cb=20200808194255;238_9.jpg
240;Chevrolet Impala;Chevrolet;Majorette Mainline;1986;1991;black / white;1:64;Year Lists;List_of_1991_Majorette;https://static.wikia.nocookie.net/majorette_model_cars/images/8/84/Chevrolet_impala_police_%28black_and_white_1991%29.jpg/revision/latest?cb=20200625113714;240_8.jpg
241;Ford Cargo Covered Truck;Ford;Majorette Mainline;1984;1991;white;1:64 / 1:87;Year Lists;List_of_1991_Majorette;https://static.wikia.nocookie.net/majorette_model_cars/images/8/80/Ford_Cargo_Truck_%281991_white%2C_delivery%29.jpg/revision/latest?cb=20200627212957;241_7.jpg
246;Range Rover Rescue Team;Land Rover;Majorette Mainline;1988;1991;red;1:64;Year Lists;List_of_1991_Majorette;https://static.wikia.nocookie.net/majorette_model_cars/images/1/18/Range_Rover_Rescue_Team_%281991%2C_Red%2C_light_blue_windows%2C_white_ladder%29.jpg/revision/latest?cb=20210922134319;246_4.jpg
249;Toyota Celica 2.0 GT;Toyota;Majorette Mainline;1988;1991;white;1:64;Year Lists;List_of_1991_Majorette;https://static.wikia.nocookie.net/majorette_model_cars/images/9/97/Toyota_Celica_2.0_GT_%28white%2C_red_print%2C_2_TOYOTA%29.jpg/revision/latest?cb=20200729210534;249_7.jpg
250;Mercedes-Benz 300 TE;Mercedes-Benz;Majorette Mainline;1990;1991;metalflake sky blue;1:64;Year Lists;List_of_1991_Majorette;https://static.wikia.nocookie.net/majorette_model_cars/images/a/ad/Majorette_Mercedes-Benz_300_TE_%28metalflake_sky_blue%29.jpg/revision/latest?cb=20210410144511;250_7.jpg
253;Cadillac Allante;Cadillac;Majorette Mainline;1989;1991;red;1:64;Year Lists;List_of_1991_Majorette;https://static.wikia.nocookie.net/majorette_model_cars/images/7/72/Cadillac_Allante_%28red%29.jpg/revision/latest?cb=20201112221050;253_6.jpg
254;Citroën XM;Citroën;Majorette Mainline;1991;1991;metallic light green;1:64;Year Lists;List_of_1991_Majorette;https://static.wikia.nocookie.net/majorette_model_cars/images/e/e8/Majorette_Citro%C3%ABn_XM_%28metallic_light_green%2C_green_interior%29.jpg/revision/latest?cb=20200728181339;254_2.jpg
255;Ford Ranger Ambulance;Ford;Majorette Mainline;1991;1991;white;1:64;Year Lists;List_of_1991_Majorette;https://static.wikia.nocookie.net/majorette_model_cars/images/0/0c/Majorette_Ford_Ranger_Ambulance_%28white%2C_222%2C_nyc_ems_ambulance%2C_orange_stripe%2C_blue_flashlights%2C_8DOT_wheels%29.jpg/revision/latest?cb=20210522105008;255_8.jpg
260;Mercedes-Benz 500 SL;Mercedes-Benz;Majorette Mainline;1991;1991;gold;1:64;Year Lists;List_of_1991_Majorette;https://static.wikia.nocookie.net/majorette_model_cars/images/6/61/Mercedes-Benz_500_SL_%28gold%29_1991.jpg/revision/latest?cb=20200725222723;260_7.jpg
261;Morgan Plus 8;Morgan;Majorette Mainline;1979;1991;blue;1:64;Year Lists;List_of_1991_Majorette;https://static.wikia.nocookie.net/majorette_model_cars/images/8/81/Morgan_Plus_8_%28blue%2C_white_roof%29_1991.jpg/revision/latest?cb=20200815201718;261_7.jpg
263;Tracto (Pelle);Generic;Majorette Mainline;1979;1991;yellow;1:64;Year Lists;List_of_1991_Majorette;https://static.wikia.nocookie.net/majorette_model_cars/images/d/d0/Majorette_Tracto_%28Pelle%29_%28yellow%2C_black_bucket%2C_grey_interior%2C_black_base%2C_thailand_version%29.jpg/revision/latest?cb=20210612190035;263_3.jpg
265;Renault J Container;Renault;Majorette Mainline;1987;1991;fluo green;1:64;Year Lists;List_of_1991_Majorette;https://static.wikia.nocookie.net/majorette_model_cars/images/6/62/Renault_J_Container_%28fluo_green%2C_Yoplait%29.jpg/revision/latest?cb=20201121185509;265_5.jpg
266;Land Rover 90 Raid;Land Rover;Majorette Mainline;1987;1991;white;1:64;Year Lists;List_of_1991_Majorette;https://static.wikia.nocookie.net/majorette_model_cars/images/e/ef/Land_Rover_90_Raid_%28white%2C_4x4_safari%29_1991.jpg/revision/latest?cb=20210219125310;266_6.jpg
270;Renault Clio;Renault;Majorette Mainline;1991;1991;red;1:64;Year Lists;List_of_1991_Majorette;https://static.wikia.nocookie.net/majorette_model_cars/images/7/7a/Majorette_Renault_Clio_%28red%2C_clio_on_sides%2C_black_interior%29.jpg/revision/latest?cb=20200727192004;270_4.jpg
271;Alfa Romeo 75;Alfa Romeo;Majorette Mainline;1988;1991;red;1:64;Year Lists;List_of_1991_Majorette;https://static.wikia.nocookie.net/majorette_model_cars/images/1/19/Majorette_Alfa_Romeo_75_%28red%2C_Forza_Italia%29.jpg/revision/latest?cb=20200712195943;271_3.jpg
274;Benne Carrière;Generic;Majorette Mainline;1982;1991;yellow;1:64;Year Lists;List_of_1991_Majorette;https://static.wikia.nocookie.net/majorette_model_cars/images/b/b1/Majorette_Benne_Carriere_%28yellow%2C_ORN_wheels%29.jpg/revision/latest?cb=20200717103958;274_2.jpg
277;4 x 4 Toyota Land Cruiser (J40);Toyota;Majorette Mainline;1983;1991;white;1:64;Year Lists;List_of_1991_Majorette;https://static.wikia.nocookie.net/majorette_model_cars/images/0/0a/4_x_4_Toyota_Landcruiser_%28zebra_print%29_1991.jpg/revision/latest?cb=20200801190246;277_6.jpg
278;Camping Car;Ford;Majorette Mainline;1991;1991;fluo green;1:64;Year Lists;List_of_1991_Majorette;https://static.wikia.nocookie.net/majorette_model_cars/images/1/1b/Majorette_Camping_Car_%28fluo_green_and_white%29.jpg/revision/latest?cb=20220528131252;278_3.jpg
281;Peugeot 205 GTI;Peugeot;Majorette Mainline;1985;1991;white;1:64;Year Lists;List_of_1991_Majorette;https://static.wikia.nocookie.net/majorette_model_cars/images/c/c4/Majorette_Peugeot_205_GTI_%28white%2C_205_on_sides_%26_roof%2C_peugeot_on_hood%2C_6S_wheels%29.jpg/revision/latest?cb=20220320171420;281_6.jpg
282;F1 Ferrari;Ferrari;Majorette Mainline;1986;1991;red;1:64;Year Lists;List_of_1991_Majorette;https://static.wikia.nocookie.net/majorette_model_cars/images/4/41/F1_Ferrari_%28agip_1%29_1997_Thailand.jpg/revision/latest?cb=20200809153430;282_1.jpg
283;GMC Brigadier Crane Truck;GMC;Majorette Mainline;1982;1991;yellow;1:64 / 1:87;Year Lists;List_of_1991_Majorette;https://static.wikia.nocookie.net/majorette_model_cars/images/b/bf/Magirus_Crane_Truck_%28yellow%2C_yellow_cab%2C_NUC2%29_Thailand.jpg/revision/latest?cb=20210221175937;283_2.jpg
4 x 4 Toyota Pick-Up (Hilux);1983;blue;Majorette Mainline;Toyota;1991;;1:64;Year Lists;List_of_1991_Majorette;https://static.wikia.nocookie.net/majorette_model_cars/images/7/7a/Majorette_4_x_4_Toyota_Pick-Up_Hilux_%28blue%2C_night_hawk%29_1991.jpg/revision/latest?cb=20200730213328;4_x_4_Toyota_Pick-Up_(Hilux)_2.jpg
293;Jaguar XJ6;Jaguar;Majorette Mainline;1990;1991;black;1:64;Year Lists;List_of_1991_Majorette;https://static.wikia.nocookie.net/majorette_model_cars/images/d/d2/Majorette_Jaguar_XJ6_%28black%2C_clear_windows%29.jpg/revision/latest?cb=20201114124325;293_4.jpg
295;Ford Transit Tug;Ford;Majorette Mainline;1989;1991;red;1:64;Year Lists;List_of_1991_Majorette;https://static.wikia.nocookie.net/majorette_model_cars/images/7/72/Majorette_Ford_Transit_Tug_%28red%2C_Jack%27s_Towing%29.jpg/revision/latest?cb=20220120194810;295.jpg
311;Volvo 760 GLE;Volvo;Majorette Mainline;1979;1991;;1:64;Year Lists;List_of_1991_Majorette;https://static.wikia.nocookie.net/majorette_model_cars/images/e/e6/Volvo_760_GLE_%2B_Horse_Trailer_%281991%29.jpg/revision/latest?cb=20210619184920;311_11.jpg
316;Tracteur (1980);Majorette;Majorette Mainline;1980;1991;;1:64;Year Lists;List_of_1991_Majorette;https://static.wikia.nocookie.net/majorette_model_cars/images/b/b8/Tracteur_%281980%29_%2B_Dump_Trailer_%28green%29.jpg/revision/latest?cb=20210523195018;316_3.jpg
320;Mercedes-Benz 300 TE;Mercedes-Benz;Majorette Mainline;1991;1991;;1:64;Year Lists;List_of_1991_Majorette;https://static.wikia.nocookie.net/majorette_model_cars/images/4/46/Merdes-Benz_300_TE_%2B_Trailer_%28metalflake_sky_blue%29.jpg/revision/latest?cb=20210410153945;320.jpg
325;Ford Mustang Convertible;Ford;Majorette Mainline;1983;1991;;1:64;Year Lists;List_of_1991_Majorette;https://static.wikia.nocookie.net/majorette_model_cars/images/3/38/Ford_Mustang_Convertible_%2B_Caravane_%281983%29_%28yellow%2C_mustang_GT%2C_6S_wheels%29.jpg/revision/latest?cb=20210312205555;325_8.jpg
326;Mercedes Stretch Limousine;Mercedes-Benz;Majorette Mainline;1991;1991;;1:64;Year Lists;List_of_1991_Majorette;https://static.wikia.nocookie.net/majorette_model_cars/images/2/25/Majorette_Mercedes_Stretch_Limousine_%28metallic_silver%29.jpg/revision/latest?cb=20210313105559;326_2.jpg
328;Toyota Land Cruiser (J40);Toyota;Majorette Mainline;1987;1991;;1:64;Year Lists;List_of_1991_Majorette;https://static.wikia.nocookie.net/majorette_model_cars/images/3/3d/Toyota_Land_Cruiser_%2B_Lion_Cage_Trailer_%281991%29.jpg/revision/latest?cb=20210612131939;328_4.jpg
339;Cadillac Stretch Limousine;Cadillac;Majorette Mainline;1987;1991;;1:64;Year Lists;List_of_1991_Majorette;https://static.wikia.nocookie.net/majorette_model_cars/images/0/02/Majorette_Cadillac_Stretch_Limousine_%28white%2C_France_version%29.jpg/revision/latest?cb=20210313110725;339_2.jpg
343;Renault 25;Renault;Majorette Mainline;1973;1991;;1:64;Year Lists;List_of_1991_Majorette;https://static.wikia.nocookie.net/majorette_model_cars/images/7/77/Renault_25_%2B_Inflatable_boat_trailer_%281991%29.jpg/revision/latest?cb=20210523165710;343_10.jpg
375;Ford Transit Tug;Ford;Majorette Mainline;1991;1991;;1:64;Year Lists;List_of_1991_Majorette;https://static.wikia.nocookie.net/majorette_model_cars/images/d/d4/Ford_Transit_Tug_%2B_F1_%28red%2C_Jack%27s_towing%29.jpg/revision/latest?cb=20220120195239;375_1.jpg
376;Range Rover Rescue Unit;Land Rover;Majorette Mainline;1978;1991;;1:64;Year Lists;List_of_1991_Majorette;https://static.wikia.nocookie.net/majorette_model_cars/images/5/5f/Range_rover_rescue_team_%2B_reservoir_%281991%29.jpg/revision/latest?cb=20210922135515;376_5.jpg
201;Ford Model A Van;Ford;Majorette Mainline;1992;1992;dark blue;1:64;Year Lists;List_of_1992_Majorette;https://static.wikia.nocookie.net/majorette_model_cars/images/1/1b/Ford_Model_A_Van_%28dark_blue%2C_Tea_Shop%29.jpg/revision/latest?cb=20200910142735;201_2.jpg
207;Pompier;Generic;Majorette Mainline;1986;1992;red;1:64;Year Lists;List_of_1992_Majorette;https://static.wikia.nocookie.net/majorette_model_cars/images/5/56/Majorette_Pompier_%28red%2C_FDNY%2C_4_in_yellow_tampo%29.jpg/revision/latest?cb=20200601203757;207_3.jpg
210;Peugeot 205 CTI;Peugeot;Majorette Mainline;1988;1992;silver;1:64;Year Lists;List_of_1992_Majorette;https://static.wikia.nocookie.net/majorette_model_cars/images/c/c5/Majorette_Peugeot_205_CTI_%28silver%2Cred_interior%2C_colour_splashes%2C_6S_wheels%29_1992.jpg/revision/latest?cb=20200726111028;210_10.jpg
214;Nissan 300 ZX Turbo;Nissan;Majorette Mainline;1988;1992;yellow;1:64;Year Lists;List_of_1992_Majorette;https://static.wikia.nocookie.net/majorette_model_cars/images/a/a8/Nissan_300_ZX_Turbo_%28yellow%291992.jpg/revision/latest?cb=20200731120804;214_3.jpg
215;Chevrolet Corvette;Chevrolet;Majorette Mainline;1984;1992;black;1:64;Year Lists;List_of_1992_Majorette;https://static.wikia.nocookie.net/majorette_model_cars/images/1/17/Chevrolet_Corvette_%28black%2C_white_stripe_over_car_and_sides%2C_3_chevrolet_ZR-1_on_car%29.jpg/revision/latest?cb=20200605221757;215_8.jpg
216;Toyota Lite Ace;Toyota;Majorette Mainline;1983;1992;white;1:64;Year Lists;List_of_1992_Majorette;https://static.wikia.nocookie.net/majorette_model_cars/images/3/3a/Majorette_Toyota_Lite_Ace_%28white%2C_tribal_drawings%29.jpg/revision/latest?cb=20210811190821;216_11.jpg
218;Peugeot 405 MI 16;Peugeot;Majorette Mainline;1989;1992;blue;1:64;Year Lists;List_of_1992_Majorette;https://static.wikia.nocookie.net/majorette_model_cars/images/d/d8/Majorette_Peugeot_405_MI_16_%28blue%2C_MI_16_on_sides%2C_style_on_roof%29.jpg/revision/latest?cb=20200924151735;218_5.jpg
219;Lamborghini Diablo;Lamborghini;Majorette Mainline;1992;1992;yellow;1:64;Year Lists;List_of_1992_Majorette;https://static.wikia.nocookie.net/majorette_model_cars/images/2/25/Majorette_Lamborghini_Diablo_%28yellow%2C_small_logo_on_hood%29.jpg/revision/latest?cb=20220320192641;219_10.jpg
221;Renault Safrane;Renault;Majorette Mainline;1992;1992;metallic blue;1:64;Year Lists;List_of_1992_Majorette;https://static.wikia.nocookie.net/majorette_model_cars/images/5/54/Renault_Safrane_%28blue%29_1992.jpg/revision/latest?cb=20240504121104;221_9.jpg
224;Jeep Cherokee Limited;Jeep;Majorette Mainline;1990;1992;black;1:64;Year Lists;List_of_1992_Majorette;https://static.wikia.nocookie.net/majorette_model_cars/images/6/66/Majorette_Jeep_Cherokee_Limited_%28black%2C_limited%2C_cherokee_4x4_on_base%29.jpg/revision/latest?cb=20201123221511;224_6.jpg
231;Mercedes-Benz 190 E 2.3-16;Mercedes-Benz;Majorette Mainline;1986;1992;white;1:64;Year Lists;List_of_1992_Majorette;https://static.wikia.nocookie.net/majorette_model_cars/images/2/25/Majorette_Mercedes-Benz_190_E_2.3-16_%28white%2C_black_interior%29.jpg/revision/latest?cb=20200929182105;231_11.jpg
234;Ford E-350 (Fourgon);Ford;Majorette Mainline;1982;1992;white;1:64;Year Lists;List_of_1992_Majorette;https://static.wikia.nocookie.net/majorette_model_cars/images/1/12/Fourgon_%28white%2C_skate_board%29.jpg/revision/latest?cb=20210912121600;234_8.jpg
235;Volkswagen Golf GTi (Mk II);Volkswagen;Majorette Mainline;1989;1992;green;1:64;Year Lists;List_of_1992_Majorette;https://static.wikia.nocookie.net/majorette_model_cars/images/2/2b/Volkswagen_Golf_GTi_%28Mk_II%29_%28Lime_green%29.jpg/revision/latest?cb=20210314135436;235_7.jpg
238;F1 Racing;Formula 1;Majorette Mainline;1986;1992;light blue;1:64;Year Lists;List_of_1992_Majorette;https://static.wikia.nocookie.net/majorette_model_cars/images/b/bc/F1_Racing_%28blue%29_1992.jpg/revision/latest?cb=20200808200726;238_10.jpg
239;Audi 90;Audi;Majorette Mainline;1989;1992;black;1:64;Year Lists;List_of_1992_Majorette;https://static.wikia.nocookie.net/majorette_model_cars/images/8/8e/Majorette_Audi_90_%28black%29.jpg/revision/latest?cb=20241123101957;239_8.jpg
241;Ford Cargo Covered Truck;Ford;Majorette Mainline;1984;1992;White;1:64 / 1:87;Year Lists;List_of_1992_Majorette;https://static.wikia.nocookie.net/majorette_model_cars/images/a/a0/Ford_Cargo_Truck_%281992%2C_white%2C_Elf_Competition%29.jpg/revision/latest?cb=20200627213713;241_8.jpg
243;Ford Transit;Ford;Majorette Mainline;1988;1992;white;1:64;Year Lists;List_of_1992_Majorette;https://static.wikia.nocookie.net/majorette_model_cars/images/2/23/Ford_Transit_%28white%2C_red_interior%2C_splish_splash%2C_1992%29.jpg/revision/latest?cb=20200630174219;243_6.jpg
244;Jeep CJ-7 4 x 4 Hardtop;Jeep;Majorette Mainline;1984;1992;red;1:64;Year Lists;List_of_1992_Majorette;https://static.wikia.nocookie.net/majorette_model_cars/images/0/09/Majorette_Jeep_CJ-7_4x4_%28hardtop%29_%28red%2C_renegade%2C_black_top%2C_Thailand_version%29.jpg/revision/latest?cb=20201129165839;244_8.jpg
245 / 327;Ford Cargo Tanker;Ford;Majorette Mainline;1984;1992;Yellow;1:64;Year Lists;List_of_1992_Majorette;https://static.wikia.nocookie.net/majorette_model_cars/images/5/56/Majorette_Ford_Cargo_Tanker_%28yellow%2C_shell%2C_1_side_window%29.jpg/revision/latest?cb=20201121155224;245_-_327.jpg
246;Range Rover Rescue Team;Land Rover;Majorette Mainline;1988;1992;red;1:64;Year Lists;List_of_1992_Majorette;https://static.wikia.nocookie.net/majorette_model_cars/images/8/85/Range_Rover_Rescue_Team_%281992%2C_Red%2C_light_bluewindows%2C_white_ladder%29.jpg/revision/latest?cb=20200602144145;246_5.jpg
248;Pontiac Firebird Trans Am;Pontiac;Majorette Mainline;1983;1992;red;1:64;Year Lists;List_of_1992_Majorette;https://static.wikia.nocookie.net/majorette_model_cars/images/9/96/Majorette_Pontiac_Firebird_%28red%2C_8_racing_on_hood%2C_8_turbo_on_roof%29.jpg/revision/latest?cb=20200719150907;248_5.jpg
249;Toyota Celica 2.0 GT;Toyota;Majorette Mainline;1988;1992;white;1:64;Year Lists;List_of_1992_Majorette;https://static.wikia.nocookie.net/majorette_model_cars/images/2/28/Toyota_Celica_2.0_GT_%28white%2C_star_racing_team_RD_307%29.jpg/revision/latest?cb=20200729211205;249_8.jpg
250;Mercedes-Benz 300 TE;Mercedes-Benz;Majorette Mainline;1990;1992;White;1:64;Year Lists;List_of_1992_Majorette;https://static.wikia.nocookie.net/majorette_model_cars/images/1/1d/Majorette_Mercedes-Benz_300_TE_%28white%2C_mercedes-benz_service%29.jpg/revision/latest?cb=20210410144749;250_8.jpg
253;Cadillac Allante;Cadillac;Majorette Mainline;1989;1992;pink;1:64;Year Lists;List_of_1992_Majorette;https://static.wikia.nocookie.net/majorette_model_cars/images/e/e9/Cadillac_Allante_%28pink%29.jpg/revision/latest?cb=20201112221924;253_7.jpg
254;Citroën XM;Citroën;Majorette Mainline;1991;1992;metallic silver;1:64;Year Lists;List_of_1992_Majorette;https://static.wikia.nocookie.net/majorette_model_cars/images/7/73/Majorette_Citro%C3%ABn_XM_%28metallic_silver_green%2C_black_interior%29.jpg/revision/latest?cb=20200728181801;254_3.jpg
259;Mercedes-Benz Unimog Snow Plow;Mercedes-Benz;Majorette Mainline;1976;1992;Green;1:64;Year Lists;List_of_1992_Majorette;https://static.wikia.nocookie.net/majorette_model_cars/images/4/49/Majorette_Mercedes-Benz_Unimog_Snow_Plow_%28green%2C_yellow_windows%29.jpg/revision/latest?cb=20200531154712;259_4.jpg
260;Mercedes-Benz 500 SL;Mercedes-Benz;Majorette Mainline;1991;1992;burgundy;1:64;Year Lists;List_of_1992_Majorette;https://static.wikia.nocookie.net/majorette_model_cars/images/f/fd/Mercedes-Benz_500_SL_%28bordeaux%29_1992.jpg/revision/latest?cb=20200725223643;260_8.jpg
262;Minibus Airport;Buses;Majorette Mainline;1979;1992;red /white;1:64 / 1:87;Year Lists;List_of_1992_Majorette;https://static.wikia.nocookie.net/majorette_model_cars/images/b/b6/Minibus_%28red_white%2C_airport%2C_5_passengers%29.jpg/revision/latest?cb=20210525182402;262_8.jpg
266;Land Rover 90 Raid;Land Rover;Majorette Mainline;1987;1992;tan;1:64;Year Lists;List_of_1992_Majorette;https://static.wikia.nocookie.net/majorette_model_cars/images/1/19/Majorette_Land_Rover_Defender_90_Safari-Raid_%28beige_brown%2C_4x4_safari%2C_mud_spatters_on_hood_%26_sides%29.jpg/revision/latest?cb=20210219101158;266_7.jpg
275;Ford Escort GT;Ford;Majorette Mainline;1992;1992;light blue;1:64;Year Lists;List_of_1992_Majorette;https://static.wikia.nocookie.net/majorette_model_cars/images/c/cd/Ford_Escort_blue.webp/revision/latest?cb=20201122144034;275_3.jpg
277;4 x 4 Toyota Land Cruiser (J40);Toyota;Majorette Mainline;1983;1992;white;1:64;Year Lists;List_of_1992_Majorette;https://static.wikia.nocookie.net/majorette_model_cars/images/1/1b/4_x_4_Toyota_Land_cruiser_%28white%2C_toyota_80%29_1992.jpg/revision/latest?cb=20200801193011;277_7.jpg
281;Peugeot 205 GTI;Peugeot;Majorette Mainline;1985;1992;yellow / red;1:64;Year Lists;List_of_1992_Majorette;https://static.wikia.nocookie.net/majorette_model_cars/images/9/9f/Peugeot_205_GTI_%28yellow_red%29_1992.jpg/revision/latest?cb=20200726170808;281_7.jpg
285;Jeep Cherokee Sheriff;Jeep;Majorette Mainline;1990;1992;blue & white;1:64;Year Lists;List_of_1992_Majorette;https://static.wikia.nocookie.net/majorette_model_cars/images/8/8f/Majorette_Jeep_Cherokee_Sheriff_%28blue_%26_white%29_1992.jpg/revision/latest?cb=20201124132131;285_6.jpg
289;F1 Mc Laren;Formula 1;Majorette Mainline;1986;1992;white;1:64;Year Lists;List_of_1992_Majorette;https://static.wikia.nocookie.net/majorette_model_cars/images/e/e1/Majorette_F1_Mc_Laren_%28white-red%2C_8%2C_ware%29.jpg/revision/latest?cb=20211022094302;289_2.jpg
291;Chevrolet Blazer 4x4;Chevrolet;Majorette Mainline;1984;1992;red;1:64;Year Lists;List_of_1992_Majorette;https://static.wikia.nocookie.net/majorette_model_cars/images/9/95/Chevrolet_Blazer_4x4_%28red%2C_black_interior%2C_wild_mustang%29_1992.jpg/revision/latest?cb=20201125000141;291_4.jpg
292;Toyota Pick-Up (Hilux);Toyota;Majorette Mainline;1982;1992;yellow;1:64;Year Lists;List_of_1992_Majorette;https://static.wikia.nocookie.net/majorette_model_cars/images/e/ec/Toyota_Pick-Up_%28neon_yellow%2C_western_print%29_1992.jpg/revision/latest?cb=20200730221404;292_4.jpg
4 x 4 Toyota Pick-Up (Hilux);1983;yellow;Majorette Mainline;Toyota;1992;;1:64;Year Lists;List_of_1992_Majorette;https://static.wikia.nocookie.net/majorette_model_cars/images/3/30/Majorette_4_x_4_Toyota_Pick-Up_Hilux_%28neon_yellow%2C_rodeo_western%29.jpg/revision/latest?cb=20200730214507;4_x_4_Toyota_Pick-Up_(Hilux)_3.jpg
293;Jaguar XJ6;Jaguar;Majorette Mainline;1990;1992;metallic dark green;1:64;Year Lists;List_of_1992_Majorette;https://static.wikia.nocookie.net/majorette_model_cars/images/9/96/Jaguar_XJ6_%28metallic_dark_green%29_1992_Thailand.jpg/revision/latest?cb=20200712122704;293_5.jpg
311;Peugeot 205 GTI;Peugeot;Majorette Mainline;1979;1992;;1:64;Year Lists;List_of_1992_Majorette;https://static.wikia.nocookie.net/majorette_model_cars/images/e/e4/Peugeot_205_GTI_%2B_Horse_Trailer_%281992%29.jpg/revision/latest?cb=20210619190719;311_12.jpg
313;Camping Car Deluxe;Majorette;Majorette Mainline;1992;1992;;1:64;Year Lists;List_of_1992_Majorette;https://static.wikia.nocookie.net/majorette_model_cars/images/e/e1/Camping_Car_Deluxe_%28red_%26_white%29_1995.jpg/revision/latest?cb=20220702203110;313.jpg
327;Ford Cargo Tanker;Ford;Majorette Mainline;1985;1992;;1:64;Year Lists;List_of_1992_Majorette;https://static.wikia.nocookie.net/majorette_model_cars/images/f/f3/Ford_Cargo_Tanker_%2B_Trailer_%28Shell%2C_single_side_window%29.jpg/revision/latest?cb=20210523201634;327_2.jpg
338;Volkswagen Golf GTi (Mk II);Volkswagen;Majorette Mainline;1982;1992;;1:64;Year Lists;List_of_1992_Majorette;https://static.wikia.nocookie.net/majorette_model_cars/images/5/50/Volkswagen_Golf_GTi_%28Mk_II%29_%2B_Sailboat_%281982%29_%28green%29_1992.jpg/revision/latest?cb=20210314162400;338_7.jpg
344;Ford E-350 (Fourgon);Ford;Majorette Mainline;1987;1992;;1:64;Year Lists;List_of_1992_Majorette;https://static.wikia.nocookie.net/majorette_model_cars/images/6/66/Fourgon_%28yellow%2C_elephant_reserve%29.jpg/revision/latest?cb=20201121144927;344.jpg
355;Volvo F16 Semi Oil Tanker;Volvo;Majorette Mainline;1990;1992;;1:64;Year Lists;List_of_1992_Majorette;https://static.wikia.nocookie.net/majorette_model_cars/images/1/19/Volvo_Semi_Oil_Tanker_%28ELF%29_1992.jpg/revision/latest?cb=20210524133433;355_1.jpg
376;Range Rover Rescue Unit;Land Rover;Majorette Mainline;1978;1992;;1:64;Year Lists;List_of_1992_Majorette;https://static.wikia.nocookie.net/majorette_model_cars/images/a/ab/Range_Rover_Rescue_Team_%2B_Reservoir_%281992%29.jpg/revision/latest?cb=20210922140014;376_6.jpg
201;Ford Model A Van;Ford;Majorette Mainline;1992;1993;red;1:64;Year Lists;List_of_1993_Majorette;https://static.wikia.nocookie.net/majorette_model_cars/images/5/50/Ford_Model_A_Van_%28red%2C_Tea_Shop%29.jpg/revision/latest?cb=20220528140538;201_3.jpg
210;Peugeot 205 CTI;Peugeot;Majorette Mainline;1988;1993;silver;1:64;Year Lists;List_of_1993_Majorette;https://static.wikia.nocookie.net/majorette_model_cars/images/0/0b/Majorette_Peugeot_205_CTI_%28silver%2Cred_interior%2C_colour_splashes%2C_blue_6S_wheels%29_1993.jpg/revision/latest?cb=20200726112639;210_11.jpg
214;Nissan 300 ZX Turbo;Nissan;Majorette Mainline;1988;1993;red;1:64;Year Lists;List_of_1993_Majorette;https://static.wikia.nocookie.net/majorette_model_cars/images/1/1d/Nissan_300_ZX_Turbo_%28red%2C_green_interior%29_1993.jpg/revision/latest?cb=20200731114504;214_4.jpg
215;Chevrolet Corvette;Chevrolet;Majorette Mainline;1984;1993;red;1:64;Year Lists;List_of_1993_Majorette;https://static.wikia.nocookie.net/majorette_model_cars/images/a/af/Chevrolet_Corvette_%28pink%2C_green_doors%2C_white_5_on_Roof%2C_hood_and_doors%29.jpg/revision/latest?cb=20200605231259;215_9.jpg
217;Ford Thunderbird;Ford;Majorette Mainline;1986;1993;black;1:64;Year Lists;List_of_1993_Majorette;https://static.wikia.nocookie.net/majorette_model_cars/images/e/e5/Majorette_Ford_Thunderbird_%28black%2C_4_gambler%29.jpg/revision/latest?cb=20200925100850;217_9.jpg
218;Peugeot 405 MI 16;Peugeot;Majorette Mainline;1989;1993;white;1:64;Year Lists;List_of_1993_Majorette;https://static.wikia.nocookie.net/majorette_model_cars/images/6/69/Peugeot_405_MI_16_%28white%29.jpg/revision/latest?cb=20200924152356;218_6.jpg
223;Chevy '57;Chevrolet;Majorette Mainline;1991;1993;light blue;1:64;Year Lists;List_of_1993_Majorette;https://static.wikia.nocookie.net/majorette_model_cars/images/6/68/Chevy_%2757_%28pink_tires%29.jpg/revision/latest?cb=20200603183753;223_6.jpg
225;Renault 19 Cabriolet;Renault;Majorette Mainline;1993;1993;white;1:64;Year Lists;List_of_1993_Majorette;https://static.wikia.nocookie.net/majorette_model_cars/images/b/b8/Majorette_Renault_19_Cabriolet_%28white%2C_vive_le_sport%29.jpg/revision/latest?cb=20220529115018;225_3.jpg
227;Ford Mustang Convertible;Ford;Majorette Mainline;1988;1993;dark blue;1:64;Year Lists;List_of_1993_Majorette;https://static.wikia.nocookie.net/majorette_model_cars/images/2/2b/Ford_Mustang_Convertible_%28blue%29_1993.jpg/revision/latest?cb=20200725214905;227_7.jpg
236;4 x 4 Cherokee;Jeep;Majorette Mainline;1980;1993;red;1:64;Year Lists;List_of_1993_Majorette;https://static.wikia.nocookie.net/majorette_model_cars/images/a/aa/4_x_4_cherokee_%28red%2C_blue_flames%29.jpg/revision/latest?cb=20200624204522;236_11.jpg
238;F1 Racing;Formula 1;Majorette Mainline;1986;1993;green;1:64;Year Lists;List_of_1993_Majorette;https://static.wikia.nocookie.net/majorette_model_cars/images/1/1b/F1_Racing_%28green%2C_red_interior%29_1993.jpg/revision/latest?cb=20200808195851;238_11.jpg
243;Ford Transit;Ford;Majorette Mainline;1988;1993;red;1:64;Year Lists;List_of_1993_Majorette;https://static.wikia.nocookie.net/majorette_model_cars/images/8/81/Ford_Transit_%28red%2C_city_bus%2C_1993%29.jpg/revision/latest?cb=20200630175420;243_7.jpg
244;Jeep CJ-7 4 x 4 Hardtop;Jeep;Majorette Mainline;1984;1993;pink;1:64;Year Lists;List_of_1993_Majorette;https://static.wikia.nocookie.net/majorette_model_cars/images/0/08/Majorette_Jeep_CJ-7_4x4_%28hardtop%29_%28pink%2C_black_interior%29.jpg/revision/latest?cb=20200531154518;244_9.jpg
251;GMC Brigadier Bucket Truck;GMC;Majorette Mainline;1993;1993;yellow;1:64 / 1:87;Year Lists;List_of_1993_Majorette;https://static.wikia.nocookie.net/majorette_model_cars/images/5/5d/GMC_Bucket.jpg/revision/latest?cb=20220926174839;251_8.jpg
252;Honda Prelude;Honda;Majorette Mainline;1990;1993;blue;1:64;Year Lists;List_of_1993_Majorette;https://static.wikia.nocookie.net/majorette_model_cars/images/1/17/Honda_Prelude_%28blue%2C_white_red_prints%2C_6S_red_wheels%29.jpg/revision/latest?cb=20201111130454;252_5.jpg
257;BMW 325i (E36);BMW;Majorette Mainline;1993;1993;metallic dark green;1:64;Year Lists;List_of_1993_Majorette;https://static.wikia.nocookie.net/majorette_model_cars/images/8/89/Majorette_BMW_325i_%28E36%29_%28metallic_dark_green%2C_8DOT_wheels%29_%282%29.jpg/revision/latest?cb=20200830213405;257_11.jpg
258;Pontiac Firebird Pro Stock;Pontiac;Majorette Mainline;1989;1993;yellow;1:64;Year Lists;List_of_1993_Majorette;https://static.wikia.nocookie.net/majorette_model_cars/images/e/ee/Majorette_Pontiac_Firebird_Pro_Stocker_%28yellow%29.jpg/revision/latest?cb=20220801173445;258_4.jpg
260;Mercedes-Benz 500 SL;Mercedes-Benz;Majorette Mainline;1991;1993;silver;1:64;Year Lists;List_of_1993_Majorette;https://static.wikia.nocookie.net/majorette_model_cars/images/7/72/Mercedes-Benz_500_SL_%28silver%29_1993.jpg/revision/latest?cb=20200725224221;260_9.jpg
262;Minibus Airport;Buses;Majorette Mainline;1979;1993;yellow / red;1:64 / 1:87;Year Lists;List_of_1993_Majorette;https://static.wikia.nocookie.net/majorette_model_cars/images/7/7f/Minibus_%28yellow_red%2C_NUC2%29_1993.jpg/revision/latest?cb=20210525151211;262_9.jpg
264;Volkswagen Golf (Mk III);Volkswagen;Majorette Mainline;1993;1993;red;1:64;Year Lists;List_of_1993_Majorette;https://static.wikia.nocookie.net/majorette_model_cars/images/b/b3/Majorette_Volkswagen_Golf_%28Mk_III%29_%28red%2C_clear_windows%2C_black_interior%2C_8DOT_wheels%29.jpg/revision/latest?cb=20200824144906;264_7.jpg
265;Renault J Container;Renault;Majorette Mainline;1987;1993;white;1:64;Year Lists;List_of_1993_Majorette;https://static.wikia.nocookie.net/majorette_model_cars/images/9/93/Renault_J_Container_%28white%2C_roquefort%29.jpg/revision/latest?cb=20201121220726;265_6.jpg
266;Land Rover 90 Raid;Land Rover;Majorette Mainline;1987;1993;white;1:64;Year Lists;List_of_1993_Majorette;https://static.wikia.nocookie.net/majorette_model_cars/images/0/0e/No_image.jpg/revision/latest?cb=20200531172448;258.jpg
268;Pontiac Trans Sport;Pontiac;Majorette Mainline;1993;1993;red;1:64;Year Lists;List_of_1993_Majorette;https://static.wikia.nocookie.net/majorette_model_cars/images/6/68/Pontiac_Trans_Sport_%28red%2C_white_interior%2C_6S%29.jpg/revision/latest?cb=20201024193042;268_10.jpg
270;Renault Clio;Renault;Majorette Mainline;1991;1993;blue;1:64;Year Lists;List_of_1993_Majorette;https://static.wikia.nocookie.net/majorette_model_cars/images/1/1d/Majorette_Renault_Clio_%28metallic_blue%2C_clio_93_on_hood%2C_coloured_flags_on_sides%29.jpg/revision/latest?cb=20200727192431;270_5.jpg
275;Ford Escort GT;Ford;Majorette Mainline;1992;1993;yellow;1:64;Year Lists;List_of_1993_Majorette;https://static.wikia.nocookie.net/majorette_model_cars/images/b/b0/Ford-escort-rally-majorette-275-na-1-mc108.jpg/revision/latest?cb=20210620134537;275_4.jpg
277 - 328;Toyota Land Cruiser (J40);Toyota;Majorette Mainline;1981;1993;white;1:64;Year Lists;List_of_1993_Majorette;https://static.wikia.nocookie.net/majorette_model_cars/images/d/d1/Toyota_Land_cruiser_%28white%2C_jungle%29_1993.jpg/revision/latest?cb=20200801193858;277_-_328.jpg
278;Camping Car;Ford;Majorette Mainline;1991;1993;red;1:64;Year Lists;List_of_1993_Majorette;https://static.wikia.nocookie.net/majorette_model_cars/images/d/dc/Camping_car_%28red%29.jpg/revision/latest?cb=20220528173203;278_4.jpg
279;Stock Car;Pontiac;Majorette Mainline;1993;1993;blue;1:64;Year Lists;List_of_1993_Majorette;https://static.wikia.nocookie.net/majorette_model_cars/images/6/60/Stock_Car_%28blue%2C_yellow_interior%2C_no_rollcage%29_1993.jpg/revision/latest?cb=20200825221211;279_4.jpg
286;Fiat Tipo;Fiat;Majorette Mainline;1990;1993;orange;1:64;Year Lists;List_of_1993_Majorette;https://static.wikia.nocookie.net/majorette_model_cars/images/e/e7/Fiat_Tipo_%28orange%2C_gray_interior%29_1993.jpg/revision/latest?cb=20200725181629;286_1.jpg
290;Jeep CJ-7 4 x 4 Roll Bar;Jeep;Majorette Mainline;1984;1993;yellow;1:64;Year Lists;List_of_1993_Majorette;https://static.wikia.nocookie.net/majorette_model_cars/images/6/6c/Jeep_cj-7_Roll_Bar_%28yellown_green_interior%2C_black_roll_bar%2C_1993%29.jpg/revision/latest?cb=20200701233114;290_3.jpg
296;El Camino SS;Chevrolet;Majorette Mainline;1988;1993;pink;1:64;Year Lists;List_of_1993_Majorette;https://static.wikia.nocookie.net/majorette_model_cars/images/c/c9/Majorette_El_Camino_SS_%28pink%2C_paint_splashes%2C_indy_crash%29.jpg/revision/latest?cb=20200718223002;296_3.jpg
316;Tracteur (1980);Majorette;Majorette Mainline;1980;1993;;1:64;Year Lists;List_of_1993_Majorette;https://static.wikia.nocookie.net/majorette_model_cars/images/4/4d/Tracteur_%281980%29_%2B_Dump_Trailer_%28green%29_%282%29.jpg/revision/latest?cb=20210523195317;316_4.jpg
325;Ford Mustang Convertible;Ford;Majorette Mainline;1983;1993;;1:64;Year Lists;List_of_1993_Majorette;https://static.wikia.nocookie.net/majorette_model_cars/images/c/cd/Ford_Mustang_Convertible_%2B_Caravan_%281983%29_%28blue%291993.jpg/revision/latest?cb=20210312211001;325_9.jpg
328;Toyota Land Cruiser (J40);Toyota;Majorette Mainline;1987;1993;;1:64;Year Lists;List_of_1993_Majorette;https://static.wikia.nocookie.net/majorette_model_cars/images/7/77/Toyota_Land_Cruise_%2B_Lion_Cage_Trailer_%281%29.jpg/revision/latest?cb=20210523203202;328_5.jpg
338;Volkswagen Golf (Mk III);Volkswagen;Majorette Mainline;1982;1993;;1:64;Year Lists;List_of_1993_Majorette;https://static.wikia.nocookie.net/majorette_model_cars/images/3/38/Golf_%28Mk_III%29_%2B_Sailboat_%281982%29_%28dark_metallic_green%29_1993.jpg/revision/latest?cb=20210314193042;338_8.jpg
339;Cadillac Stretch Limousine;Cadillac;Majorette Mainline;1987;1993;;1:64;Year Lists;List_of_1993_Majorette;https://static.wikia.nocookie.net/majorette_model_cars/images/5/5d/Majorette_Cadillac_Stretch_Limousine_%28white%2C_Thailand_version%29.jpg/revision/latest?cb=20210313111027;339_3.jpg
340;Volvo F16 Semi Container;Volvo;Majorette Mainline;1993;1993;;1:64;Year Lists;List_of_1993_Majorette;https://static.wikia.nocookie.net/majorette_model_cars/images/c/c7/Volvo_Semi_Container_%28red%2C_hollywood_boulevard%29.jpg/revision/latest?cb=20220223153246;340.jpg
373;Neoplan Autocar Jetliner;Majorette;Majorette Mainline;1977;1993;;1:64;Year Lists;List_of_1993_Majorette;https://static.wikia.nocookie.net/majorette_model_cars/images/8/8c/Autocar_Neoplan_%28black_white%2C_NUC2B%29.jpg/revision/latest?cb=20210610213000;373_7.jpg
MAJ-CHEVROLET_EL;Chevrolet El Caminio SS;Chevrolet;Majorette Mainline;1993;1993;;1:64;Year Lists;List_of_1993_Majorette;https://static.wikia.nocookie.net/majorette_model_cars/images/9/9a/Chevrolet_el_camion_pink_planeur.JPG/revision/latest?cb=20251127175544;MAJ-CHEVROLET_EL.jpg
204;Ferrari 456 GT;Ferrari;Majorette Mainline;1994;1994;black;1:64;Year Lists;List_of_1994_Majorette;https://static.wikia.nocookie.net/majorette_model_cars/images/0/0e/No_image.jpg/revision/latest?cb=20200531172448;258.jpg
205;Jaguar XJ6 Police;Jaguar;Majorette Mainline;1994;1994;white;1:64;Year Lists;List_of_1994_Majorette;https://static.wikia.nocookie.net/majorette_model_cars/images/0/03/Jaguar_XJ6_Police_%28white%2C_8DOT%29.jpg/revision/latest?cb=20220425174820;205_10.jpg
208 / 316;Tracteur (1980);Generic;Majorette Mainline;1980;1994;green;1:64;Year Lists;List_of_1994_Majorette;https://static.wikia.nocookie.net/majorette_model_cars/images/f/fa/Majorette_Tracteur_%28light_green%2C_yellow_tire%29.jpg/revision/latest?cb=20200601151305;208_-_316_1.jpg
209;Porsche Turbo;Porsche;Majorette Mainline;1983;1994;red;1:64;Year Lists;List_of_1994_Majorette;https://static.wikia.nocookie.net/majorette_model_cars/images/3/3a/Majorette_Porsche_Turbo_%28red%2C_porsche_logo_on_hood%2C_white_interior%29.jpg/revision/latest?cb=20200719141345;209_4.jpg
210;Peugeot 205 CTI;Peugeot;Majorette Mainline;1988;1994;metallic blue;1:64;Year Lists;List_of_1994_Majorette;https://static.wikia.nocookie.net/majorette_model_cars/images/0/03/Majorette_Peugeot_205_CTI_%28metallic_blue%2C_pink_interior%2C_tenniw%2C_6S_wheels%29.jpg/revision/latest?cb=20200726115335;210_12.jpg
211;Ferrari GTO;Ferrari;Majorette Mainline;1987;1994;red;1:64;Year Lists;List_of_1994_Majorette;https://static.wikia.nocookie.net/majorette_model_cars/images/0/0c/Ferrari_GTO_%28red%2C_nr23%29.jpg/revision/latest?cb=20200711215216;211_4.jpg
212;Pontiac Firebird (4th Generation);Pontiac;Majorette Mainline;1994;1994;yellow;1:64;Year Lists;List_of_1994_Majorette;https://static.wikia.nocookie.net/majorette_model_cars/images/c/ce/Pontiac_Firebird_4th_generation_%28yellow%2C_black_interior%2C_1994%29.jpg/revision/latest?cb=20200704231211;212_4.jpg
214;Nissan 300 ZX Turbo;Nissan;Majorette Mainline;1988;1994;red;1:64;Year Lists;List_of_1994_Majorette;https://static.wikia.nocookie.net/majorette_model_cars/images/8/85/Majorette_Nissan_300_ZX_Turbo_%28red%2C_17_racing_team%2C_white_interior%29.jpg/revision/latest?cb=20200731111022;214_5.jpg
215;Chevrolet Corvette;Chevrolet;Majorette Mainline;1984;1994;red;1:64;Year Lists;List_of_1994_Majorette;https://static.wikia.nocookie.net/majorette_model_cars/images/9/99/Chevrolet_Corvette_%28red%2C_corvette_on_hood%2C_ZR-1_on_doors%29.jpg/revision/latest?cb=20200605225914;215_10.jpg
218;Peugeot 405 MI 16;Peugeot;Majorette Mainline;1989;1994;white;1:64;Year Lists;List_of_1994_Majorette;https://static.wikia.nocookie.net/majorette_model_cars/images/d/d6/Majorette_Peugeot_405_MI_16_%28white%2C_peugeot_on_sides%2C_red_interior%29.jpg/revision/latest?cb=20200924152838;218_7.jpg
219;Lamborghini Diablo;Lamborghini;Majorette Mainline;1992;1994;yellow;1:64;Year Lists;List_of_1994_Majorette;https://static.wikia.nocookie.net/majorette_model_cars/images/d/df/Majorette_Lamborghini_Diablo_%28yellow%2C_large_logo_on_hood%29.jpg/revision/latest?cb=20220320192715;219_11.jpg
220;Mustang SVO;Ford;Majorette Mainline;1986;1994;red;1:64;Year Lists;List_of_1994_Majorette;https://static.wikia.nocookie.net/majorette_model_cars/images/c/ce/Majorette_Mustang_SVO_%28red%2C_mustang%2C_black_interior%29.jpg/revision/latest?cb=20200831173849;220_10.jpg
223;Chevy '57;Chevrolet;Majorette Mainline;1991;1994;light blue;1:64;Year Lists;List_of_1994_Majorette;https://static.wikia.nocookie.net/majorette_model_cars/images/4/48/Majorette_chevy_%28light_blue%29.jpg/revision/latest?cb=20200531205513;223_7.jpg
224;Jeep Cherokee Limited;Jeep;Majorette Mainline;1990;1994;black;1:64;Year Lists;List_of_1994_Majorette;https://static.wikia.nocookie.net/majorette_model_cars/images/8/8c/Jeep_Cherokee_limited_%28black%2C_water_print%2C_pink_interior%29.jpg/revision/latest?cb=20201123224550;224_7.jpg
227;Ford Mustang Convertible;Ford;Majorette Mainline;1988;1994;metallic blue;1:64;Year Lists;List_of_1994_Majorette;https://static.wikia.nocookie.net/majorette_model_cars/images/8/8c/Ford_Mustang_Convertible_%28blue%29_1994.jpg/revision/latest?cb=20200725215420;227_8.jpg
229;Aston Martin DB7;Aston Martin;Majorette Mainline;1994;1994;metalflake blue;1:64;Year Lists;List_of_1994_Majorette;https://static.wikia.nocookie.net/majorette_model_cars/images/d/d0/Majorette_Aston_Martin_DB7_%28metalflake_blue%29.jpg/revision/latest?cb=20201201133448;229_11.jpg
234;Ford E-350 (Fourgon);Ford;Majorette Mainline;1982;1994;white;1:64;Year Lists;List_of_1994_Majorette;https://static.wikia.nocookie.net/majorette_model_cars/images/0/0e/No_image.jpg/revision/latest?cb=20200531172448;258.jpg
236;4 x 4 Cherokee;Jeep;Majorette Mainline;1980;1994;yellow;1:64;Year Lists;List_of_1994_Majorette;https://static.wikia.nocookie.net/majorette_model_cars/images/a/a8/4_x_4_cherokee_%28yellow%2C_cactus_indian%29.jpg/revision/latest?cb=20200624204924;236_12.jpg
237;Lamborghini Countach;Lamborghini;Majorette Mainline;1980;1994;red;1:64;Year Lists;List_of_1994_Majorette;https://static.wikia.nocookie.net/majorette_model_cars/images/a/a9/Lamborghini_Countach_%28red%2C_racing_team%2C_yellow_spoiler%29_1994.jpg/revision/latest?cb=20220225135611;237_10.jpg
244;Jeep CJ-7 4 x 4 Hardtop;Jeep;Majorette Mainline;1984;1994;pink;1:64;Year Lists;List_of_1994_Majorette;https://static.wikia.nocookie.net/majorette_model_cars/images/f/fe/Jeep_CJ-7_Roll_Bar_%281993%2C_pink%2C_yellow_interior%29.jpg/revision/latest?cb=20200701232040;244_10.jpg
250;Mercedes-Benz 300 TE;Mercedes-Benz;Majorette Mainline;1990;1994;Metalflake blue;1:64;Year Lists;List_of_1994_Majorette;https://static.wikia.nocookie.net/majorette_model_cars/images/c/cc/Majorette_Mercedes-Benz_300_TE_%28metalflake_blue%2C_mercedes_logo_on_hood%29.jpg/revision/latest?cb=20210410144827;250_9.jpg
262;Minibus Airport;Buses;Majorette Mainline;1979;1994;yellow / red;1:64 / 1:87;Year Lists;List_of_1994_Majorette;https://static.wikia.nocookie.net/majorette_model_cars/images/3/30/Minibus_%28yellow_red%2C_NUC2%29_Thailand_1994.jpg/revision/latest?cb=20221011181913;262_10.jpg
266;Land Rover 90 Raid;Land Rover;Majorette Mainline;1987;1994;white;1:64;Year Lists;List_of_1994_Majorette;https://static.wikia.nocookie.net/majorette_model_cars/images/1/14/Majorette_Land_Rover_Defender_90_Safari-Raid_%28white%2C_4x4_Safari%2C_mud_spatters_on_hood%29.jpg/revision/latest?cb=20210219101015;266_8.jpg
269;Ford Mondeo;Ford;Majorette Mainline;1994;1994;red;1:64;Year Lists;List_of_1994_Majorette;https://static.wikia.nocookie.net/majorette_model_cars/images/2/29/Ford_Mondeo_%28red%29_1994.jpg/revision/latest?cb=20200902123714;269_5.jpg
270;Renault Clio;Renault;Majorette Mainline;1991;1994;blue;1:64;Year Lists;List_of_1994_Majorette;https://static.wikia.nocookie.net/majorette_model_cars/images/8/8b/Majorette_Renault_Clio_%28metallic_blue%2C_clio_93_on_hood%2C_white_flags_on_sides%29.jpg/revision/latest?cb=20200727192651;270_6.jpg
273;Roadster (Viper);Dodge;Majorette Mainline;1994;1994;red;1:64;Year Lists;List_of_1994_Majorette;https://static.wikia.nocookie.net/majorette_model_cars/images/b/b1/Roadster_%28red%2C_5RDL%29_1994.jpg/revision/latest?cb=20200812185648;273_5.jpg
276;Toyota Runner;Toyota;Majorette Mainline;1994;1994;red;1:64;Year Lists;List_of_1994_Majorette;https://static.wikia.nocookie.net/majorette_model_cars/images/0/02/Majorette_Toyoya_Runner_%28red%2C_4x4_runner%29.jpg/revision/latest?cb=20201117185044;276.jpg
279;Stock Car;Pontiac;Majorette Mainline;1993;1994;metallic blue;1:64;Year Lists;List_of_1994_Majorette;https://static.wikia.nocookie.net/majorette_model_cars/images/3/38/Stock_Car_%28blue%2C_7%2C_yellow_interior%2C_pink_rollcage%2C_ELO%29.jpg/revision/latest?cb=20200825153322;279_5.jpg
280;Ferrari F40;Ferrari;Majorette Mainline;1989;1994;red;1:64;Year Lists;List_of_1994_Majorette;https://static.wikia.nocookie.net/majorette_model_cars/images/a/a6/Ferrari_F40_%28red%2C_big_logo%2C_ELO%29.jpg/revision/latest?cb=20201113114134;280_4.jpg
281;Peugeot 205 GTI;Peugeot;Majorette Mainline;1985;1994;white;1:64;Year Lists;List_of_1994_Majorette;https://static.wikia.nocookie.net/majorette_model_cars/images/f/fe/Peugeot_205_GTI_%28white%2C_red%2C_interior%2C_police%29_1994.jpg/revision/latest?cb=20200726172323;281_8.jpg
285;Jeep Cherokee Sheriff;Jeep;Majorette Mainline;1990;1994;white;1:64;Year Lists;List_of_1994_Majorette;https://static.wikia.nocookie.net/majorette_model_cars/images/c/c3/Jeep_Cherokee_Sheriff_%28white%2C_911_sheriff_%2C_jeep_cherokee_base%29.jpg/revision/latest?cb=20201124133300;285_7.jpg
286;Fiat Tipo;Fiat;Majorette Mainline;1990;1994;orange;1:64;Year Lists;List_of_1994_Majorette;https://static.wikia.nocookie.net/majorette_model_cars/images/1/17/Majorette_Fiat_Tipo_%28yellow%2C_1_racing_team_motor_oil%2C_8DOT_wheels%29.jpg/revision/latest?cb=20200725180331;286_2.jpg
291;Chevrolet Blazer 4x4;Chevrolet;Majorette Mainline;1984;1994;black;1:64;Year Lists;List_of_1994_Majorette;https://static.wikia.nocookie.net/majorette_model_cars/images/c/c7/Majorette_Chevrolet_Blazer_4x4_%28black%2C_international_foundation%2C_rhino%29.jpg/revision/latest?cb=20201125000538;291_5.jpg
292;Toyota Pick-Up (Hilux);Toyota;Majorette Mainline;1982;1994;pink;1:64;Year Lists;List_of_1994_Majorette;https://static.wikia.nocookie.net/majorette_model_cars/images/5/59/Toyota_Pick-Up_%28pink%2C_gladiator%29_1993.jpg/revision/latest?cb=20200730223831;292_5.jpg
4 x 4 Toyota Pick-Up (Hilux);1983;pink;Majorette Mainline;Toyota;1994;;1:64;Year Lists;List_of_1994_Majorette;https://static.wikia.nocookie.net/majorette_model_cars/images/0/00/Toyota_Pick-Up_4_x_4_%28pink%2C_gladiator%29_1993.jpg/revision/latest?cb=20200730224259;4_x_4_Toyota_Pick-Up_(Hilux)_4.jpg
296;El Camino SS;Chevrolet;Majorette Mainline;1988;1994;fluo green;1:64;Year Lists;List_of_1994_Majorette;https://static.wikia.nocookie.net/majorette_model_cars/images/7/7f/Majorette_El_Camino_SS_%28fluo_green%29.jpg/revision/latest?cb=20200718223520;296_4.jpg
325;Ford Mustang Convertible;Ford;Majorette Mainline;1983;1994;;1:64;Year Lists;List_of_1994_Majorette;https://static.wikia.nocookie.net/majorette_model_cars/images/b/b2/Ford_Mustang_Convertible_%2B_Caravan_%281983%29_%28blue%291994.jpg/revision/latest?cb=20210312211840;325_10.jpg
328;Land Rover 90 Raid;Land Rover;Majorette Mainline;1987;1994;;1:64;Year Lists;List_of_1994_Majorette;https://static.wikia.nocookie.net/majorette_model_cars/images/8/89/Land_Rover_90_Raid_%2B_Lion_Cage_%28white%2C_muddy_4x4_safari%29.jpg/revision/latest?cb=20210219130310;328_6.jpg
331;Niveleuse;Majorette;Majorette Mainline;1994;1994;;1:64;Year Lists;List_of_1994_Majorette;https://static.wikia.nocookie.net/majorette_model_cars/images/0/03/Niveleuse_%28yellow%2C_ORN%29.jpg/revision/latest?cb=20210805192820;331.jpg
334;Tracteur (1980);Majorette;Majorette Mainline;1994;1994;;1:64;Year Lists;List_of_1994_Majorette;https://static.wikia.nocookie.net/majorette_model_cars/images/e/e9/Tracteur_%281980%29_%2B_Forrest_Trailer_%281994%29.jpg/revision/latest?cb=20210523195748;334.jpg
201S;Fiat Coupe;Fiat;Majorette Mainline;1995;1995;yellow;1:64;Year Lists;List_of_1995_Majorette;https://static.wikia.nocookie.net/majorette_model_cars/images/c/c7/Fiat_Coupe_%28yellow%2C_SuperS%2C_8DOT%29_1995.jpg/revision/latest?cb=20200819105654;201S.jpg
202S;Fiat Coupe Racing;Fiat;Majorette Mainline;1995;1995;silver;1:64;Year Lists;List_of_1995_Majorette;https://static.wikia.nocookie.net/majorette_model_cars/images/d/dd/Fiat_Coupe_racing_%28silver%2C_superS%29_1995.jpg/revision/latest?cb=20200819105739;202S.jpg
206;Renault Twingo Mk1;Renault;Majorette Mainline;1995;1995;blue;1:64;Year Lists;List_of_1995_Majorette;https://static.wikia.nocookie.net/majorette_model_cars/images/e/e8/Renault_Twingo_Mk1_%28blue%2C_open_roof%29_1995.jpg/revision/latest?cb=20200808133307;206_9.jpg
207S;Renault Clio;Renault;Majorette Mainline;1991;1995;metallic blue;1:64;Year Lists;List_of_1995_Majorette;https://static.wikia.nocookie.net/majorette_model_cars/images/a/a5/Majorette_Renault_Clio_%28blue%2C_clio_on_sides%29.jpg/revision/latest?cb=20200727194147;207S.jpg
208S;Renault Clio Rallye;Renault;Majorette Mainline;1991;1995;blue;1:64;Year Lists;List_of_1995_Majorette;https://static.wikia.nocookie.net/majorette_model_cars/images/c/cc/Renault_Clio_%28supers%29.jpg/revision/latest?cb=20200902105745;208S.jpg
209S;Ferrari 456 GT;Ferrari;Majorette Mainline;1994;1995;red;1:64;Year Lists;List_of_1995_Majorette;https://static.wikia.nocookie.net/majorette_model_cars/images/e/eb/Majorette_Ferrari_456_GT_%28red%2C_SuperS%2C_brown_interior%2C_6S%29.jpg/revision/latest?cb=20200817211311;209S.jpg
210S;Ferrari 456 GT Racing;Ferrari;Majorette Mainline;1994;1995;black;1:64;Year Lists;List_of_1995_Majorette;https://static.wikia.nocookie.net/majorette_model_cars/images/4/43/Ferrari_456_GT_%28black%2C_SuperS%29_1995.jpg/revision/latest?cb=20200817211522;210S.jpg
211S;Ford Mondeo;Ford;Majorette Mainline;1994;1995;metallic silver;1:64;Year Lists;List_of_1995_Majorette;https://static.wikia.nocookie.net/majorette_model_cars/images/3/3d/Ford_Mondeo_%28silver%2C_SuperS%2C_8DOT%29_1995.jpg/revision/latest?cb=20200902124653;211S.jpg
212;Pontiac Firebird (4th Generation);Pontiac;Majorette Mainline;1994;1995;yellow;1:64;Year Lists;List_of_1995_Majorette;https://static.wikia.nocookie.net/majorette_model_cars/images/b/b7/Pontiac_Firebird_4th_generation_%28yellow%2C_1994%29.jpg/revision/latest?cb=20200704230423;212_5.jpg
212S;Ford Mondeo Rallye;Ford;Majorette Mainline;1994;1995;blue;1:64;Year Lists;List_of_1995_Majorette;https://static.wikia.nocookie.net/majorette_model_cars/images/5/55/Ford_Mondeo_%28blue%2C_SuperS%29_1995.jpg/revision/latest?cb=20200902124739;212S.jpg
213;F1 (1995);Formula 1;Majorette Mainline;1995;1995;blue;1:64;Year Lists;List_of_1995_Majorette;https://static.wikia.nocookie.net/majorette_model_cars/images/9/94/F1_%281995%29_%28blue%29.jpg/revision/latest?cb=20220710100514;213_9.jpg
213S;Roadster (Viper);Dodge;Majorette Mainline;1994;1995;red;1:64;Year Lists;List_of_1995_Majorette;https://static.wikia.nocookie.net/majorette_model_cars/images/b/be/Majorette_Roadster_%28red%2C_ELO_wheels%29.jpg/revision/latest?cb=20200812184550;213S.jpg
214S;Roadster (Viper);Dodge;Majorette Mainline;1994;1995;blue;1:64;Year Lists;List_of_1995_Majorette;https://static.wikia.nocookie.net/majorette_model_cars/images/c/c5/Roadster_%28blue%2C_5RDL%29.jpg/revision/latest?cb=20200812232428;214S.jpg
215S;Ferrari GTO;Ferrari;Majorette Mainline;1987;1995;yellow;1:64;Year Lists;List_of_1995_Majorette;https://static.wikia.nocookie.net/majorette_model_cars/images/e/e6/Ferroaro_GTO_SuperS_%28yellow%29.jpg/revision/latest?cb=20200711221323;215S.jpg
216S;Ferrari GTO Racing;Ferrari;Majorette Mainline;1987;1995;red;1:64;Year Lists;List_of_1995_Majorette;https://static.wikia.nocookie.net/majorette_model_cars/images/0/0c/Ferrari_GTO_%28red%2C_nr23%29.jpg/revision/latest?cb=20200711215216;211_4.jpg
217;Ford Thunderbird;Ford;Majorette Mainline;1986;1995;blue;1:64;Year Lists;List_of_1995_Majorette;https://static.wikia.nocookie.net/majorette_model_cars/images/b/b7/Ford_Thunderbird_%28blue%2C_red_3_on_hood_and_roof%29.jpg/revision/latest?cb=20200611181003;217_10.jpg
217S;Stock Car;Pontiac;Majorette Mainline;1993;1995;white;1:64;Year Lists;List_of_1995_Majorette;https://static.wikia.nocookie.net/majorette_model_cars/images/6/6c/Stock_car_%28white%2C_SuperS%29_1995.jpg/revision/latest?cb=20200816103049;217S.jpg
218S;Stock Car;Pontiac;Majorette Mainline;1993;1995;blue;1:64;Year Lists;List_of_1995_Majorette;https://static.wikia.nocookie.net/majorette_model_cars/images/d/d2/Stock_car_%28blue%2C_SuperS%29_1995.jpg/revision/latest?cb=20200816103117;218S.jpg
223;Chevy '57;Chevrolet;Majorette Mainline;1991;1995;Red;1:64;Year Lists;List_of_1995_Majorette;https://static.wikia.nocookie.net/majorette_model_cars/images/1/16/Majorette_chevy_%28red%29.jpg/revision/latest?cb=20200531205027;223_8.jpg
224;Jeep Cherokee Limited;Jeep;Majorette Mainline;1990;1995;black;1:64;Year Lists;List_of_1995_Majorette;https://static.wikia.nocookie.net/majorette_model_cars/images/a/ae/Majorette_Jeep_Cherokee_Limited_%28black%2C_limited%2C_jeep_cherokee_on_base%2C_red_surfboards%29.jpg/revision/latest?cb=20220611120708;224_8.jpg
225;Renault 19 Cabriolet;Renault;Majorette Mainline;1993;1995;white;1:64;Year Lists;List_of_1995_Majorette;https://static.wikia.nocookie.net/majorette_model_cars/images/e/e2/Majorette_Renault_19_Cabriolet_%28white%2C_renault_logo_on_hood%29.jpg/revision/latest?cb=20200714112138;225_4.jpg
227;Ford Mustang Convertible;Ford;Majorette Mainline;1988;1995;black;1:64;Year Lists;List_of_1995_Majorette;https://static.wikia.nocookie.net/majorette_model_cars/images/c/c1/Mustang_Converible_%28black%2C_tutti_frutti%29.jpg/revision/latest?cb=20200831171203;227_9.jpg
234;Ford E-350 (Fourgon);Ford;Majorette Mainline;1982;1995;red;1:64;Year Lists;List_of_1995_Majorette;https://static.wikia.nocookie.net/majorette_model_cars/images/9/99/Fourgon_%28red%2C_coca_cola%29.jpg/revision/latest?cb=20201211104015;234_9.jpg
237;Lamborghini Countach;Lamborghini;Majorette Mainline;1980;1995;Red;1:64;Year Lists;List_of_1995_Majorette;https://static.wikia.nocookie.net/majorette_model_cars/images/0/0e/Lamborghini_Countach_%28red%2C_logo_on_hood%2C_yellow_spoiler%29.jpg/revision/latest?cb=20200610153228;237_11.jpg
238;F1 Racing;Formula 1;Majorette Mainline;1986;1995;yellow;1:64;Year Lists;List_of_1995_Majorette;https://static.wikia.nocookie.net/majorette_model_cars/images/2/2e/F1_Racing_%28yellow%291995.jpg/revision/latest?cb=20200808201427;238_12.jpg
239;Chevrolet Blazer;Chevrolet;Majorette Mainline;1995;1995;blue;1:64;Year Lists;List_of_1995_Majorette;https://static.wikia.nocookie.net/majorette_model_cars/images/5/54/Chevrolet_Blazer_%28blue%291996.jpg/revision/latest?cb=20220321154827;239_9.jpg
240;Chevrolet Impala;Chevrolet;Majorette Mainline;1986;1995;white / black;1:64;Year Lists;List_of_1995_Majorette;https://static.wikia.nocookie.net/majorette_model_cars/images/a/ac/Chevrolet_impala_police_%28black_white_1995%29.jpg/revision/latest?cb=20200625125446;240_9.jpg
244;Jeep CJ-7 4 x 4 Hardtop;Jeep;Majorette Mainline;1984;1995;black;1:64;Year Lists;List_of_1995_Majorette;https://static.wikia.nocookie.net/majorette_model_cars/images/0/0c/Jeep_CJ-7_4_x_4_hardtop_%281995%2C_black%2C_snake_print%2C_white_interior%2C_yellow_top%29.jpg/revision/latest?cb=20200702141628;244_11.jpg
246;Range Rover Rescue Team;Land Rover;Majorette Mainline;1990;1995;red;1:64;Year Lists;List_of_1995_Majorette;https://static.wikia.nocookie.net/majorette_model_cars/images/8/85/Range_Rover_Rescue_Team_%281992%2C_Red%2C_light_bluewindows%2C_white_ladder%29.jpg/revision/latest?cb=20200602144145;246_5.jpg
249;GMC Jimmy;GMC;Majorette Mainline;1995;1995;cyan green;1:64;Year Lists;List_of_1995_Majorette;https://static.wikia.nocookie.net/majorette_model_cars/images/d/d2/GMC_Jimmy_%28cyan_green%291996.jpg/revision/latest?cb=20220321202305;249_9.jpg
255;Ford Ranger Ambulance;Ford;Majorette Mainline;1991;1995;white;1:64;Year Lists;List_of_1995_Majorette;https://static.wikia.nocookie.net/majorette_model_cars/images/5/57/Ford_Ranger_Ambulance_%28white%2C_light_blue_flashlight%2C_8DOT%29.jpg/revision/latest?cb=20210522115725;255_9.jpg
257;BMW 325i (E36);BMW;Majorette Mainline;1993;1995;metallic teal;1:64;Year Lists;List_of_1995_Majorette;https://static.wikia.nocookie.net/majorette_model_cars/images/4/44/Majorette_BMW_325i_%28E36%29_%28metallic_teal%2C_8DOT_wheels%29.jpg/revision/latest?cb=20210718192330;257_12.jpg
262;Minibus Airport;Buses;Majorette Mainline;1979;1995;white;1:64 / 1:87;Year Lists;List_of_1995_Majorette;https://static.wikia.nocookie.net/majorette_model_cars/images/1/17/Minibus_%28white%2C_airport%29_1995.jpg/revision/latest?cb=20210525153326;262_11.jpg
264;Volkswagen Golf (Mk III);Volkswagen;Majorette Mainline;1993;1995;metallic silver;1:64;Year Lists;List_of_1995_Majorette;https://static.wikia.nocookie.net/majorette_model_cars/images/e/ee/Majorette_Volkswagen_Golf_%28Mk_III%29_%28silver%2C_8DOT_wheels%29_1995.jpg/revision/latest?cb=20210411190935;264_8.jpg
265;Renault J Container;Renault;Majorette Mainline;1987;1995;white;1:64;Year Lists;List_of_1995_Majorette;https://static.wikia.nocookie.net/majorette_model_cars/images/2/24/Renault_J_Container_%28white%2C_totalgaz_total%29.jpg/revision/latest?cb=20201121221809;265_7.jpg
267;Crazy Car 4x4;Generic (based Talbot);Majorette Mainline;1981;1995;black;1:64;Year Lists;List_of_1995_Majorette;https://static.wikia.nocookie.net/majorette_model_cars/images/7/7b/Majorette_4_x_4_Crazy_Car_%28black%2C_white_interior%2C_crazy_car%29.jpg/revision/latest?cb=20220611113101;267_5.jpg
278;Camping Car;Ford;Majorette Mainline;1991;1995;blue;1:64;Year Lists;List_of_1995_Majorette;https://static.wikia.nocookie.net/majorette_model_cars/images/5/5e/Camping_car_%28blue%29.jpg/revision/latest?cb=20200531152157;278_5.jpg
290;Jeep CJ-7 4 x 4 Roll Bar;Jeep;Majorette Mainline;1984;1995;black;1:64;Year Lists;List_of_1995_Majorette;https://static.wikia.nocookie.net/majorette_model_cars/images/1/15/Jeep_CJ-7_Roll_Bar_%281995%2C_black%2C_yellow_interior%2C_black_roll_bar%29.jpg/revision/latest?cb=20200702164940;290_4.jpg
292;Toyota Pick-Up (Hilux);Toyota;Majorette Mainline;1982;1995;red;1:64;Year Lists;List_of_1995_Majorette;https://static.wikia.nocookie.net/majorette_model_cars/images/e/ec/Toyota_Pick-Up_%28orange%2C_gladiator%29_1993.jpg/revision/latest?cb=20200730222917;292_6.jpg
4 x 4 Toyota Pick-Up (Hilux);1983;red;Majorette Mainline;Toyota;1995;;1:64;Year Lists;List_of_1995_Majorette;https://static.wikia.nocookie.net/majorette_model_cars/images/1/18/Toyota_Pick-Up_4_x_4_%28orange%2C_gladiator%29_1993.jpg/revision/latest?cb=20200730222647;4_x_4_Toyota_Pick-Up_(Hilux)_5.jpg
296;El Camino SS;Chevrolet;Majorette Mainline;1988;1995;blue;1:64;Year Lists;List_of_1995_Majorette;https://static.wikia.nocookie.net/majorette_model_cars/images/b/bb/Majorette_El_Camino_SS_%28blue%2C_red_el_camino_on_sides%29.jpg/revision/latest?cb=20210911132740;296_5.jpg
325;Volkswagen Golf (Mk III);Volkswagen;Majorette Mainline;1983;1995;;1:64;Year Lists;List_of_1995_Majorette;https://static.wikia.nocookie.net/majorette_model_cars/images/c/cf/Volkswagen_Golf_%28Mk_III%29_%2B_Caravane_%281983%29_%28silver%2C_8DOT%29_1995.jpg/revision/latest?cb=20210411192128;325_11.jpg
338;Volkswagen Golf (Mk III);Volkswagen;Majorette Mainline;1982;1995;;1:64;Year Lists;List_of_1995_Majorette;https://static.wikia.nocookie.net/majorette_model_cars/images/1/11/Volkswagen_Golf_%28Mk_III%29_%2B_Sailboat_%281982%29_%28metallic_silver%29.jpg/revision/latest?cb=20210314180143;338_9.jpg
355;Volvo F16 Semi Oil Tanker;Volvo;Majorette Mainline;1990;1995;;1:64;Year Lists;List_of_1995_Majorette;https://static.wikia.nocookie.net/majorette_model_cars/images/8/87/Volvo_Semi_Oil_Tanker_%28white%2C_Total%29_1995.jpg/revision/latest?cb=20210524115409;355_2.jpg
373;Neoplan Autocar Jetliner;Majorette;Majorette Mainline;1977;1995;;1:64;Year Lists;List_of_1995_Majorette;https://static.wikia.nocookie.net/majorette_model_cars/images/0/01/Neoplan_Autocar_Jetliner_%28blue_yellow%2C_travel%2C_pink_interior%2C_NUC2%29_1995.jpg/revision/latest?cb=20210610184408;373_8.jpg
201;Ford Model A Van;Ford;Majorette Mainline;1992;1996;dark blue;1:64;Year Lists;List_of_1996_Majorette;https://static.wikia.nocookie.net/majorette_model_cars/images/a/a7/Ford_Model_A_Van_%28dark_blue%2C_Orange_Company%29.jpg/revision/latest?cb=20200910153153;201_4.jpg
202;Peugeot 405 T 16;Peugeot;Majorette Mainline;1990;1996;red;1:64;Year Lists;List_of_1996_Majorette;https://static.wikia.nocookie.net/majorette_model_cars/images/5/5f/Majorette_Peugeot_405_T_16_%28red%2C_rallye%2C_6S_wheels%29.jpg/revision/latest?cb=20220830131536;202_7.jpg
214;Nissan 300 ZX Turbo;Nissan;Majorette Mainline;1988;1996;yellow;1:64;Year Lists;List_of_1996_Majorette;https://static.wikia.nocookie.net/majorette_model_cars/images/9/9b/Nissan_300_ZX_Turbo_%28yellow%2C_8dot%29_1995.jpg/revision/latest?cb=20200731120245;214_6.jpg
215;Chevrolet Corvette;Chevrolet;Majorette Mainline;1984;1996;Black;1:64;Year Lists;List_of_1996_Majorette;https://static.wikia.nocookie.net/majorette_model_cars/images/4/49/Majorette_Chevrolet_Corvette_%28black%2C_corvette_ZR-1%29.jpg/revision/latest?cb=20201118181538;215_11.jpg
219;Lamborghini Diablo;Lamborghini;Majorette Mainline;1992;1996;red;1:64;Year Lists;List_of_1996_Majorette;https://static.wikia.nocookie.net/majorette_model_cars/images/f/fd/Majorette_Lamborghini_Diablo_%28red%2C_large_logo_on_hood%29.jpg/revision/latest?cb=20200531152852;219_12.jpg
219S;Porsche Boxster;Porsche;Majorette Mainline;1996;1996;metallic silver;1:64;Year Lists;List_of_1996_Majorette;https://static.wikia.nocookie.net/majorette_model_cars/images/6/61/Porsche_Boxster_%28silver%2C_red_interior%2C_9%2C_supers%29.jpg/revision/latest?cb=20200902203156;219S.jpg
220S;Porsche Boxster Sport;Porsche;Majorette Mainline;1996;1996;metallic blue;1:64;Year Lists;List_of_1996_Majorette;https://static.wikia.nocookie.net/majorette_model_cars/images/6/65/Porsche_Boxster_%28blue%2C_supers%29.jpg/revision/latest?cb=20200902203525;220S.jpg
221;Renault Safrane;Renault;Majorette Mainline;1992;1996;white;1:64;Year Lists;List_of_1996_Majorette;https://static.wikia.nocookie.net/majorette_model_cars/images/e/ef/Renault_Safrane_%28white_%2813%29.jpg/revision/latest?cb=20210805212257;221_10.jpg
225;Renault 19 Cabriolet;Renault;Majorette Mainline;1993;1996;blue;1:64;Year Lists;List_of_1996_Majorette;https://static.wikia.nocookie.net/majorette_model_cars/images/e/e4/Majorette_Renault_19_Cabriolet_%28blue%29.jpg/revision/latest?cb=20200714112729;225_5.jpg
228;Chevrolet blazer 4x4 Dépanneuse;Chevrolet;Majorette Mainline;1983;1996;white;1:64;Year Lists;List_of_1996_Majorette;https://static.wikia.nocookie.net/majorette_model_cars/images/d/d8/Chevrolet_Blazer_4x4_Depanneuse_%28white%2C_amber_windows%2C_emergency_road_service%29.jpg/revision/latest?cb=20201126212534;228_6.jpg
233;Renault Express;Renault;Majorette Mainline;1988;1996;blue;1:64;Year Lists;List_of_1996_Majorette;https://static.wikia.nocookie.net/majorette_model_cars/images/a/a8/Renault_Express_%28blue%29.jpg/revision/latest?cb=20230525224059;233_8.jpg
236;4 x 4 Cherokee;Jeep;Majorette Mainline;1980;1996;yellow;1:64;Year Lists;List_of_1996_Majorette;https://static.wikia.nocookie.net/majorette_model_cars/images/0/07/4_x_4_cherokee_%28yellow%2C_brown_dots%29.jpg/revision/latest?cb=20200624210048;236_13.jpg
243;Ford Transit;Ford;Majorette Mainline;1988;1996;yellow;1:64;Year Lists;List_of_1996_Majorette;https://static.wikia.nocookie.net/majorette_model_cars/images/2/21/Ford_Transit_%28yellow%2C_schoolbus%2C_1996%29.jpg/revision/latest?cb=20200630180539;243_8.jpg
245;Ford Cargo Tanker;Ford;Majorette Mainline;1984;1996;white;1:64;Year Lists;List_of_1996_Majorette;https://static.wikia.nocookie.net/majorette_model_cars/images/0/0e/Ford_Cargo_Tanker_%28white%2C_esso%2C_1996%29.jpg/revision/latest?cb=20200627233917;245_8.jpg
254;Citroën XM;Citroën;Majorette Mainline;1991;1996;white;1:64;Year Lists;List_of_1996_Majorette;https://static.wikia.nocookie.net/majorette_model_cars/images/c/cd/Majorette_Citro%C3%ABn_XM_%28white%2C_SOS%29.jpg/revision/latest?cb=20200728182524;254_4.jpg
259;Fourgon (Glacier);Ford;Majorette Mainline;1982;1996;white;1:64;Year Lists;List_of_1996_Majorette;https://static.wikia.nocookie.net/majorette_model_cars/images/a/a1/Fourgon_Glacier_%281998%2C_white%29.jpg/revision/latest?cb=20200910193639;259_5.jpg
260;Mercedes-Benz 500 SL;Mercedes-Benz;Majorette Mainline;1991;1996;black;1:64;Year Lists;List_of_1996_Majorette;https://static.wikia.nocookie.net/majorette_model_cars/images/0/0e/Mercedes-Benz_500_SL_%28black%29_1996.jpg/revision/latest?cb=20200725225439;260_10.jpg
264;Volkswagen Golf (Mk III);Volkswagen;Majorette Mainline;1993;1996;metallic blue;1:64;Year Lists;List_of_1996_Majorette;https://static.wikia.nocookie.net/majorette_model_cars/images/b/b6/Majorette_Volkswagen_Golf_%28Mk_III%29_%28blue%2C_8DOT_wheels%29_1996.jpg/revision/latest?cb=20200824150152;264_9.jpg
265;Renault J Container;Renault;Majorette Mainline;1987;1996;white;1:64;Year Lists;List_of_1996_Majorette;https://static.wikia.nocookie.net/majorette_model_cars/images/9/94/Renault_J_Container_%28white%2C_total%29_Thailand.jpg/revision/latest?cb=20201121222856;265_8.jpg
266;Land Rover 90 Raid;Land Rover;Majorette Mainline;1987;1996;black;1:64;Year Lists;List_of_1996_Majorette;https://static.wikia.nocookie.net/majorette_model_cars/images/d/d1/Majorette_Land_Rover_Defender_90_Safari-Raid_%28black%2C_4_rallye_oil%29.jpg/revision/latest?cb=20210219134956;266_9.jpg
267;Crazy Car 4x4;Generic (based Talbot);Majorette Mainline;1981;1996;red;1:64;Year Lists;List_of_1996_Majorette;https://static.wikia.nocookie.net/majorette_model_cars/images/5/5a/Majorette_4_x_4_Crazy_Car_%28red%2C_white_interior%2C_crazy_car%29.jpg/revision/latest?cb=20201130225432;267_6.jpg
268;Pontiac Trans Sport;Pontiac;Majorette Mainline;1993;1996;black;1:64;Year Lists;List_of_1996_Majorette;https://static.wikia.nocookie.net/majorette_model_cars/images/0/04/Majorette_Pontiac_Trans_Sport_%28black%2C_white_interior%2C_8DOT_wheels%29.jpg/revision/latest?cb=20220731130221;268_11.jpg
292;Toyota Pick-Up (Hilux);Toyota;Majorette Mainline;1982;1996;metallic blue;1:64;Year Lists;List_of_1996_Majorette;https://static.wikia.nocookie.net/majorette_model_cars/images/a/ad/Majorette_Toyota_Pick-Up_Hilux_%28blue%29.jpg/revision/latest?cb=20200730203931;292_7.jpg
4 x 4 Toyota Pick-Up (Hilux);1983;metallic blue;Majorette Mainline;Toyota;1996;;1:64;Year Lists;List_of_1996_Majorette;https://static.wikia.nocookie.net/majorette_model_cars/images/e/e3/Toyota_Pick-Up_4_x_4_%28blue%29_1996.jpg/revision/latest?cb=20200730224749;4_x_4_Toyota_Pick-Up_(Hilux)_6.jpg
296;El Camino SS;Chevrolet;Majorette Mainline;1988;1996;light green;1:64;Year Lists;List_of_1996_Majorette;https://static.wikia.nocookie.net/majorette_model_cars/images/c/cb/Majorette_El_Camino_SS_%28green%2C_el_camino%2C_8_DOT_wheels%29.jpg/revision/latest?cb=20200718220925;296_6.jpg
311;Chevrolet Blazer 4x4;Chevrolet;Majorette Mainline;1979;1996;;1:64;Year Lists;List_of_1996_Majorette;https://static.wikia.nocookie.net/majorette_model_cars/images/c/ca/Chevrolet_Blazer_%2B_Horse_Trailer_%281996%29.jpg/revision/latest?cb=20210619195355;311_13.jpg
325;Volkswagen Golf (Mk III);Volkswagen;Majorette Mainline;1983;1996;;1:64;Year Lists;List_of_1996_Majorette;https://static.wikia.nocookie.net/majorette_model_cars/images/a/ab/Volkswagen_Golf_%28Mk_III%29_%2B_Caravane_%281983%29_%28blue%2C_8DOT%29_1996.jpg/revision/latest?cb=20210312214804;325_12.jpg
326;Mercedes Stretch Limousine;Mercedes-Benz;Majorette Mainline;1991;1996;;1:64;Year Lists;List_of_1996_Majorette;https://static.wikia.nocookie.net/majorette_model_cars/images/b/b9/Majorette_mercedes_stretch_limousine_%28white%29.jpg/revision/latest?cb=20210507105937;326_3.jpg
327;Ford Cargo Tanker;Ford;Majorette Mainline;1985;1996;;1:64;Year Lists;List_of_1996_Majorette;https://static.wikia.nocookie.net/majorette_model_cars/images/0/0e/Ford_Cargo_Tanker_%28white%2C_esso%2C_1996%29.jpg/revision/latest?cb=20200627233917;245_8.jpg
328;Land Rover 90 Raid;Land Rover;Majorette Mainline;1987;1996;;1:64;Year Lists;List_of_1996_Majorette;https://static.wikia.nocookie.net/majorette_model_cars/images/2/20/Land_Rover_90_Raid_%2B_Lion_Cage_Trailer_%28black%29_1996.jpg/revision/latest?cb=20210219135623;328_7.jpg
328;Volkswagen Golf (Mk III);Volkswagen;Majorette Mainline;1982;1996;;1:64;Year Lists;List_of_1996_Majorette;https://static.wikia.nocookie.net/majorette_model_cars/images/9/93/Volkswagen_Golf_%28Mk_III%29_%2B_Sailboat_%281982%29_%28metallic_blue%29.jpg/revision/latest?cb=20210314175159;328_8.jpg
336;Mercedes-Benz 300 TE;Mercedes-Benz;Majorette Mainline;1996;1996;;1:64;Year Lists;List_of_1996_Majorette;https://static.wikia.nocookie.net/majorette_model_cars/images/5/5f/Merdes-Benz_300_TE_%2B_bicycle_Trailer_%28blue%2C_white_interior%29.jpg/revision/latest?cb=20210410155542;336.jpg
362;Land Rover 90 Raid;Land Rover;Majorette Mainline;1987;1996;;1:64;Year Lists;List_of_1996_Majorette;https://static.wikia.nocookie.net/majorette_model_cars/images/8/84/Land_Rover_90_Raid_%2B_Radar_Trailer_%28white%2C_Police%2C_5RDL%29.jpg/revision/latest?cb=20210219140915;362_2.jpg
373;Neoplan Autocar Jetliner;Majorette;Majorette Mainline;1977;1996;;1:64;Year Lists;List_of_1996_Majorette;https://static.wikia.nocookie.net/majorette_model_cars/images/6/6a/Neoplan_Autocar_Jetliner_%28orange%2C_school_bus%2C_NUC2%29_1996.jpg/revision/latest?cb=20210812171248;373_9.jpg
204;Ferrari F50;Ferrari;Majorette Mainline;1997;1997;red;1:64;Year Lists;List_of_1997_Majorette;https://static.wikia.nocookie.net/majorette_model_cars/images/0/0f/Ferrari_F50_%28red%29_1997.jpg/revision/latest?cb=20210319135610;204_7.jpg
206;Renault Twingo Mk1;Renault;Majorette Mainline;1995;1997;metalflake dark green;1:64;Year Lists;List_of_1997_Majorette;https://static.wikia.nocookie.net/majorette_model_cars/images/1/1a/Majorette_Renault_Twingo_%28metalflake_dark_green%29.jpg/revision/latest?cb=20200808132904;206_10.jpg
208;Tracteur (1980);Generic;Majorette Mainline;1980;1997;green;1:64;Year Lists;List_of_1997_Majorette;https://static.wikia.nocookie.net/majorette_model_cars/images/f/fa/Majorette_Tracteur_%28light_green%2C_yellow_tire%29.jpg/revision/latest?cb=20200601151305;208_-_316_1.jpg
211;Ferrari Testarossa;Ferrari;Majorette Mainline;1991;1997;yellow;1:64;Year Lists;List_of_1997_Majorette;https://static.wikia.nocookie.net/majorette_model_cars/images/e/e5/Ferrari_Testarossa_%28yellow%29_1997.jpg/revision/latest?cb=20200822225104;211_5.jpg
212;Pontiac Firebird (4th Generation);Pontiac;Majorette Mainline;1994;1997;yellow;1:64;Year Lists;List_of_1997_Majorette;https://static.wikia.nocookie.net/majorette_model_cars/images/e/e4/Majorette_Pontiac_Firebird_%284th_Generation%29_%28yellow%2C_motor_23_on_sides%2C_23_on_roof%2C_sport_on_hood%2C_red_interior%29.jpg/revision/latest?cb=20230523114508;212_6.jpg
217;Chevrolet Pick Up;Chevrolet;Majorette Mainline;1997;1997;black;1:64;Year Lists;List_of_1997_Majorette;https://static.wikia.nocookie.net/majorette_model_cars/images/c/cd/Chevrolet_Pick_Up_%28black%2C_sheriff%29_1997.jpg/revision/latest?cb=20200814123332;217_11.jpg
217S;Stock Car;Pontiac;Majorette Mainline;1993;1997;red;1:64;Year Lists;List_of_1997_Majorette;https://static.wikia.nocookie.net/majorette_model_cars/images/b/bf/Stock_Car_%28red%2C_SuperS%29_1997.jpg/revision/latest?cb=20200816104129;217S_1.jpg
218;Peugeot 406;Peugeot;Majorette Mainline;1997;1997;blue;1:64;Year Lists;List_of_1997_Majorette;https://static.wikia.nocookie.net/majorette_model_cars/images/5/50/Peugeot_406_%28blue%2C_8DOT%29.jpg/revision/latest?cb=20200816161256;218_8.jpg
218S;Stock Car;Pontiac;Majorette Mainline;1993;1997;black;1:64;Year Lists;List_of_1997_Majorette;https://static.wikia.nocookie.net/majorette_model_cars/images/3/33/Majorette_Stock_Car_%28black%2C_yellow_interior%2C_2_bolids_on_sides%2C_2_on_roof%2C_racing_on_hood%2C_moving_FW%29.jpg/revision/latest?cb=20200816103802;218S_1.jpg
220;Honda NSX;Honda;Majorette Mainline;1997;1997;red;1:64;Year Lists;List_of_1997_Majorette;https://static.wikia.nocookie.net/majorette_model_cars/images/6/69/Honda_NSX_%28red%2C_8DOT%29_1997.jpg/revision/latest?cb=20200731213539;220_11.jpg
222S;Peugeot 406;Peugeot;Majorette Mainline;1997;1997;maroon;1:64;Year Lists;List_of_1997_Majorette;https://static.wikia.nocookie.net/majorette_model_cars/images/b/b4/Peugeot_406_%28maroon%2C_SuperS%2C_8DOT%29.jpg/revision/latest?cb=20200816154743;222S.jpg
223;Chevy '57;Chevrolet;Majorette Mainline;1991;1997;Metallic purple;1:64;Year Lists;List_of_1997_Majorette;https://static.wikia.nocookie.net/majorette_model_cars/images/b/bc/Chevy_hot_rod_%28blue%2C_flames%29.jpg/revision/latest?cb=20231119170554;223_9.jpg
224;Jeep Cherokee Limited;Jeep;Majorette Mainline;1990;1997;metallic green;1:64;Year Lists;List_of_1997_Majorette;https://static.wikia.nocookie.net/majorette_model_cars/images/1/12/Jep_cherokee_limited_%28metallic_green%2C_surf_on_hood_%26_sides%29.jpg/revision/latest?cb=20201123231525;224_9.jpg
234;Ford E-350 (Fourgon);Ford;Majorette Mainline;1982;1997;red;1:64;Year Lists;List_of_1997_Majorette;https://static.wikia.nocookie.net/majorette_model_cars/images/1/14/Majorette_Fourgon_%28advertising%29_%28red%2C_avis%29.jpg/revision/latest?cb=20201120234840;234_10.jpg
235;Sport Proto;Porsche;Majorette Mainline;1997;1997;light blue;1:64;Year Lists;List_of_1997_Majorette;https://static.wikia.nocookie.net/majorette_model_cars/images/4/47/Sport_Proto_%28light_blue%2C_5%29_1997.jpg/revision/latest?cb=20221011210642;235_8.jpg
240;Chevrolet Impala;Chevrolet;Majorette Mainline;1986;1997;black;1:64;Year Lists;List_of_1997_Majorette;https://static.wikia.nocookie.net/majorette_model_cars/images/a/a2/Majorette_Chevrolet_Impala_Police_%28black%2C_N31%2C_light_blue_windows%29.jpg/revision/latest?cb=20201114141612;240_10.jpg
245;Ford Cargo Tanker;Ford;Majorette Mainline;1984;1997;yellow;1:64;Year Lists;List_of_1997_Majorette;https://static.wikia.nocookie.net/majorette_model_cars/images/5/59/Majorette_Ford_Cargo_Tanker_%28Petrol_company%29.jpg/revision/latest?cb=20201121150633;245_9.jpg
249;GMC Jimmy;GMC;Majorette Mainline;1995;1997;red;1:64;Year Lists;List_of_1997_Majorette;https://static.wikia.nocookie.net/majorette_model_cars/images/7/74/GMC_Jimmy_%28red%2C_magnum_roller%29.jpg/revision/latest?cb=20220321143541;249_10.jpg
250;Mercedes-Benz 300 TE;Mercedes-Benz;Majorette Mainline;1990;1997;metalflake blue;1:64;Year Lists;List_of_1997_Majorette;https://static.wikia.nocookie.net/majorette_model_cars/images/b/b3/Majorette_Mercedes-Benz_300_TE_%28metalflake_blue%29.jpg/revision/latest?cb=20210410143045;250_10.jpg
265;Renault J Container;Renault;Majorette Mainline;1987;1997;blue;1:64;Year Lists;List_of_1997_Majorette;https://static.wikia.nocookie.net/majorette_model_cars/images/9/92/Renault_J_Container_%28blue%2C_dancing%29.jpg/revision/latest?cb=20220724123728;265_9.jpg
266;Land Rover 90 Raid;Land Rover;Majorette Mainline;1987;1997;tan;1:64;Year Lists;List_of_1997_Majorette;https://static.wikia.nocookie.net/majorette_model_cars/images/4/4d/Land_Rover_90_Raid_%28tan%2C_zebrastripes%29.jpg/revision/latest?cb=20210219143024;266_10.jpg
272;Renault Espace;Renault;Majorette Mainline;1997;1997;white;1:64;Year Lists;List_of_1997_Majorette;https://static.wikia.nocookie.net/majorette_model_cars/images/1/10/Renault_Espace_%28white%2C_ambulance%29_1997.jpg/revision/latest?cb=20210407141342;272_6.jpg
282;F1 Ferrari;Ferrari;Majorette Mainline;1986;1997;red;1:64;Year Lists;List_of_1997_Majorette;https://static.wikia.nocookie.net/majorette_model_cars/images/a/ab/F1_Ferrari_%281997%29_Thailand.jpg/revision/latest?cb=20200809161123;282_2.jpg
293;Jaguar XJ6;Jaguar;Majorette Mainline;1990;1997;silver;1:64;Year Lists;List_of_1997_Majorette;https://static.wikia.nocookie.net/majorette_model_cars/images/e/ed/Majorette_Jaguar_XJ6_%28metallic_silver%29.jpg/revision/latest?cb=20201114124405;293_6.jpg
295;Ford Transit Tug;Ford;Majorette Mainline;1989;1997;red;1:64;Year Lists;List_of_1997_Majorette;https://static.wikia.nocookie.net/majorette_model_cars/images/1/11/Ford_Transit_Tug_%28red%2C_24_emergency_road_service%29.jpg/revision/latest?cb=20220120202014;295_1.jpg
327;Ford Cargo Tanker;Ford;Majorette Mainline;1985;1997;;1:64;Year Lists;List_of_1997_Majorette;https://static.wikia.nocookie.net/majorette_model_cars/images/9/99/Ford_Cargo_Tanker_%2B_Trailer_%28yellow%2C_petrol_company%29.jpg/revision/latest?cb=20210210173107;327_3.jpg
328;Land Rover 90 Raid;Land Rover;Majorette Mainline;1987;1997;;1:64;Year Lists;List_of_1997_Majorette;https://static.wikia.nocookie.net/majorette_model_cars/images/1/1b/Land_Rover_90_Raid_%2B_Lion_Cage_Trailer_%28tan%2C_zebrastripes%29.jpg/revision/latest?cb=20210219143711;328_9.jpg
336;Mercedes-Benz 300 TE;Mercedes-Benz;Majorette Mainline;1997;1997;;1:64;Year Lists;List_of_1997_Majorette;https://static.wikia.nocookie.net/majorette_model_cars/images/0/0d/Mercedes-Benz_300_TE_%2B_bicycle_Trailer_%28blue%2C_blue_interior%29.jpg/revision/latest?cb=20210410174813;336_1.jpg
355;Volvo F16 Semi Oil Tanker;Volvo;Majorette Mainline;1990;1997;;1:64;Year Lists;List_of_1997_Majorette;https://static.wikia.nocookie.net/majorette_model_cars/images/0/05/Volvo_Semi_Oil_Tanker_%28white%2C_petrol_company%29.jpg/revision/latest?cb=20210524122520;355_3.jpg
375;Ford Transit Tug;Ford;Majorette Mainline;1991;1997;;1:64;Year Lists;List_of_1997_Majorette;https://static.wikia.nocookie.net/majorette_model_cars/images/a/a2/Ford_Transit_Tug_%2B_F1_%28red%2C_24%29%29.jpg/revision/latest?cb=20220120202433;375_2.jpg
379;GMC Brigadier Semi Powder Transporter;GMC;Majorette Mainline;1997;1997;;1:64;Year Lists;List_of_1997_Majorette;https://static.wikia.nocookie.net/majorette_model_cars/images/f/fb/GMC_Brigadier_Semi_powder_transporter_%28red%29.jpg/revision/latest?cb=20210910144653;379_2.jpg
382;Land Rover 90 Raid;Land Rover;Majorette Mainline;1997;1997;;1:64;Year Lists;List_of_1997_Majorette;https://static.wikia.nocookie.net/majorette_model_cars/images/6/6a/Land_Rover_90_%2B_white_Compressor_%28orange%2C_eXtractor%2C_5DOT%29%29.jpg/revision/latest?cb=20210523204231;382_5.jpg
206;Renault Twingo Mk1;Renault;Majorette Mainline;1995;1998;blue;1:64;Year Lists;List_of_1998_Majorette;https://static.wikia.nocookie.net/majorette_model_cars/images/e/e1/Renault_Twingo_Mk1_%28blue%2C_tampo%29_1998.jpg/revision/latest?cb=20200808135659;206_11.jpg
208 / 316;Tracteur (1980);Generic;Majorette Mainline;1980;1998;Red;1:64;Year Lists;List_of_1998_Majorette;https://static.wikia.nocookie.net/majorette_model_cars/images/2/2c/Majorette_Tracteur_%28red%2C_yellow_tire%29.jpg/revision/latest?cb=20200601002755;208_-_316_2.jpg
209;Porsche Turbo;Porsche;Majorette Mainline;1983;1998;White;1:64;Year Lists;List_of_1998_Majorette;https://static.wikia.nocookie.net/majorette_model_cars/images/e/e6/Porsche_turbo_%28white%2C_22%29.jpg/revision/latest?cb=20200607171211;209_5.jpg
213;F1 (1995);Formula 1;Majorette Mainline;1995;1998;orange;1:64;Year Lists;List_of_1998_Majorette;https://static.wikia.nocookie.net/majorette_model_cars/images/c/c0/F1_%281995%29_%28orange%29_1998.jpg/revision/latest?cb=20201102214141;213_10.jpg
215;Chevrolet Corvette;Chevrolet;Majorette Mainline;1984;1998;Orange;1:64;Year Lists;List_of_1998_Majorette;https://static.wikia.nocookie.net/majorette_model_cars/images/6/67/Chevrolet_Corvette_%28Orange%2C_blue_stripe_over_car_and_sides%2C_nr_15_on_roof%2C_hood_and_sides%29.jpg/revision/latest?cb=20200605232317;215_12.jpg
221S;Ford Mondeo Police;Ford;Majorette Mainline;1994;1998;black;1:64;Year Lists;List_of_1998_Majorette;https://static.wikia.nocookie.net/majorette_model_cars/images/8/85/Ford_Mondeo_Police_%28black_white%2C_police%2C_supers%29_1998.jpg/revision/latest?cb=20200902130739;221S.jpg
223S;Peugeot 406 Racing;Peugeot;Majorette Mainline;1997;1998;orange;1:64;Year Lists;List_of_1998_Majorette;https://static.wikia.nocookie.net/majorette_model_cars/images/5/59/Peugeot_406_%28orange%2C_8%2C_SuperS%2C_8DOT%29_1998.jpg/revision/latest?cb=20200816154905;223S.jpg
225;Renault 19 Cabriolet;Renault;Majorette Mainline;1993;1998;metallic silver;1:64;Year Lists;List_of_1998_Majorette;https://static.wikia.nocookie.net/majorette_model_cars/images/f/f6/Majorette_Renault_19_Cabriolet_%28metallic_silver%29.jpg/revision/latest?cb=20200714111655;225_6.jpg
227;Ford Ka;Ford;Majorette Mainline;1998;1998;metallic dark purple;1:64;Year Lists;List_of_1998_Majorette;https://static.wikia.nocookie.net/majorette_model_cars/images/2/25/Ford_Ka_%28metallic_purple%29_1998.jpg/revision/latest?cb=20200731125730;227_10.jpg
229;Aston Martin DB7;Aston Martin;Majorette Mainline;1994;1998;metalflake blue;1:64;Year Lists;List_of_1998_Majorette;https://static.wikia.nocookie.net/majorette_model_cars/images/c/cb/Majorette_Aston_Martin_DB7_%28blue%2C_decos%29.jpg/revision/latest?cb=20201201134109;229_12.jpg
231;Bank Security;Generic;Majorette Mainline;1980;1998;dark blue;1:64;Year Lists;List_of_1998_Majorette;https://static.wikia.nocookie.net/majorette_model_cars/images/4/44/Majorette_Bank_Security_%28dark_blue%2C_7003_bank_securit%C3%A9%2C_dollar_sign%2C_5RDL_wheels%29.jpg/revision/latest?cb=20200717115525;231_12.jpg
235;Sport Proto;Porsche;Majorette Mainline;1997;1998;white;1:64;Year Lists;List_of_1998_Majorette;https://static.wikia.nocookie.net/majorette_model_cars/images/2/29/Sport_Proto_%28white%2C_66%2C_champion%2C_racing_team%29.jpg/revision/latest?cb=20221011200914;235_9.jpg
236;4 x 4 Cherokee;Jeep;Majorette Mainline;1980;1998;yellow;1:64;Year Lists;List_of_1998_Majorette;https://static.wikia.nocookie.net/majorette_model_cars/images/6/6f/Majorette_Jeep_Cherokee_%28yellow%2C_safari_on_sides_%26_hood%2C_black_interior%29.jpg/revision/latest?cb=20220611115652;236_14.jpg
240;Chevrolet Impala;Chevrolet;Majorette Mainline;1986;1998;yellow;1:64;Year Lists;List_of_1998_Majorette;https://static.wikia.nocookie.net/majorette_model_cars/images/b/be/Chevrolet_impala_taxi_%28yellow%2C_1998%29.jpg/revision/latest?cb=20200625132951;240_11.jpg
245 / 327;Ford Cargo Tanker;Ford;Majorette Mainline;1984;1998;light blue;1:64;Year Lists;List_of_1998_Majorette;https://static.wikia.nocookie.net/majorette_model_cars/images/1/18/Ford_Cargo_Tanker_%28light_blue%2C_milk%29.jpg/revision/latest?cb=20201121162429;245_-_327_1.jpg
252;Morgan Plus 8;Morgan;Majorette Mainline;1979;1998;red;1:64;Year Lists;List_of_1998_Majorette;https://static.wikia.nocookie.net/majorette_model_cars/images/8/86/Morgan_%28red%2C_no_roof%29_1998.jpg/revision/latest?cb=20200819170704;252_6.jpg
257;BMW 325i (E36);BMW;Majorette Mainline;1993;1998;white;1:64;Year Lists;List_of_1998_Majorette;https://static.wikia.nocookie.net/majorette_model_cars/images/7/78/BMW_325i_%28E36%29_%28white%2C_star_3%29_1998.jpg/revision/latest?cb=20210718192405;257_13.jpg
262;Minibus Airport;Buses;Majorette Mainline;1979;1998;white / green;1:64 / 1:87;Year Lists;List_of_1998_Majorette;https://static.wikia.nocookie.net/majorette_model_cars/images/7/74/Minibus_%28white_%26_green%2C_footbal_print%29.jpg/revision/latest?cb=20210525164103;262_12.jpg
264;Volkswagen Golf (Mk III);Volkswagen;Majorette Mainline;1993;1998;dark blue;1:64;Year Lists;List_of_1998_Majorette;https://static.wikia.nocookie.net/majorette_model_cars/images/1/1b/Majorette_Volkswagen_Golf_%28Mk_III%29_%28dark_blue%2C_25_racing%2C_8DOT_wheels%29.jpg/revision/latest?cb=20200824150508;264_10.jpg
268;Pontiac Trans Sport;Pontiac;Majorette Mainline;1993;1998;metallic blue;1:64;Year Lists;List_of_1998_Majorette;https://static.wikia.nocookie.net/majorette_model_cars/images/7/70/Pontiac_Trans_Sport_%28blue%2C_8DOT%29.jpg/revision/latest?cb=20201024182622;268_12.jpg
269;Porsche Boxster;Porsche;Majorette Mainline;1996;1998;yellow;1:64;Year Lists;List_of_1998_Majorette;https://static.wikia.nocookie.net/majorette_model_cars/images/1/17/Porsche_Boxster_%28yellow%29_1998.jpg/revision/latest?cb=20200902195522;269_6.jpg
270;Ford Econoline Ambulance;Ford;Majorette Mainline;1998;1998;white;1:64;Year Lists;List_of_1998_Majorette;https://static.wikia.nocookie.net/majorette_model_cars/images/4/4f/Ford_Econoline_Ambulance_%28white%2C_1998%29.jpg/revision/latest?cb=20220121115816;270_7.jpg
271;Ford Econoline;Ford;Majorette Mainline;1998;1998;metallic blue;1:64;Year Lists;List_of_1998_Majorette;https://static.wikia.nocookie.net/majorette_model_cars/images/f/fe/Ford_Econoline_%28blue%29.jpg/revision/latest?cb=20220121120113;271_4.jpg
276;Toyota Runner;Toyota;Majorette Mainline;1994;1998;yellow;1:64;Year Lists;List_of_1998_Majorette;https://static.wikia.nocookie.net/majorette_model_cars/images/3/3b/Toyota_Runner_%28yellow%2C_racing_team%29_1998.jpg/revision/latest?cb=20210812214723;276_1.jpg
278;Camping Car;Ford;Majorette Mainline;1991;1998;red;1:64;Year Lists;List_of_1998_Majorette;https://static.wikia.nocookie.net/majorette_model_cars/images/b/b8/Majorette_camping_car_%28red_tampo%29.jpg/revision/latest?cb=20200531171756;278_6.jpg
282;F1 Ferrari;Ferrari;Majorette Mainline;1986;1998;red;1:64;Year Lists;List_of_1998_Majorette;https://static.wikia.nocookie.net/majorette_model_cars/images/7/72/F1_Ferrari_%28Shell_1%29_Thailand.jpg/revision/latest?cb=20200809153639;282_3.jpg
288;Renault Kangoo;Renault;Majorette Mainline;1998;1998;yellow;1:64;Year Lists;List_of_1998_Majorette;https://static.wikia.nocookie.net/majorette_model_cars/images/d/d1/Majorette_Renault_Kangoo_%28yellow%2C_black_artwork%29.jpg/revision/latest?cb=20200717135900;288.jpg
291;Chevrolet Blazer 4x4;Chevrolet;Majorette Mainline;1984;1998;black;1:64;Year Lists;List_of_1998_Majorette;https://static.wikia.nocookie.net/majorette_model_cars/images/8/8a/Majorette_Chevrolet_Blazer_4x4_%28black%2C_skull%2C_texas%29.jpg/revision/latest?cb=20201125145555;291_6.jpg
311;Chevrolet Blazer 4x4;Chevrolet;Majorette Mainline;1979;1998;;1:64;Year Lists;List_of_1998_Majorette;https://static.wikia.nocookie.net/majorette_model_cars/images/2/20/Chevrolet_Blazer_%2B_Horse_Trailer_%281998%29.jpg/revision/latest?cb=20210619200202;311_14.jpg
313;Camping Car Deluxe;Majorette;Majorette Mainline;1992;1998;;1:64;Year Lists;List_of_1998_Majorette;https://static.wikia.nocookie.net/majorette_model_cars/images/8/86/Camping_Car_Deluxe_%28red_%26_white%29_1998.jpg/revision/latest?cb=20220703111551;313_1.jpg
316;Tracteur (1980);Majorette;Majorette Mainline;1980;1998;;1:64;Year Lists;List_of_1998_Majorette;https://static.wikia.nocookie.net/majorette_model_cars/images/b/b6/Tracteur_%281980%29_%2B_Dump_Trailer_%28red%29.jpg/revision/latest?cb=20210523200316;316_5.jpg
325;Toyota Runner;Toyota;Majorette Mainline;1983;1998;;1:64;Year Lists;List_of_1998_Majorette;https://static.wikia.nocookie.net/majorette_model_cars/images/9/94/Toyota_Runner_%2B_Caravane_%281983%29_%28yellow%2C_pinder%29_1998.jpg/revision/latest?cb=20210312222454;325_13.jpg
336;Mercedes-Benz 300 TE;Mercedes-Benz;Majorette Mainline;1998;1998;;1:64;Year Lists;List_of_1998_Majorette;https://static.wikia.nocookie.net/majorette_model_cars/images/0/0d/Mercedes-Benz_300_TE_%2B_bicycle_Trailer_%28blue%2C_blue_interior%29.jpg/revision/latest?cb=20210410174813;336_1.jpg
340;Volvo F16 Semi Container;Volvo;Majorette Mainline;1993;1998;;1:64;Year Lists;List_of_1998_Majorette;https://static.wikia.nocookie.net/majorette_model_cars/images/c/c5/Volvo_Semi_Container_%28majorette_mini_transport%29.jpg/revision/latest?cb=20220223163924;340_1.jpg
373;Neoplan Autocar Jetliner;Majorette;Majorette Mainline;1977;1998;;1:64;Year Lists;List_of_1998_Majorette;https://static.wikia.nocookie.net/majorette_model_cars/images/9/99/Neoplan_Autocar_Jetliner_%28orange%2C_school_bus%2C_NUC2%29.jpg/revision/latest?cb=20210610190755;373_10.jpg
375;Ford Transit Tug;Ford;Majorette Mainline;1991;1998;;1:64;Year Lists;List_of_1998_Majorette;https://static.wikia.nocookie.net/majorette_model_cars/images/5/5b/Ford_Transit_Tug_%2B_F1_%28red%2C_1998%29.jpg/revision/latest?cb=20220120203209;375_3.jpg
201;Ford Model A Van;Ford;Majorette Mainline;1992;1999;dark blue;1:64;Year Lists;List_of_1999_Majorette;https://static.wikia.nocookie.net/majorette_model_cars/images/8/85/Ford_Model_A_Van_%28dark_blue%2C_Toys_Shop%29.jpg/revision/latest?cb=20200910154403;201_5.jpg
201S;Fiat Coupe;Fiat;Majorette Mainline;1995;1999;red;1:64;Year Lists;List_of_1999_Majorette;https://static.wikia.nocookie.net/majorette_model_cars/images/b/bf/Fiat_Coupe_%28red%2C_SuperS%2C_8DOT%29_1999.jpg/revision/latest?cb=20200819112238;201S_1.jpg
202S;Fiat Coupe Racing;Fiat;Majorette Mainline;1995;1999;blue;1:64;Year Lists;List_of_1999_Majorette;https://static.wikia.nocookie.net/majorette_model_cars/images/7/78/Fiat_Coupe_Racing_%28blue%2C_SuperS%2C_8DOT%29_1999.jpg/revision/latest?cb=20200819113538;202S_1.jpg
205;Peugeot 206;Peugeot;Majorette Mainline;1999;1999;silver;1:64;Year Lists;List_of_1999_Majorette;https://static.wikia.nocookie.net/majorette_model_cars/images/d/dc/206_nr205_majo.jpg/revision/latest?cb=20220424102106;205_11.jpg
207S;Renault Clio;Renault;Majorette Mainline;1991;1999;yellow;1:64;Year Lists;List_of_1999_Majorette;https://static.wikia.nocookie.net/majorette_model_cars/images/1/17/Majorette_Renault_Clio_%28yellow%2C_red_interior%2C_clio_on_sides%29.jpg/revision/latest?cb=20200727194015;207S_1.jpg
208S;Renault Clio Rallye;Renault;Majorette Mainline;1991;1999;white;1:64;Year Lists;List_of_1999_Majorette;https://static.wikia.nocookie.net/majorette_model_cars/images/2/22/Renault_Clio_rallye_%28white%2C_SuperS%29.jpg/revision/latest?cb=20200902110554;208S_1.jpg
209A;Porsche 996;Porsche;Majorette Mainline;1999;1999;yellow;1:64;Year Lists;List_of_1999_Majorette;https://static.wikia.nocookie.net/majorette_model_cars/images/9/90/Porsche_996_%28yellow%29_1999.jpg/revision/latest?cb=20200912194301;209A.jpg
211;Ferrari Testarossa;Ferrari;Majorette Mainline;1991;1999;yellow;1:64;Year Lists;List_of_1999_Majorette;https://static.wikia.nocookie.net/majorette_model_cars/images/8/8d/Ferrari_Testarossa_%28red%29_1999.jpg/revision/latest?cb=20200822232928;211_6.jpg
212;Pontiac Firebird (4th Generation);Pontiac;Majorette Mainline;1994;1999;blue;1:64;Year Lists;List_of_1999_Majorette;https://static.wikia.nocookie.net/majorette_model_cars/images/f/f6/Pontiac_Firebird_%284th_Generation%29_%28blue%2C_1999%29.jpg/revision/latest?cb=20200705103344;212_7.jpg
212S;Ford Mondeo Rallye;Ford;Majorette Mainline;1994;1999;blue;1:64;Year Lists;List_of_1999_Majorette;https://static.wikia.nocookie.net/majorette_model_cars/images/2/24/Ford_Mondeo_%28blue%2C_15%2C_5ST%29.jpg/revision/latest?cb=20200902141757;212S_1.jpg
213;F1 (1995);Formula 1;Majorette Mainline;1995;1999;yellow;1:64;Year Lists;List_of_1999_Majorette;https://static.wikia.nocookie.net/majorette_model_cars/images/2/2f/F1_%281995%29_%28yellow%29_1998.jpg/revision/latest?cb=20201102215414;213_11.jpg
215;Chevrolet Corvette;Chevrolet;Majorette Mainline;1984;1999;Red;1:64;Year Lists;List_of_1999_Majorette;https://static.wikia.nocookie.net/majorette_model_cars/images/4/4a/Chevrolet_Corvette_%28Red%2C_white_tampo_on_hood_and_sides%2C_Red_4_on_hood_and_sides%29.jpg/revision/latest?cb=20200605232910;215_13.jpg
215S;Ferrari GTO;Ferrari;Majorette Mainline;1987;1999;red;1:64;Year Lists;List_of_1999_Majorette;https://static.wikia.nocookie.net/majorette_model_cars/images/3/32/Ferrari_GTO_%28red%2C_SuperS%2C_6S%29_1999.jpg/revision/latest?cb=20200825204923;215S_1.jpg
216;Mercedes-Benz A-Class Mk1;Mercedes-Benz;Majorette Mainline;1999;1999;red;1:64;Year Lists;List_of_1999_Majorette;https://static.wikia.nocookie.net/majorette_model_cars/images/2/23/Mercedes-Benz_A-Class_Mk1_%28red%29.jpg/revision/latest?cb=20201127142129;216_12.jpg
216S;Ferrari GTO Racing;Ferrari;Majorette Mainline;1987;1999;yellow;1:64;Year Lists;List_of_1999_Majorette;https://static.wikia.nocookie.net/majorette_model_cars/images/e/ef/Ferrari_GTO_%28yellow%2C_SuperS%2C_6S%29_1999.jpg/revision/latest?cb=20210226123540;216S.jpg
217;Chevrolet Pick Up;Chevrolet;Majorette Mainline;1997;1999;white;1:64;Year Lists;List_of_1999_Majorette;https://static.wikia.nocookie.net/majorette_model_cars/images/f/ff/Chevrolet_Pick_Up_%28white%29_1999.png/revision/latest?cb=20200814124932;217_12.jpg
219S;Porsche Boxster;Porsche;Majorette Mainline;1996;1999;metallic blue;1:64;Year Lists;List_of_1999_Majorette;https://static.wikia.nocookie.net/majorette_model_cars/images/5/5e/Porsche_Boxster_%28metallic_blue%2C_yellow_interior%29.jpg/revision/latest?cb=20200902205835;219S_1.jpg
220;Honda NSX;Honda;Majorette Mainline;1997;1999;yellow;1:64;Year Lists;List_of_1999_Majorette;https://static.wikia.nocookie.net/majorette_model_cars/images/4/4c/Honda_NSX_%28yellow%2C_2%2C_speedweek%2C_Sport_BL%29_1999.jpg/revision/latest?cb=20200718190727;220_12.jpg
220S;Porsche Boxster Sport;Porsche;Majorette Mainline;1996;1999;red;1:64;Year Lists;List_of_1999_Majorette;https://static.wikia.nocookie.net/majorette_model_cars/images/b/b9/Porsche_Boxster_%28red%2C_yellow_interior%2C_nr_11%2C_6S_wheels%29%29.jpg/revision/latest?cb=20200902210613;220S_1.jpg
223;Chevy '57;Chevrolet;Majorette Mainline;1991;1999;Yellow;1:64;Year Lists;List_of_1999_Majorette;https://static.wikia.nocookie.net/majorette_model_cars/images/1/11/Majorette-chevy-57_%28yellow%29.jpg/revision/latest?cb=20200531204724;223_10.jpg
224;Jeep Cherokee Limited;Jeep;Majorette Mainline;1990;1999;blue;1:64;Year Lists;List_of_1999_Majorette;https://static.wikia.nocookie.net/majorette_model_cars/images/a/a8/Jeep_cherokee_limited_%28blue%29.jpg/revision/latest?cb=20201123232749;224_10.jpg
224S;Volkswagen Golf GTI (Mk IV);Volkswagen;Majorette Mainline;1999;1999;red;1:64;Year Lists;List_of_1999_Majorette;https://static.wikia.nocookie.net/majorette_model_cars/images/f/fe/Volkswagen_Golf_GTI_%28Mk_IV%29_%28red%2C_SuperS%29_1999.jpg/revision/latest?cb=20200824165525;224S.jpg
225S;Dodge Concept Car;Dodge;Majorette Mainline;1999;1999;red;1:64;Year Lists;List_of_1999_Majorette;https://static.wikia.nocookie.net/majorette_model_cars/images/f/f9/Dodge_Concept_Car_%28orange%29_1999.jpg/revision/latest?cb=20200721105549;225S.jpg
226;Rouleau Compresseur;Generic;Majorette Mainline;1983;1999;yellow;1:64;Year Lists;List_of_1999_Majorette;https://static.wikia.nocookie.net/majorette_model_cars/images/d/d3/Rouleau_Compresseur_%28yellow%2C_plastic_axe%29.jpg/revision/latest?cb=20210408231159;226_7.jpg
226S;BMW Z3 Coupé;BMW;Majorette Mainline;1999;1999;dark blue;1:64;Year Lists;List_of_1999_Majorette;https://static.wikia.nocookie.net/majorette_model_cars/images/a/a7/BMW_Z3_Coupe_%28blue%2C_red_interior%2C_6S%29_1999.jpg/revision/latest?cb=20240428175111;226S.jpg
227;Ford Ka;Ford;Majorette Mainline;1998;1999;metallic silver;1:64;Year Lists;List_of_1999_Majorette;https://static.wikia.nocookie.net/majorette_model_cars/images/f/fd/Majorette_Ford_Ka_%28silver%2C_dark_grey_bumpers%2C_NUC2_wheels%29.jpg/revision/latest?cb=20200731124717;227_11.jpg
230;Toyota RAV 4;Toyota;Majorette Mainline;1999;1999;green;1:64;Year Lists;List_of_1999_Majorette;https://static.wikia.nocookie.net/majorette_model_cars/images/7/77/Majorette_Toyota_Rav4_%28green_%26_silver%2C_clear_windows%2C_5DOTS_wheels%29.jpg/revision/latest?cb=20200531155239;230_10.jpg
232A;Mercedes CLK GTR;Mercedes-Benz;Majorette Mainline;1999;1999;silver;1:64;Year Lists;List_of_1999_Majorette;https://static.wikia.nocookie.net/majorette_model_cars/images/4/4d/Majorette_Mercedes-Benz_CLK_GTR_%28silver%2C_m2_hydrolic%2C_6s_wheels%29.jpg/revision/latest?cb=20210811193012;232A.jpg
237A;Audi TT;Audi;Majorette Mainline;1999;1999;silver;1:64;Year Lists;List_of_1999_Majorette;https://static.wikia.nocookie.net/majorette_model_cars/images/f/f3/Audi_TT_%28silver%2C_5RDL%29.jpg/revision/latest?cb=20201103221234;237A.jpg
238A;Dodge Concept Car;Dodge;Majorette Mainline;1999;1999;yellow;1:64;Year Lists;List_of_1999_Majorette;https://static.wikia.nocookie.net/majorette_model_cars/images/e/eb/Dodge_Concept_Car_%28yellow%29_1999.jpg/revision/latest?cb=20200721110613;238A.jpg
240;Chevrolet Impala;Chevrolet;Majorette Mainline;1986;1999;blue;1:64;Year Lists;List_of_1999_Majorette;https://static.wikia.nocookie.net/majorette_model_cars/images/2/24/Majorette_Chevrolet_Impala_Police_%28Blue%2C_white%2C_8dot_wheels%29.jpg/revision/latest?cb=20201114142006;240_12.jpg
244A;BMW Z3 Coupé;BMW;Majorette Mainline;1999;1999;dark blue;1:64;Year Lists;List_of_1999_Majorette;https://static.wikia.nocookie.net/majorette_model_cars/images/a/a7/BMW_Z3_Coupe_%28blue%2C_red_interior%2C_6S%29_1999.jpg/revision/latest?cb=20240428175111;226S.jpg
245 / 327;Ford Cargo Tanker;Ford;Majorette Mainline;1984;1999;blue;1:64;Year Lists;List_of_1999_Majorette;https://static.wikia.nocookie.net/majorette_model_cars/images/1/18/Ford_Cargo_Tanker_%28light_blue%2C_milk%29.jpg/revision/latest?cb=20201121162429;245_-_327_1.jpg
249;GMC Jimmy;GMC;Majorette Mainline;1995;1999;orange;1:64;Year Lists;List_of_1999_Majorette;https://static.wikia.nocookie.net/majorette_model_cars/images/e/ef/GMC_Jimmy_%28orange%2C_purple_interior%2C_roco%2C10%29.jpg/revision/latest?cb=20220321152239;249_11.jpg
250;Mercedes-Benz 300 TE;Mercedes-Benz;Majorette Mainline;1990;1999;water blue;1:64;Year Lists;List_of_1999_Majorette;https://static.wikia.nocookie.net/majorette_model_cars/images/e/ee/Majorette_Mercedes-Benz_300_TE_%28water_green%2C_sport_assistance%2C_dark_grey_interior%29.jpg/revision/latest?cb=20210410144903;250_11.jpg
254;Citroën XM;Citroën;Majorette Mainline;1991;1999;white;1:64;Year Lists;List_of_1999_Majorette;https://static.wikia.nocookie.net/majorette_model_cars/images/d/d6/Majorette_Citro%C3%ABn_XM_%28white%2C_5ST_wheels%29.jpg/revision/latest?cb=20201211110344;254_5.jpg
257;BMW 325i (E36);BMW;Majorette Mainline;1993;1999;white;1:64;Year Lists;List_of_1999_Majorette;https://static.wikia.nocookie.net/majorette_model_cars/images/f/f4/BMW_325i_%28E36%29_%28white%2C_star_3%2C_5ST_wheels%29.jpg/revision/latest?cb=20200830222722;257_14.jpg
257A;BMW 325i (E36) Polizei;BMW;Majorette Mainline;1993;1999;white;1:64;Year Lists;List_of_1999_Majorette;https://static.wikia.nocookie.net/majorette_model_cars/images/6/62/BMW_325i_%28E36%29_%28white%2C_polizei%29.jpg/revision/latest?cb=20200830221928;257A.jpg
259;Fourgon (Glacier);Ford;Majorette Mainline;1982;1999;sea green;1:64;Year Lists;List_of_1999_Majorette;https://static.wikia.nocookie.net/majorette_model_cars/images/d/d5/Fourgon_Glacier_%28sea_green%2C_red_interior%29.jpg/revision/latest?cb=20210119150512;259_6.jpg
260;Mercedes-Benz 500 SL;Mercedes-Benz;Majorette Mainline;1991;1999;burgundy;1:64;Year Lists;List_of_1999_Majorette;https://static.wikia.nocookie.net/majorette_model_cars/images/a/ad/Mercedes-Benz_500_SL_%28burgundy%2C_6S%29_1999.jpg/revision/latest?cb=20200725231156;260_11.jpg
262;Minibus Airport;Buses;Majorette Mainline;1979;1999;white / orange;1:64 / 1:87;Year Lists;List_of_1999_Majorette;https://static.wikia.nocookie.net/majorette_model_cars/images/8/82/Minibus_%28orange%2C_5_passengers%2C_NUC2%29.jpg/revision/latest?cb=20210525171154;262_13.jpg
264A;Volkswagen Golf GTI (Mk IV);Volkswagen;Majorette Mainline;1999;1999;olive green;1:64;Year Lists;List_of_1999_Majorette;https://static.wikia.nocookie.net/majorette_model_cars/images/c/cf/Volkswagen_Golf_GTI_%28Mk_IV%29_%28green%29_1999.jpg/revision/latest?cb=20200824170750;264A.jpg
266;Land Rover 90 Raid;Land Rover;Majorette Mainline;1987;1999;yellow;1:64;Year Lists;List_of_1999_Majorette;https://static.wikia.nocookie.net/majorette_model_cars/images/2/25/Land_Rover_90_raid_%28yellow%2C_safari%2C_5RDL%29.jpg/revision/latest?cb=20210219155928;266_11.jpg
269;Porsche Boxster;Porsche;Majorette Mainline;1996;1999;metallic silver;1:64;Year Lists;List_of_1999_Majorette;https://static.wikia.nocookie.net/majorette_model_cars/images/6/63/Porsche_Boxster_%28silver%2C_logo_on_hood%29.jpg/revision/latest?cb=20200902204333;269_7.jpg
274;Benne Carrière;Generic;Majorette Mainline;1982;1999;dark yellow;1:64;Year Lists;List_of_1999_Majorette;https://static.wikia.nocookie.net/majorette_model_cars/images/3/36/Majorette_Benne_Carriere_%28dark_yellow%2C_OR4HC_wheels%29.jpg/revision/latest?cb=20200717104225;274_3.jpg
275;Ford Escort GT;Ford;Majorette Mainline;1992;1999;black;1:64;Year Lists;List_of_1999_Majorette;https://static.wikia.nocookie.net/majorette_model_cars/images/f/f1/Majorette_Ford_Escort_GT_%28black%2C_V-rally%2C_11%29.jpg/revision/latest?cb=20220212155530;275_5.jpg
279;Chevrolet Corvette '58;Chevrolet;Majorette Mainline;1999;1999;light blue;1:64;Year Lists;List_of_1999_Majorette;https://static.wikia.nocookie.net/majorette_model_cars/images/e/e5/Chevrolet_Corvette_58_%28light_blue%29_1999.jpg/revision/latest?cb=20200722182242;279_6.jpg
280;Ferrari F40;Ferrari;Majorette Mainline;1989;1999;yellow;1:64;Year Lists;List_of_1999_Majorette;https://static.wikia.nocookie.net/majorette_model_cars/images/f/fe/Ferrari_F40_%28yellow%29_1999.jpg/revision/latest?cb=20210214112529;280_5.jpg
282;"Formula ""Indy""";Formula 1;Majorette Mainline;1999;1999;red;1:64;Year Lists;List_of_1999_Majorette;https://static.wikia.nocookie.net/majorette_model_cars/images/f/fd/F1_Indy_%28red%29_1999.jpg/revision/latest?cb=20201101191126;282_4.jpg
285;Jeep Cherokee Sheriff;Jeep;Majorette Mainline;1990;1999;white;1:64;Year Lists;List_of_1999_Majorette;https://static.wikia.nocookie.net/majorette_model_cars/images/6/66/Jeep_Cherokee_Sheriff_%28white%2C_911_sheriff%29_1999.jpg/revision/latest?cb=20201124134043;285_8.jpg
290;Ford Thunderbird '57;Ford;Majorette Mainline;1999;1999;red;1:64;Year Lists;List_of_1999_Majorette;https://static.wikia.nocookie.net/majorette_model_cars/images/a/a1/Ford_Thunderbird_57_%28red%2C_white_flames%2C_white_roof%29_1999.jpg/revision/latest?cb=20200724150713;290_5.jpg
293A;Jaguar XJ6 Police;Jaguar;Majorette Mainline;1999;1999;white;1:64;Year Lists;List_of_1999_Majorette;https://static.wikia.nocookie.net/majorette_model_cars/images/5/54/Majorette-jaguar-xj-6-police-car.jpg/revision/latest?cb=20220424173104;293A.jpg
296;El Camino SS;Chevrolet;Majorette Mainline;1988;1999;light green;1:64;Year Lists;List_of_1999_Majorette;https://static.wikia.nocookie.net/majorette_model_cars/images/1/19/Majorette_El_Camoni_SS_%28green%29.jpg/revision/latest?cb=20200719000036;296_7.jpg
315;Ford Transit Tug;Ford;Majorette Mainline;1999;1999;;1:64;Year Lists;List_of_1999_Majorette;https://static.wikia.nocookie.net/majorette_model_cars/images/3/37/Ford_Transit_Tug_%2B_construction_cab_%28BCR%29.png/revision/latest?cb=20220120223408;315.jpg
327;Ford Cargo Tanker;Ford;Majorette Mainline;1985;1999;;1:64;Year Lists;List_of_1999_Majorette;https://static.wikia.nocookie.net/majorette_model_cars/images/9/99/Ford_Cargo_Tanker_%2B_Trailer_%28orange%2C_GT%29.jpg/revision/latest?cb=20210210174710;327_4.jpg
328;Land Rover 90 Raid;Land Rover;Majorette Mainline;1987;1999;;1:64;Year Lists;List_of_1999_Majorette;https://static.wikia.nocookie.net/majorette_model_cars/images/c/c2/Land_Rover_90_Raid_%2B_Lion_Cage_Trailer_%28yellow%2C_safari%2C_5DOT%29.jpg/revision/latest?cb=20210219160816;328_10.jpg
336;Mercedes-Benz 300 TE;Mercedes-Benz;Majorette Mainline;1999;1999;;1:64;Year Lists;List_of_1999_Majorette;https://static.wikia.nocookie.net/majorette_model_cars/images/2/24/Majorette_Mercedes-Benz_300_TE_%2B_Trailer_%28water_green%2C_sport_assistance%2C_dark_grey_interior%29.jpg/revision/latest?cb=20210410172335;336_2.jpg
355;Volvo F16 Semi Oil Tanker;Volvo;Majorette Mainline;1990;1999;;1:64;Year Lists;List_of_1999_Majorette;https://static.wikia.nocookie.net/majorette_model_cars/images/6/66/Majorette_Volvo_Semi_Oil_Tanker_%28yellow%2C_petrol_company%29.jpg/revision/latest?cb=20210524121944;355_4.jpg
362;Land Rover 90 Raid;Land Rover;Majorette Mainline;1987;1999;;1:64;Year Lists;List_of_1999_Majorette;https://static.wikia.nocookie.net/majorette_model_cars/images/f/f5/Land_Rover_90_Raid_%2B_Radar_Trailer_%28white%2C_Police%2C_5DOT%29%29.jpg/revision/latest?cb=20210219201120;362_3.jpg
201S;Fiat Coupe;Fiat;Majorette Mainline;1995;2000;red;1:64;Year Lists;List_of_2000_Majorette;https://static.wikia.nocookie.net/majorette_model_cars/images/8/86/Fiat_Coupe_%28red%2C_SuperS%2C_5ST%29.jpg/revision/latest?cb=20220724132448;201S_2.jpg
204;Gran Turismo;Ferrari;Majorette Mainline;2000;2000;red;1:64;Year Lists;List_of_2000_Majorette;https://static.wikia.nocookie.net/majorette_model_cars/images/4/44/Gran_Turismo_%28red%29_2001.jpg/revision/latest?cb=20230902112138;204_8.jpg
206;Renault Twingo Mk1;Renault;Majorette Mainline;1995;2000;green;1:64;Year Lists;List_of_2000_Majorette;https://static.wikia.nocookie.net/majorette_model_cars/images/b/ba/Renault_Twingo_Mk1_%28green%29_2000.jpg/revision/latest?cb=20200808140150;206_12.jpg
207;Pompier;Generic;Majorette Mainline;1986;2000;White;1:64;Year Lists;List_of_2000_Majorette;https://static.wikia.nocookie.net/majorette_model_cars/images/1/12/Majorette_pompier_%28White%2C_grey_ladder%29.jpg/revision/latest?cb=20200601204543;207_4.jpg
209;Porsche Turbo;Porsche;Majorette Mainline;1983;2000;Black;1:64;Year Lists;List_of_2000_Majorette;https://static.wikia.nocookie.net/majorette_model_cars/images/6/6a/Majorette_Porsche_Turbo_%28black%2C_carrera%2C_black_interior%29.jpg/revision/latest?cb=20200719141303;209_6.jpg
209A;Porsche 996;Porsche;Majorette Mainline;1999;2000;white;1:64;Year Lists;List_of_2000_Majorette;https://static.wikia.nocookie.net/majorette_model_cars/images/5/53/Porsche_996_%28white%29_2000.jpg/revision/latest?cb=20200912194524;209A_1.jpg
210S;Racing Proto;Ferrari;Majorette Mainline;2000;2000;white;1:64;Year Lists;List_of_2000_Majorette;https://static.wikia.nocookie.net/majorette_model_cars/images/5/54/Racing_Proto_%28white%2C_black_interior%29_2000.jpg/revision/latest?cb=20200818195621;210S_1.jpg
211;GT Racing;Ferrari;Majorette Mainline;2000;2000;red;1:64;Year Lists;List_of_2000_Majorette;https://static.wikia.nocookie.net/majorette_model_cars/images/c/c4/GT_Racing_%28red%2C_white_flames%2C_28%29_speed_wheelser_2001.jpg/revision/latest?cb=20200823190607;211_7.jpg
213;F1 (1995);Formula 1;Majorette Mainline;1995;2000;purple;1:64;Year Lists;List_of_2000_Majorette;https://static.wikia.nocookie.net/majorette_model_cars/images/b/bc/F1_%281995%29_%28dark_blue%29_1998.jpg/revision/latest?cb=20201102214057;213_12.jpg
213S.80;Roadster (Viper);Dodge;Majorette Mainline;1994;2000;white;1:64;Year Lists;List_of_2000_Majorette;https://static.wikia.nocookie.net/majorette_model_cars/images/3/39/Roadster_%28white%2C_speed_wheelers%29_2000.jpg/revision/latest?cb=20200820125434;213S.80.jpg
215;Chevrolet Corvette;Chevrolet;Majorette Mainline;1984;2000;red;1:64;Year Lists;List_of_2000_Majorette;https://static.wikia.nocookie.net/majorette_model_cars/images/5/5f/Chevrolet_Corvette_%28red_and_blue%2C_red_24_on_hood%2C_rood_and_doors%29.jpg/revision/latest?cb=20230601205952;215_14.jpg
216;Mercedes-Benz A-Class Mk1;Mercedes-Benz;Majorette Mainline;1999;2000;blue;1:64;Year Lists;List_of_2000_Majorette;https://static.wikia.nocookie.net/majorette_model_cars/images/5/56/Mercedes-Benz_A-Class_Mk1_%28blue%2C_NUC2%29.jpg/revision/latest?cb=20201127150242;216_13.jpg
216S;Sports Car;Ferrari;Majorette Mainline;2000;2000;black / red;1:64;Year Lists;List_of_2000_Majorette;https://static.wikia.nocookie.net/majorette_model_cars/images/f/ff/Sports_Car_%28black_red%2C_Speed_Wheelers%29_2000.jpg/revision/latest?cb=20200823211721;216S_1.jpg
218;Peugeot 406;Peugeot;Majorette Mainline;1997;2000;metallic light blue;1:64;Year Lists;List_of_2000_Majorette;https://static.wikia.nocookie.net/majorette_model_cars/images/8/82/Peugeot_406_%28metallic_light_blue%2C_SuperS%29.jpg/revision/latest?cb=20200816152230;218_9.jpg
218A;Peugeot 406 Police;Peugeot;Majorette Mainline;1997;2000;white;1:64;Year Lists;List_of_2000_Majorette;https://static.wikia.nocookie.net/majorette_model_cars/images/8/85/Peugeot_406_%28white%2C_police%2C_8DOT%29.jpg/revision/latest?cb=20200816180447;218A.jpg
220;Honda NSX;Honda;Majorette Mainline;1997;2000;light blue / blue;1:64;Year Lists;List_of_2000_Majorette;https://static.wikia.nocookie.net/majorette_model_cars/images/4/4b/Honda_NSX_%28blue-light_blue%2C_racing_team_26%2C_Chacor%2C_Jerem_auto%29_2000.jpg/revision/latest?cb=20200718192213;220_13.jpg
221A;Renault Scenic I;Renault;Majorette Mainline;2000;2000;pale green;1:64;Year Lists;List_of_2000_Majorette;https://static.wikia.nocookie.net/majorette_model_cars/images/1/12/RenaultScenicGreen.jpeg/revision/latest?cb=20201118171433;221A.jpg
224;Jeep Cherokee Limited;Jeep;Majorette Mainline;1990;2000;green;1:64;Year Lists;List_of_2000_Majorette;https://static.wikia.nocookie.net/majorette_model_cars/images/a/a0/Majorette_Jeep_Cherokee_Limited_%28green%29.jpg/revision/latest?cb=20201123234659;224_11.jpg
227;Ford Ka;Ford;Majorette Mainline;1998;2000;metallic silver;1:64;Year Lists;List_of_2000_Majorette;https://static.wikia.nocookie.net/majorette_model_cars/images/4/47/Ford_Ka_%28metallic_silver%2C_light_gray_bumpers%29_1999.jpg/revision/latest?cb=20200731132005;227_12.jpg
232A;Mercedes CLK GTR;Mercedes-Benz;Majorette Mainline;1999;2000;red;1:64;Year Lists;List_of_2000_Majorette;https://static.wikia.nocookie.net/majorette_model_cars/images/a/a3/Mercedes_CLK_GTR_%28white_%26_red%29_2000.jpg/revision/latest?cb=20200911163105;232A_1.jpg
234;Ford E-350 (Fourgon);Ford;Majorette Mainline;1982;2000;red;1:64;Year Lists;List_of_2000_Majorette;https://static.wikia.nocookie.net/majorette_model_cars/images/0/0e/Fourgon_%28red%2C_avis%2C_no_side_closed_van%2C_6S%29.jpg/revision/latest?cb=20201121003944;234_11.jpg
237A;Audi TT;Audi;Majorette Mainline;1999;2000;red;1:64;Year Lists;List_of_2000_Majorette;https://static.wikia.nocookie.net/majorette_model_cars/images/c/cf/Majorette_Audi_TT_%28red%2C_5DOT_wheels%29.jpg/revision/latest?cb=20201103194809;237A_1.jpg
237A.80;Audi TT;Audi;Majorette Mainline;1999;2000;red;1:64;Year Lists;List_of_2000_Majorette;https://static.wikia.nocookie.net/majorette_model_cars/images/f/f1/Audi_TT_%28red%2C_TURBO_29%2C_5DOT%29.jpg/revision/latest?cb=20201103195818;237A.80.jpg
244A;BMW Z3 Coupé;BMW;Majorette Mainline;1999;2000;black;1:64;Year Lists;List_of_2000_Majorette;https://static.wikia.nocookie.net/majorette_model_cars/images/1/16/BMW_Z3_Coup%C3%A9_%28black%2C_6S%29.jpg/revision/latest?cb=20200716150444;244A.jpg
245;Ford Cargo Tanker;Ford;Majorette Mainline;1984;2000;red;1:64;Year Lists;List_of_2000_Majorette;https://static.wikia.nocookie.net/majorette_model_cars/images/9/96/Ford_Cargo_Tanker_%28red%2C_GT_gas_tanker%2C_2000%29.jpg/revision/latest?cb=20200627235450;245_10.jpg
249;GMC Jimmy;GMC;Majorette Mainline;1995;2000;black;1:64;Year Lists;List_of_2000_Majorette;https://static.wikia.nocookie.net/majorette_model_cars/images/c/c1/GMC_Jimmy_%28black%29_2000.jpg/revision/latest?cb=20220321155353;249_12.jpg
252;Morgan Plus 8;Morgan;Majorette Mainline;1979;2000;gold;1:64;Year Lists;List_of_2000_Majorette;https://static.wikia.nocookie.net/majorette_model_cars/images/7/7b/Morgan_Plus_8_%28gold%2C_5DOT%29_2000.jpg/revision/latest?cb=20200816195410;252_7.jpg
257;BMW 325i (E36);BMW;Majorette Mainline;1993;2000;red;1:64;Year Lists;List_of_2000_Majorette;https://static.wikia.nocookie.net/majorette_model_cars/images/7/73/BMW_325i_%28E36%29_%28red%29_2000.jpg/revision/latest?cb=20200830222921;257_15.jpg
257C;BMW M3;BMW;Majorette Mainline;2000;2000;silver;1:64;Year Lists;List_of_2000_Majorette;https://static.wikia.nocookie.net/majorette_model_cars/images/2/25/BMW_M3_%28silver%29_2000.jpg/revision/latest?cb=20200926203907;257C.jpg
259;Fourgon (Glacier);Ford;Majorette Mainline;1982;2000;seagreen;1:64;Year Lists;List_of_2000_Majorette;https://static.wikia.nocookie.net/majorette_model_cars/images/d/d5/Fourgon_Glacier_%28sea_green%2C_red_interior%29.jpg/revision/latest?cb=20210119150512;259_6.jpg
264A;Volkswagen Golf GTI (Mk IV);Volkswagen;Majorette Mainline;1999;2000;metallic silver;1:64;Year Lists;List_of_2000_Majorette;https://static.wikia.nocookie.net/majorette_model_cars/images/2/21/Volkswagen_Golf_GTI_%28Mk_IV%29_%28metallic_silver%29_2000.jpg/revision/latest?cb=20210811195214;264A_1.jpg
269;Porsche Boxster;Porsche;Majorette Mainline;1996;2000;red;1:64;Year Lists;List_of_2000_Majorette;https://static.wikia.nocookie.net/majorette_model_cars/images/4/49/Porsche_Boxster_%28red%2C_brown_interior%2C_5DOT%29.jpg/revision/latest?cb=20200902212756;269_8.jpg
271;Ford Econoline;Ford;Majorette Mainline;1998;2000;white;1:64;Year Lists;List_of_2000_Majorette;https://static.wikia.nocookie.net/majorette_model_cars/images/9/9a/Ford_Econoline_%28white%2C_speed_pizza%29.jpg/revision/latest?cb=20220121125042;271_5.jpg
272;Renault Espace;Renault;Majorette Mainline;1997;2000;turquoise;1:64;Year Lists;List_of_2000_Majorette;https://static.wikia.nocookie.net/majorette_model_cars/images/8/80/Renault_Espace_%28metallic_turquise%29.jpg/revision/latest?cb=20210407144421;272_7.jpg
278;Camping Car;Ford;Majorette Mainline;1991;2000;Blue;1:64;Year Lists;List_of_2000_Majorette;https://static.wikia.nocookie.net/majorette_model_cars/images/f/fe/Camping_Car_-_Majorette_-_2000_Bleu_m%C3%A9tal_Neptune.jpg/revision/latest?cb=20240428141419;278_7.jpg
280.80;GT Proto;Ferrari;Majorette Mainline;2000;2000;light blue;1:64;Year Lists;List_of_2000_Majorette;https://static.wikia.nocookie.net/majorette_model_cars/images/2/2a/GT_Proto_%28light_blue_blue%2C_ELO%29_2000.jpg/revision/latest?cb=20210210090652;280.80.jpg
283;GMC Brigadier Crane Truck;GMC;Majorette Mainline;1982;2000;red;1:64 / 1:87;Year Lists;List_of_2000_Majorette;https://static.wikia.nocookie.net/majorette_model_cars/images/7/71/Magirus_Crane_Truck_%28red%2C_red_cab%2C_NUC2%29.jpg/revision/latest?cb=20210221180658;283_3.jpg
285;Jeep Cherokee Sheriff;Jeep;Majorette Mainline;1990;2000;white;1:64;Year Lists;List_of_2000_Majorette;https://static.wikia.nocookie.net/majorette_model_cars/images/3/3e/Majorette_Jeep_Cherokee_Sheriff_%28white%2C_911_sheriff_arkansas_state_police%2C_5DOTS_wheels%29.jpg/revision/latest?cb=20220611113814;285_9.jpg
294B;Jaguar S-Type;Jaguar;Majorette Mainline;2000;2000;maroon;1:64;Year Lists;List_of_2000_Majorette;https://static.wikia.nocookie.net/majorette_model_cars/images/f/fe/Jaguar_S_Type_Red.webp/revision/latest?cb=20201130201611;294B.jpg
295;Ford Transit Tug;Ford;Majorette Mainline;1989;2000;blue;1:64;Year Lists;List_of_2000_Majorette;https://static.wikia.nocookie.net/majorette_model_cars/images/3/39/Ford_Transit_Tug_%28blue%2C_speedweek_sport%29.png/revision/latest?cb=20220120210733;295_2.jpg
313;Camping Car Deluxe;Majorette;Majorette Mainline;1992;2000;;1:64;Year Lists;List_of_2000_Majorette;https://static.wikia.nocookie.net/majorette_model_cars/images/2/2d/Camping_Car_Deluxe_%28red_%26_yellow%2C_pinder%2C_5ST%29.jpg/revision/latest?cb=20220703113710;313_2.jpg
327;Ford Cargo Tanker;Ford;Majorette Mainline;1985;2000;;1:64;Year Lists;List_of_2000_Majorette;https://static.wikia.nocookie.net/majorette_model_cars/images/8/8f/Ford_Cargo_Tanker_%2B_Trailer_%28red%2C_GT%29.jpg/revision/latest?cb=20210210180048;327_5.jpg
336;Mercedes-Benz 300 TE;Mercedes-Benz;Majorette Mainline;2000;2000;;1:64;Year Lists;List_of_2000_Majorette;https://static.wikia.nocookie.net/majorette_model_cars/images/2/24/Majorette_Mercedes-Benz_300_TE_%2B_Trailer_%28water_green%2C_sport_assistance%2C_dark_grey_interior%29.jpg/revision/latest?cb=20210410172335;336_2.jpg
340;Volvo F16 Semi Container;Volvo;Majorette Mainline;1993;2000;;1:64;Year Lists;List_of_2000_Majorette;https://static.wikia.nocookie.net/majorette_model_cars/images/3/35/Volvo_Semi_container_%28challenge_company%29.jpg/revision/latest?cb=20220223190625;340_2.jpg
362;Land Rover 90 Raid;Land Rover;Majorette Mainline;1987;2000;;1:64;Year Lists;List_of_2000_Majorette;https://static.wikia.nocookie.net/majorette_model_cars/images/7/7a/Land_Rover_90_Raid_%2B_Radar_Trailer_%28silver%2C_ESPACE_2000%29.jpg/revision/latest?cb=20210219165403;362_4.jpg
373;Neoplan Autocar Jetliner;Majorette;Majorette Mainline;1977;2000;;1:64;Year Lists;List_of_2000_Majorette;https://static.wikia.nocookie.net/majorette_model_cars/images/a/ab/Neoplan_Autocar_Jetliner_%28blue_red%2C_racing_team%2C_8DOT%29.jpg/revision/latest?cb=20240428173500;373_11.jpg
375;Ford Transit Tug;Ford;Majorette Mainline;1991;2000;;1:64;Year Lists;List_of_2000_Majorette;https://static.wikia.nocookie.net/majorette_model_cars/images/4/41/Ford_Transit_Tug_%2B_F1_%28blue%2C_speedweek_sport%29.jpg/revision/latest?cb=20220120211143;375_4.jpg
376;Jeep Cherokee;Jeep;Majorette Mainline;1978;2000;;1:64;Year Lists;List_of_2000_Majorette;https://static.wikia.nocookie.net/majorette_model_cars/images/9/97/Jeep_Cherokee_%2B_Reservoir_%282000%29.jpg/revision/latest?cb=20210922143021;376_7.jpg
202S;Fiat Coupe Racing;Fiat;Majorette Mainline;1995;2001;blue;1:64;Year Lists;List_of_2001_Majorette;https://static.wikia.nocookie.net/majorette_model_cars/images/0/0d/Fiat_Coupe_Racing_%28blue%2C_SuperS%29_1999.jpg/revision/latest?cb=20200819112345;202S_2.jpg
205A;Renault 5 Supercinq GT Turbo;Renault;Majorette Mainline;1987;2001;metallic silver;1:64;Year Lists;List_of_2001_Majorette;https://static.wikia.nocookie.net/majorette_model_cars/images/0/05/Majorette_Renault_Supercinq_GT_Turbo_%28silver%2C_renault_logo_on_roof%2C_19_%26_pilotnames_on_doors%2C_thailand_version%29%29.jpg/revision/latest?cb=20200926140405;205_9.jpg
207;Pompier;Generic;Majorette Mainline;1986;2001;white;1:64;Year Lists;List_of_2001_Majorette;https://static.wikia.nocookie.net/majorette_model_cars/images/0/0d/Pompier_%28white%2C_fire_rescue%29.jpg/revision/latest?cb=20200601210248;207_5.jpg
207A;Pompier;Generic;Majorette Mainline;1986;2001;red;1:64;Year Lists;List_of_2001_Majorette;https://static.wikia.nocookie.net/majorette_model_cars/images/6/63/Majorette_pompier_%28red%2C_emergency_911%2C_snorkel%29.jpg/revision/latest?cb=20200601205759;207A.jpg
209;Porsche Turbo;Porsche;Majorette Mainline;1983;2001;yellow;1:64;Year Lists;List_of_2001_Majorette;https://static.wikia.nocookie.net/majorette_model_cars/images/1/1e/Porsche_Turbo_%28yellow%2C_red_carrera_on_sides%29.jpg/revision/latest?cb=20210909125840;209_7.jpg
209.80;Porsche Turbo;Porsche;Majorette Mainline;1983;2001;turquoise;1:64;Year Lists;List_of_2001_Majorette;https://static.wikia.nocookie.net/majorette_model_cars/images/9/9f/Porsche_Turbo_%28light_blue%2C_speed_wheelers%29_2001.jpg/revision/latest?cb=20200827175845;209.80.jpg
209A;Porsche 996;Porsche;Majorette Mainline;1999;2001;metallic silver;1:64;Year Lists;List_of_2001_Majorette;https://static.wikia.nocookie.net/majorette_model_cars/images/d/db/Porsche_996_%28silver%29_2001.jpg/revision/latest?cb=20200912194820;209A_2.jpg
209A.80;Porsche 996;Porsche;Majorette Mainline;1999;2001;blue;1:64;Year Lists;List_of_2001_Majorette;https://static.wikia.nocookie.net/majorette_model_cars/images/d/d7/Porsche_996_%28blue%2C_speed_Wheelers%29_2001.jpg/revision/latest?cb=20200912202907;209A.80.jpg
211;GT Racing;Ferrari;Majorette Mainline;2000;2001;dark blue;1:64;Year Lists;List_of_2001_Majorette;https://static.wikia.nocookie.net/majorette_model_cars/images/6/62/GT_Racing_%28Ferrari_Testarossa%29_%28Dark_Blue%29.jpg/revision/latest?cb=20200823191001;211_8.jpg
211S;Ford Mondeo;Ford;Majorette Mainline;1994;2001;metallic silver;1:64;Year Lists;List_of_2001_Majorette;https://static.wikia.nocookie.net/majorette_model_cars/images/f/f3/Ford_Mondeo_%28silver%2C_SuperS%29.jpg/revision/latest?cb=20200902135148;211S_1.jpg
212;Pontiac Firebird (4th Generation);Pontiac;Majorette Mainline;1994;2001;green;1:64;Year Lists;List_of_2001_Majorette;https://static.wikia.nocookie.net/majorette_model_cars/images/4/4d/Pontiac_Fire_bird_4th_generation_%28green%2C_2000%29.jpg/revision/latest?cb=20210912125642;212_8.jpg
213.80;F1 (1995);Formula 1;Majorette Mainline;1995;2001;yellow;1:64;Year Lists;List_of_2001_Majorette;https://static.wikia.nocookie.net/majorette_model_cars/images/7/7b/F1_%281995%29_%28Speed_wheelers%29.jpg/revision/latest?cb=20220710102721;213.80.jpg
213S.01;Roadster (Viper);Dodge;Majorette Mainline;1994;2001;red;1:64;Year Lists;List_of_2001_Majorette;https://static.wikia.nocookie.net/majorette_model_cars/images/b/b0/Roadster_%28red%2C_prints%2C_light_blue_interior%2C_ELO%29.jpg/revision/latest?cb=20200813172604;213S.01.jpg
215;Chevrolet Corvette;Chevrolet;Majorette Mainline;1984;2001;white;1:64;Year Lists;List_of_2001_Majorette;https://static.wikia.nocookie.net/majorette_model_cars/images/1/15/Chevrolet_Corvette_%28White%2C_blue_stripes_on_hood%2C_red_stripes_on_side%2C_nr_20_on_hood_and_sides%29.jpg/revision/latest?cb=20200605234109;215_15.jpg
216S;Sports Car;Ferrari;Majorette Mainline;2000;2001;metallic green;1:64;Year Lists;List_of_2001_Majorette;https://static.wikia.nocookie.net/majorette_model_cars/images/4/40/Sports_Car_%28green%29.jpg/revision/latest?cb=20220918150405;216S_2.jpg
217;Chevrolet Pick Up;Chevrolet;Majorette Mainline;1997;2001;yellow;1:64;Year Lists;List_of_2001_Majorette;https://static.wikia.nocookie.net/majorette_model_cars/images/b/bb/Chevrolet_Pick_Up_%28yellow%29_2001.jpg/revision/latest?cb=20200814134441;217_13.jpg
218A;Peugeot 406 Police;Peugeot;Majorette Mainline;1997;2001;white;1:64;Year Lists;List_of_2001_Majorette;https://static.wikia.nocookie.net/majorette_model_cars/images/1/15/Peugeot_406_%28white%2C_police%2C_5ST%29.jpg/revision/latest?cb=20200816182436;218A_1.jpg
220;Honda NSX;Honda;Majorette Mainline;1997;2001;blue;1:64;Year Lists;List_of_2001_Majorette;https://static.wikia.nocookie.net/majorette_model_cars/images/7/7b/Honda_NSX_%28metallic_blue%2C_Champion_Mado%2C_60%2C_TSC%2C_racing_team%29_2000.jpg/revision/latest?cb=20200731214340;220_14.jpg
226;Rouleau Compresseur;Generic;Majorette Mainline;1983;2001;yellow;1:64;Year Lists;List_of_2001_Majorette;https://static.wikia.nocookie.net/majorette_model_cars/images/d/da/Rouleau_compresseur_%28orange%2C_plastic_axe%29.jpg/revision/latest?cb=20210408231326;226_8.jpg
227;Ford Ka;Ford;Majorette Mainline;1998;2001;metallic turquoise;1:64;Year Lists;List_of_2001_Majorette;https://static.wikia.nocookie.net/majorette_model_cars/images/b/bb/Ford_Ka_%28metallic_turquoise%291999.jpg/revision/latest?cb=20200731131004;227_13.jpg
229;Aston Martin DB7;Aston Martin;Majorette Mainline;1994;2001;maroon;1:64;Year Lists;List_of_2001_Majorette;https://static.wikia.nocookie.net/majorette_model_cars/images/b/b5/Majorette_Aston_Martin_DB7_%28maroon%29.jpg/revision/latest?cb=20201201140318;229_13.jpg
231;Bank Security;Generic;Majorette Mainline;1980;2001;yellow;1:64;Year Lists;List_of_2001_Majorette;https://static.wikia.nocookie.net/majorette_model_cars/images/2/20/Extractor_Bank_security_204_04.jpg/revision/latest?cb=20211020153349;231_13.jpg
232A;Mercedes CLK GTR;Mercedes-Benz;Majorette Mainline;1999;2001;dark blue;1:64;Year Lists;List_of_2001_Majorette;https://static.wikia.nocookie.net/majorette_model_cars/images/f/f0/Majorette_Mercedes-Benz_CLK_GTR_%28blue%2C_5S_wheels%29.jpg/revision/latest?cb=20210811193117;232A_2.jpg
235;Sport Proto;Porsche;Majorette Mainline;1997;2001;dark blue;1:64;Year Lists;List_of_2001_Majorette;https://static.wikia.nocookie.net/majorette_model_cars/images/2/2b/Sport_Proto_%28dark_blue%2C_7%29_2001.jpg/revision/latest?cb=20221011205946;235_10.jpg
236;4 x 4 Cherokee;Jeep;Majorette Mainline;1980;2001;yellow;1:64;Year Lists;List_of_2001_Majorette;https://static.wikia.nocookie.net/majorette_model_cars/images/7/79/4_x_4_cherokee_%28yellow%2C_X_tractor%29%29.jpg/revision/latest?cb=20200624211613;236_15.jpg
237A;Audi TT;Audi;Majorette Mainline;1999;2001;silver;1:64;Year Lists;List_of_2001_Majorette;https://static.wikia.nocookie.net/majorette_model_cars/images/d/d8/Audi_TT_%28silver%2C_black_interior%2C_5DOT%29.jpg/revision/latest?cb=20201103202316;237A_2.jpg
238A;Dodge Concept Car;Dodge;Majorette Mainline;1999;2001;yellow;1:64;Year Lists;List_of_2001_Majorette;https://static.wikia.nocookie.net/majorette_model_cars/images/e/e6/Dodge_Concept_Car_%28yellow.jpg/revision/latest?cb=20200721193852;238A_1.jpg
240;Chevrolet Impala;Chevrolet;Majorette Mainline;1986;2001;blue;1:64;Year Lists;List_of_2001_Majorette;https://static.wikia.nocookie.net/majorette_model_cars/images/c/c1/Chevrolet_impala_police_%28blue%2C_white_roof%2C_2001%29.jpg/revision/latest?cb=20200625135420;240_13.jpg
240;Chevrolet Impala;Chevrolet;Majorette Mainline;1986;2001;red;1:64;Year Lists;List_of_2001_Majorette;https://static.wikia.nocookie.net/majorette_model_cars/images/c/c3/Majorette_Chevrolet_Impala_Police_%28red%2C_911_fire%29.jpg/revision/latest?cb=20201114142041;240_14.jpg
242;Pelle Mecanique;Poclain;Majorette Mainline;1983;2001;light orange;1:64;Year Lists;List_of_2001_Majorette;https://static.wikia.nocookie.net/majorette_model_cars/images/d/d2/Majorette_Pelle_Mecanique_%28light_orange%2C_black_shovel%2C_no_tampo%29.jpg/revision/latest?cb=20210408204807;242_3.jpg
244A;BMW Z3 Coupé;BMW;Majorette Mainline;1999;2001;matallic blue;1:64;Year Lists;List_of_2001_Majorette;https://static.wikia.nocookie.net/majorette_model_cars/images/1/10/BMW_Z3_Coup%C3%A9_%28blue%2C_6S%29.jpg/revision/latest?cb=20200716150638;244A_1.jpg
244B;BMW Z8;BMW;Majorette Mainline;2001;2001;metallic silver;1:64;Year Lists;List_of_2001_Majorette;https://static.wikia.nocookie.net/majorette_model_cars/images/c/c2/Majorette_BMW_Z8_%28silver%2C_red_interior%29.jpg/revision/latest?cb=20220424185809;244B.jpg
245;Ford Cargo Tanker;Ford;Majorette Mainline;1984;2001;dark blue;1:64;Year Lists;List_of_2001_Majorette;https://static.wikia.nocookie.net/majorette_model_cars/images/6/6c/Ford_Cargo_Tanker_%28blue%2C_gas_tanker%2C_2001%29.jpg/revision/latest?cb=20200627235852;245_11.jpg
249;GMC Jimmy;GMC;Majorette Mainline;1995;2001;cyan green;1:64;Year Lists;List_of_2001_Majorette;https://static.wikia.nocookie.net/majorette_model_cars/images/2/2e/GMC_Jimmy.jpg/revision/latest?cb=20220321161734;249_13.jpg
250;Mercedes-Benz 300 TE;Mercedes-Benz;Majorette Mainline;1990;2001;Metallic silver;1:64;Year Lists;List_of_2001_Majorette;https://static.wikia.nocookie.net/majorette_model_cars/images/3/3a/Majorette_Mercedes-Benz_300_TE_%28metallic_silver%29.jpg/revision/latest?cb=20200616191527;250_12.jpg
255;Ford Ranger Ambulance;Ford;Majorette Mainline;1991;2001;white;1:64;Year Lists;List_of_2001_Majorette;https://static.wikia.nocookie.net/majorette_model_cars/images/b/b1/Majorette_Ford_Ranger_Ambulance_%28white%2C_222%2C_nyc_ems_ambulance%2C_orange_stripe%2C_blue_flashlights%2C_5TS_wheels%29.jpg/revision/latest?cb=20210522124930;255_10.jpg
257;BMW 325i (E36);BMW;Majorette Mainline;1993;2001;metallic blue;1:64;Year Lists;List_of_2001_Majorette;https://static.wikia.nocookie.net/majorette_model_cars/images/0/0e/BMW_325i_%28E36%29_%28metallic_blue%29_2002.jpg/revision/latest?cb=20200830230835;257_16.jpg
258A;Turbo BMW;BMW;Majorette Mainline;1976;2001;yellow;1:64;Year Lists;List_of_2001_Majorette;https://static.wikia.nocookie.net/majorette_model_cars/images/c/c3/Majorette_Turbo_BMW_%28yellow%2C_red_interior%29.jpg/revision/latest?cb=20210619120620;258A.jpg
261;Explorateur;Volvo;Majorette Mainline;1983;2001;red;1:64;Year Lists;List_of_2001_Majorette;https://static.wikia.nocookie.net/majorette_model_cars/images/c/cb/Majorette_Explorateur_%28red%29.jpg/revision/latest?cb=20200531154258;261_8.jpg
263;Tracto (Pelle);Generic;Majorette Mainline;1979;2001;yellow;1:64;Year Lists;List_of_2001_Majorette;https://static.wikia.nocookie.net/majorette_model_cars/images/a/a7/Tracto_%28Pelle%29_%28yellow%2C_OR4HC%29.jpg/revision/latest?cb=20210613125118;263_4.jpg
266;Land Rover 90 Raid;Land Rover;Majorette Mainline;1987;2001;red;1:64;Year Lists;List_of_2001_Majorette;https://static.wikia.nocookie.net/majorette_model_cars/images/c/c2/Land_Rover_90_%28red%2C_Fire_Brigade%29.jpg/revision/latest?cb=20210219171431;266_12.jpg
268;Pontiac Trans Sport;Pontiac;Majorette Mainline;1993;2001;metallic blue;1:64;Year Lists;List_of_2001_Majorette;https://static.wikia.nocookie.net/majorette_model_cars/images/2/27/Pontiac_Trans_Sport_%28blue%2C_5ST%29.jpg/revision/latest?cb=20201024184848;268_13.jpg
269;Porsche Boxster;Porsche;Majorette Mainline;1996;2001;metalflake gold;1:64;Year Lists;List_of_2001_Majorette;https://static.wikia.nocookie.net/majorette_model_cars/images/3/34/Majorette_Porsche_Boxster_%28metalflake_gold%2C_tan_interior%2C_5DOTS_wheels%29.jpg/revision/latest?cb=20220325224628;269_9.jpg
269.80;Porsche Boxster;Porsche;Majorette Mainline;1996;2001;green;1:64;Year Lists;List_of_2001_Majorette;https://static.wikia.nocookie.net/majorette_model_cars/images/f/fa/Porsche_Boxster_%28green%2C_speed_wheelers%29_2001.jpg/revision/latest?cb=20200902213730;269.80.jpg
271;Ford Econoline;Ford;Majorette Mainline;1998;2001;orange;1:64;Year Lists;List_of_2001_Majorette;https://static.wikia.nocookie.net/majorette_model_cars/images/0/0b/Ford_Econoline_%28extractor%2C_5SW%29.jpg/revision/latest?cb=20230522205107;271_6.jpg
273;Roadster (Viper);Dodge;Majorette Mainline;1994;2001;red;1:64;Year Lists;List_of_2001_Majorette;https://static.wikia.nocookie.net/majorette_model_cars/images/b/b0/Roadster_%28red%2C_prints%2C_light_blue_interior%2C_ELO%29.jpg/revision/latest?cb=20200813172604;213S.01.jpg
274;Benne Carrière;Generic;Majorette Mainline;1982;2001;orange;1:64;Year Lists;List_of_2001_Majorette;https://static.wikia.nocookie.net/majorette_model_cars/images/c/c0/Majorette_Benne_Carriere_%28orange%2C_ORN_wheels%29.jpg/revision/latest?cb=20200717104411;274_4.jpg
276;Toyota Runner;Toyota;Majorette Mainline;1994;2001;maroon;1:64;Year Lists;List_of_2001_Majorette;https://static.wikia.nocookie.net/majorette_model_cars/images/1/13/Toyota_Runner_%28maroon%29.jpg/revision/latest?cb=20201117192613;276_2.jpg
280;GT Proto;Ferrari;Majorette Mainline;2000;2001;orange;1:64;Year Lists;List_of_2001_Majorette;https://static.wikia.nocookie.net/majorette_model_cars/images/5/50/GT_Proto_%28yellow%29_2001.jpg/revision/latest?cb=20221011202717;280_6.jpg
284;Pelle Mecanique;Generic;Majorette Mainline;1983;2001;light orange;1:64;Year Lists;List_of_2001_Majorette;https://static.wikia.nocookie.net/majorette_model_cars/images/d/d2/Majorette_Pelle_Mecanique_%28light_orange%2C_black_shovel%2C_no_tampo%29.jpg/revision/latest?cb=20210408204807;242_3.jpg
292A;Mitsubishi Pajero;Mitsubishi;Majorette Mainline;2001;2001;maroon;1:64;Year Lists;List_of_2001_Majorette;https://static.wikia.nocookie.net/majorette_model_cars/images/0/0a/Mitsubishi_Pajero_%28red%29_2001.jpg/revision/latest?cb=20200911215637;292A.jpg
294B;Jaguar S-Type;Jaguar;Majorette Mainline;2000;2001;metallic green;1:64;Year Lists;List_of_2001_Majorette;https://static.wikia.nocookie.net/majorette_model_cars/images/c/cf/Jaguar_S_Type_Green.webp/revision/latest?cb=20201130194950;294B_1.jpg
294C;Mini Cooper;MINI;Majorette Mainline;2001;2001;red;1:64;Year Lists;List_of_2001_Majorette;https://static.wikia.nocookie.net/majorette_model_cars/images/e/ef/Mini_Cooper_%28red%29_2001.jpg/revision/latest?cb=20220529135236;294C.jpg
296;El Camino SS;Chevrolet;Majorette Mainline;1988;2001;light green;1:64;Year Lists;List_of_2001_Majorette;https://static.wikia.nocookie.net/majorette_model_cars/images/2/2e/Majorette_El_Camino_SS_%28green%2C_cows%29.jpg/revision/latest?cb=20250603145356;296_8.jpg
325;Renault Kangoo;Renault;Majorette Mainline;1983;2001;;1:64;Year Lists;List_of_2001_Majorette;https://static.wikia.nocookie.net/majorette_model_cars/images/a/a3/Renault_Kangoo_%2B_Caravane_%281983%29_%28silver%29.jpg/revision/latest?cb=20210524153310;325_14.jpg
326;Mercedes Stretch Limousine;Mercedes-Benz;Majorette Mainline;1991;2001;;1:64;Year Lists;List_of_2001_Majorette;https://static.wikia.nocookie.net/majorette_model_cars/images/5/59/Majorette_mercedes_stretch_limousine_%282001%29.jpg/revision/latest?cb=20210507113553;326_4.jpg
327;Ford Cargo Tanker;Ford;Majorette Mainline;1985;2001;;1:64;Year Lists;List_of_2001_Majorette;https://static.wikia.nocookie.net/majorette_model_cars/images/6/6c/Ford_Cargo_Tanker_%28blue%2C_gas_tanker%2C_2001%29.jpg/revision/latest?cb=20200627235852;245_11.jpg
328;Land Rover 90 Raid;Land Rover;Majorette Mainline;1987;2001;;1:64;Year Lists;List_of_2001_Majorette;https://static.wikia.nocookie.net/majorette_model_cars/images/1/19/Land_Rover_90_%2B_Lion_Cage_Trailer_%28yellow%2CPinder%2C_5DOT%29.jpg/revision/latest?cb=20210219172715;328_11.jpg
336;Mercedes-Benz 300 TE;Mercedes-Benz;Majorette Mainline;2001;2001;;1:64;Year Lists;List_of_2001_Majorette;https://static.wikia.nocookie.net/majorette_model_cars/images/2/24/Majorette_Mercedes-Benz_300_TE_%2B_Trailer_%28water_green%2C_sport_assistance%2C_dark_grey_interior%29.jpg/revision/latest?cb=20210410172335;336_2.jpg
201S;Fiat Coupe;Fiat;Majorette Mainline;1995;2002;red;1:64;Year Lists;List_of_2002_Majorette;https://static.wikia.nocookie.net/majorette_model_cars/images/c/cb/Fiat_Coupe_%28red%2C_spider%2C_5ST%29_2002.jpg/revision/latest?cb=20200819120706;201S_3.jpg
229;Aston Martin DB7;Aston Martin;Majorette Mainline;1994;2002;Marron;1:64;Year Lists;List_of_2002_Majorette;https://static.wikia.nocookie.net/majorette_model_cars/images/b/b5/Majorette_Aston_Martin_DB7_%28maroon%29.jpg/revision/latest?cb=20201201140318;229_13.jpg
204;Gran Turismo;Ferrari;Majorette Mainline;2000;2002;black;1:64;Year Lists;List_of_2002_Majorette;https://static.wikia.nocookie.net/majorette_model_cars/images/0/0e/Gran_Turismo_%28black%29_2002.jpg/revision/latest?cb=20210214120920;204_9.jpg
205;Peugeot 206;Peugeot;Majorette Mainline;1999;2002;orange;1:64;Year Lists;List_of_2002_Majorette;https://static.wikia.nocookie.net/majorette_model_cars/images/e/ee/Peugeot_206_%28orange%29.jpg/revision/latest?cb=20220425120233;205_12.jpg
206;Renault Twingo Mk1;Renault;Majorette Mainline;1995;2002;purple;1:64;Year Lists;List_of_2002_Majorette;https://static.wikia.nocookie.net/majorette_model_cars/images/e/e1/Renault_Twingo_Mk1_%28purple%2C_8DOT%29.jpg/revision/latest?cb=20200808140454;206_13.jpg
209A.40;Porsche 996;Porsche;Majorette Mainline;1999;2002;red;1:64;Year Lists;List_of_2002_Majorette;https://static.wikia.nocookie.net/majorette_model_cars/images/a/af/Porsche_996_%28red%2C_motor_car%29_2002.jpg/revision/latest?cb=20200912195231;209A.40.jpg
210S;Racing Proto;Ferrari;Majorette Mainline;2000;2002;black;1:64;Year Lists;List_of_2002_Majorette;https://static.wikia.nocookie.net/majorette_model_cars/images/a/a8/Racing_Proto_%28black%29_2002.jpg/revision/latest?cb=20200818210415;210S_2.jpg
212;Pontiac Firebird (4th Generation);Pontiac;Majorette Mainline;1994;2002;light orange;1:64;Year Lists;List_of_2002_Majorette;https://static.wikia.nocookie.net/majorette_model_cars/images/1/1c/Pontiac_Fire_bird_4th_generation_%28Orange%2C_blue_interior%2C_12%29.jpg/revision/latest?cb=20200704235525;212_9.jpg
215;Chevrolet Corvette;Chevrolet;Majorette Mainline;1984;2002;turquoise;1:64;Year Lists;List_of_2002_Majorette;https://static.wikia.nocookie.net/majorette_model_cars/images/a/af/Chevrolet_Corvette_%28turquoise%2C_driver_2%29.jpg/revision/latest?cb=20200725165609;215_16.jpg
216;Mercedes-Benz A-Class Mk1;Mercedes-Benz;Majorette Mainline;1999;2002;red;1:64;Year Lists;List_of_2002_Majorette;https://static.wikia.nocookie.net/majorette_model_cars/images/c/c6/Mercedes-Benz_A-Class_Mk1_%28red%2C_NUC2%29.jpg/revision/latest?cb=20201127143819;216_14.jpg
218;Peugeot 406;Peugeot;Majorette Mainline;1997;2002;metalflake blue;1:64;Year Lists;List_of_2002_Majorette;https://static.wikia.nocookie.net/majorette_model_cars/images/3/31/Majorette_Peugeot_406_%28metalflake_blue%2C_black_side_protection_strips%29.jpg/revision/latest?cb=20200816181531;218_10.jpg
218S;Stock Car;Pontiac;Majorette Mainline;1993;2002;blue;1:64;Year Lists;List_of_2002_Majorette;https://static.wikia.nocookie.net/majorette_model_cars/images/6/6d/Stock_Car_%28blue%2C_yellow_interior%2C_white_rollcage%2C_pink_prints%29.jpg/revision/latest?cb=20200825154036;218S_2.jpg
220;Honda NSX;Honda;Majorette Mainline;1997;2002;red;1:64;Year Lists;List_of_2002_Majorette;https://static.wikia.nocookie.net/majorette_model_cars/images/6/66/Majorette_Honda_NSC_%28red%2C_blue_print%2C_26%2C_competion%2C_sport%2C_MFR_winner%29.jpg/revision/latest?cb=20200718185839;220_15.jpg
223;Chevy '57;Chevrolet;Majorette Mainline;1991;2002;Dark purple;1:64;Year Lists;List_of_2002_Majorette;https://static.wikia.nocookie.net/majorette_model_cars/images/3/31/Majorette_Chevy_57_%28dark_purple%2C_driver_2%29.jpg/revision/latest?cb=20200812162158;223_11.jpg
227;Ford Ka;Ford;Majorette Mainline;1998;2002;red;1:64;Year Lists;List_of_2002_Majorette;https://static.wikia.nocookie.net/majorette_model_cars/images/f/f4/Ford_Ka_%28red%29_2002.jpg/revision/latest?cb=20200731132715;227_14.jpg
229A;BMW 325i (E30);BMW;Majorette Mainline;1987;2002;metalic silver;1:64;Year Lists;List_of_2002_Majorette;https://static.wikia.nocookie.net/majorette_model_cars/images/b/b5/Bmw_325I_5_%28E30%29.JPG/revision/latest?cb=20251119101714;229A.jpg
232A;Mercedes CLK GTR;Mercedes-Benz;Majorette Mainline;1999;2002;dark blue;1:64;Year Lists;List_of_2002_Majorette;https://static.wikia.nocookie.net/majorette_model_cars/images/2/2f/Mercedes_CLK_GTR_%28dark_blue%2C_sport-style%2C_6S%29.jpg/revision/latest?cb=20200911164350;232A_3.jpg
235;Sport Proto;Porsche;Majorette Mainline;1997;2002;red;1:64;Year Lists;List_of_2002_Majorette;https://static.wikia.nocookie.net/majorette_model_cars/images/e/e6/Sport_Proto_%28red%2C_devil%29.jpg/revision/latest?cb=20221011203409;235_11.jpg
237B;Audi TT Convertible;Audi;Majorette Mainline;2002;2002;metallic silver;1:64;Year Lists;List_of_2002_Majorette;https://static.wikia.nocookie.net/majorette_model_cars/images/d/d2/Audi_TT_Cabriolet_%28metallic_silver%2C_red_interior%29.jpg/revision/latest?cb=20210805215258;237B.jpg
244A;BMW Z3 Coupé;BMW;Majorette Mainline;1999;2002;red;1:64;Year Lists;List_of_2002_Majorette;https://static.wikia.nocookie.net/majorette_model_cars/images/f/fd/Majorette_BMW_Z3_Coupe_%28red%2C_black_interior%2C_5S_wheels%29.jpg/revision/latest?cb=20200820110218;244A_2.jpg
244B;BMW Z8;BMW;Majorette Mainline;2001;2002;black;1:64;Year Lists;List_of_2002_Majorette;https://static.wikia.nocookie.net/majorette_model_cars/images/b/bd/BMW_Z8_%28black%29_2002.jpg/revision/latest?cb=20220424195139;244B_1.jpg
249;GMC Jimmy;GMC;Majorette Mainline;1995;2002;black;1:64;Year Lists;List_of_2002_Majorette;https://static.wikia.nocookie.net/majorette_model_cars/images/2/24/GMC_Jimmy_%28black%2C_cobra%29.jpg/revision/latest?cb=20220321163146;249_14.jpg
254A;Citroën C3 (2001);Citroën;Majorette Mainline;2002;2002;blue;1:64;Year Lists;List_of_2002_Majorette;https://static.wikia.nocookie.net/majorette_model_cars/images/1/13/Citro%C3%ABn_C3_%282002%2C_blue%2C_NUC%29.jpg/revision/latest?cb=20200710200448;254A.jpg
254B;Toyota Yaris;Toyota;Majorette Mainline;2002;2002;metallic silver;1:64;Year Lists;List_of_2002_Majorette;https://static.wikia.nocookie.net/majorette_model_cars/images/4/41/Toyota_Yaris_%28silver%2C_NUC%29.jpg/revision/latest?cb=20230604172108;254B.jpg
257D;BMW M3 Cabriolet;BMW;Majorette Mainline;2002;2002;red;1:64;Year Lists;List_of_2002_Majorette;https://static.wikia.nocookie.net/majorette_model_cars/images/3/3d/BMW_325_M3_Convertible_%28red%29.jpg/revision/latest?cb=20220517210358;257D.jpg
258A;Turbo BMW;BMW;Majorette Mainline;1976;2002;white;1:64;Year Lists;List_of_2002_Majorette;https://static.wikia.nocookie.net/majorette_model_cars/images/e/e3/Bmw_Turbo_%28white_red_blue_design_on_hood%2C_1_on_hood%2C_Red_interior%2C_clear_windows%2C_white_gull_wing_doors%29.jpg/revision/latest?cb=20200609191418;258A_1.jpg
260;Mercedes-Benz 500 SL;Mercedes-Benz;Majorette Mainline;1991;2002;burgundy;1:64;Year Lists;List_of_2002_Majorette;https://static.wikia.nocookie.net/majorette_model_cars/images/d/df/Majorette_Mercedes-Benz_500_SL_%28dark_burgundy%2C_dark_grey_interior%29.jpg/revision/latest?cb=20200725222127;260_12.jpg
262;Minibus Airport;Buses;Majorette Mainline;1979;2002;blue;1:64 / 1:87;Year Lists;List_of_2002_Majorette;https://static.wikia.nocookie.net/majorette_model_cars/images/6/69/Minibus_%28blue%2C_airport_international%2C_4_passengers%29.jpg/revision/latest?cb=20210525173112;262_14.jpg
265;Renault J Container;Renault;Majorette Mainline;1987;2002;dark purple;1:64;Year Lists;List_of_2002_Majorette;https://static.wikia.nocookie.net/majorette_model_cars/images/2/2a/Renault_J_Container_%28blue%2C_red_container%29.jpg/revision/latest?cb=20201122124028;265_10.jpg
269;Porsche Boxster;Porsche;Majorette Mainline;1996;2002;dark blue;1:64;Year Lists;List_of_2002_Majorette;https://static.wikia.nocookie.net/majorette_model_cars/images/0/0c/Majorette_Porsche_Boxster_%28blue%2C_5%2C_master%2C_speed%2C_sport%2C_yellow_interior%29.jpg/revision/latest?cb=20200902215309;269_10.jpg
272;Renault Espace;Renault;Majorette Mainline;1997;2002;blue;1:64;Year Lists;List_of_2002_Majorette;https://static.wikia.nocookie.net/majorette_model_cars/images/0/0b/Renault_Espace_%28blue%29.jpg/revision/latest?cb=20210407144610;272_8.jpg
274;Benne Carrière;Generic;Majorette Mainline;1982;2002;orange;1:64;Year Lists;List_of_2002_Majorette;https://static.wikia.nocookie.net/majorette_model_cars/images/6/64/Majorette_Benne_Carriere_%28orange%2C_OR4HC%29.jpg/revision/latest?cb=20200717111809;274_5.jpg
280;GT Proto;Ferrari;Majorette Mainline;2000;2002;dark purple;1:64;Year Lists;List_of_2002_Majorette;https://static.wikia.nocookie.net/majorette_model_cars/images/d/dc/GT_Proto_%28monsters%29.jpg/revision/latest?cb=20210210084036;280_7.jpg
282.01;F1 (2002);Formula 1;Majorette Mainline;2002;2002;red;1:64;Year Lists;List_of_2002_Majorette;https://static.wikia.nocookie.net/majorette_model_cars/images/7/7f/F1_red.jpg/revision/latest?cb=20230525202248;282.01.jpg
282.02;F1 (2002);Formula 1;Majorette Mainline;2002;2002;yellow;1:64;Year Lists;List_of_2002_Majorette;https://static.wikia.nocookie.net/majorette_model_cars/images/d/d6/F1.jpg/revision/latest?cb=20201101173512;282.02.jpg
282.03;F1 (2002);Formula 1;Majorette Mainline;2002;2002;green;1:64;Year Lists;List_of_2002_Majorette;https://static.wikia.nocookie.net/majorette_model_cars/images/e/e3/F1_%282002%29_%28green%29.jpg/revision/latest?cb=20201101173905;282.03.jpg
282.04;F1 (2002);Formula 1;Majorette Mainline;2002;2002;silver;1:64;Year Lists;List_of_2002_Majorette;https://static.wikia.nocookie.net/majorette_model_cars/images/b/b2/Majorette_F1_%282002%29_%28silver%29.jpg/revision/latest?cb=20230521110102;282.04.jpg
282.05;F1 (2002);Formula 1;Majorette Mainline;2002;2002;dark Blue;1:64;Year Lists;List_of_2002_Majorette;https://static.wikia.nocookie.net/majorette_model_cars/images/3/38/F1_blue.jpg/revision/latest?cb=20201101174655;282.05.jpg
282.80;"Formula ""Indy""";Formula 1;Majorette Mainline;1999;2002;green;1:64;Year Lists;List_of_2002_Majorette;https://static.wikia.nocookie.net/majorette_model_cars/images/3/38/Formula_Indy_%28green%29.jpg/revision/latest?cb=20201101194259;282.80.jpg
282.81;"Formula ""Indy""";Formula 1;Majorette Mainline;1999;2002;light blue;1:64;Year Lists;List_of_2002_Majorette;https://static.wikia.nocookie.net/majorette_model_cars/images/f/f8/Formula_Indy_%28light_blue%29.jpg/revision/latest?cb=20201101194206;282.81.jpg
288;Renault Kangoo;Renault;Majorette Mainline;1998;2002;orange;1:64;Year Lists;List_of_2002_Majorette;https://static.wikia.nocookie.net/majorette_model_cars/images/0/0f/Majorette_Renault_Kangoo_%28orange%2C_prnit_on_sides_and_hood%2C_hey%2C_NUC_wheels%29.jpg/revision/latest?cb=20200717173911;288_1.jpg
291;Chevrolet Blazer 4x4;Chevrolet;Majorette Mainline;1984;2002;dark blue;1:64;Year Lists;List_of_2002_Majorette;https://static.wikia.nocookie.net/majorette_model_cars/images/6/64/Majorette_Chevrolet_Blazer_4x4_%28dark_blue%2C_star_and_stripes%2C_statue_of_liberty%29.jpg/revision/latest?cb=20201125153544;291_7.jpg
292A;Mitsubishi Pajero;Mitsubishi;Majorette Mainline;2001;2002;navy blue;1:64;Year Lists;List_of_2002_Majorette;https://static.wikia.nocookie.net/majorette_model_cars/images/2/2a/Mitsubishi_Pajero_%282002%29.jpg/revision/latest?cb=20200911220804;292A_1.jpg
299A;Kart;Majorette;Majorette Mainline;2002;2002;yellow;1:64;Year Lists;List_of_2002_Majorette;https://static.wikia.nocookie.net/majorette_model_cars/images/3/3b/Majorette_Kart_%28yellow%29.jpg/revision/latest?cb=20201124161616;299A.jpg
315;Ford Transit Tug;Ford;Majorette Mainline;1999;2002;;1:64;Year Lists;List_of_2002_Majorette;https://static.wikia.nocookie.net/majorette_model_cars/images/4/48/Ford_transit_tug_%2B_trailer_%28Extractor%2C_6S%29.jpg/revision/latest?cb=20220120215227;315_1.jpg
335D;Toyota RAV 4;Toyota;Majorette Mainline;2002;2002;;1:64;Year Lists;List_of_2002_Majorette;https://static.wikia.nocookie.net/majorette_model_cars/images/e/e0/Toyota_RAV_4_%2B_Mini_Go_Kart_Trailer_%28red%2C_5FS%29_2002.jpg/revision/latest?cb=20211025220832;335D.jpg
340;Volvo F16 Semi Container;Volvo;Majorette Mainline;1993;2002;;1:64;Year Lists;List_of_2002_Majorette;https://static.wikia.nocookie.net/majorette_model_cars/images/e/e3/Volvo_Semi_Container_%28F1_racer%29_2002.jpg/revision/latest?cb=20220223174531;340_3.jpg
355;Volvo F16 Semi Oil Tanker;Volvo;Majorette Mainline;1990;2002;;1:64;Year Lists;List_of_2002_Majorette;https://static.wikia.nocookie.net/majorette_model_cars/images/d/d9/Volvo_Semi_Oil_Tanker_%28extractor%2C_NUC2%29.jpg/revision/latest?cb=20210524124924;355_5.jpg
362;Land Rover 90 Raid;Land Rover;Majorette Mainline;1987;2002;;1:64;Year Lists;List_of_2002_Majorette;https://static.wikia.nocookie.net/majorette_model_cars/images/c/cb/Land_Rover_90_%2B_Radar_Trailer_%28black%2C_alien_mission%29.jpg/revision/latest?cb=20210219175157;362_5.jpg
379;GMC Brigadier Semi Powder Transporter;GMC;Majorette Mainline;1997;2002;;1:64;Year Lists;List_of_2002_Majorette;https://static.wikia.nocookie.net/majorette_model_cars/images/0/06/GMC_Brigadier_Semi_powder_transporter_%28yellow%29.jpg/revision/latest?cb=20210910150123;379_3.jpg
382;Land Rover 90 Raid;Land Rover;Majorette Mainline;1997;2002;;1:64;Year Lists;List_of_2002_Majorette;https://static.wikia.nocookie.net/majorette_model_cars/images/f/f2/Land_Rover_90_%2B_black_Compressor_%28orange%2C_eXtractor%2C_5DOT%29%29.jpg/revision/latest?cb=20210219174539;382_6.jpg
387A;Renault Kangoo;Renault;Majorette Mainline;2002;2002;;1:64;Year Lists;List_of_2002_Majorette;https://static.wikia.nocookie.net/majorette_model_cars/images/0/08/Renault_Kangoo_%2B_Canoe_Trailer_%28NUC2%29.jpg/revision/latest?cb=20210806161431;387A.jpg
206A;Peugeot 206 cc;Peugeot;Majorette Mainline;2003;2003;gray;1:64;Year Lists;List_of_2003_Majorette;https://static.wikia.nocookie.net/majorette_model_cars/images/4/47/Peugeot_206_cc_%28gray%29_2003.jpg/revision/latest?cb=20240429135727;206A.jpg
209;Porsche Turbo;Porsche;Majorette Mainline;1983;2003;Metalflake blue;1:64;Year Lists;List_of_2003_Majorette;https://static.wikia.nocookie.net/majorette_model_cars/images/a/ae/Majorette_Porsche_Turbo_%28metalflake_blue%29.jpg/revision/latest?cb=20200719141108;209_8.jpg
209A.40;Porsche 996;Porsche;Majorette Mainline;1999;2003;blue;1:64;Year Lists;List_of_2003_Majorette;https://static.wikia.nocookie.net/majorette_model_cars/images/4/4f/Porsche_996_%28blue%2C_pullback%29_2003.jpg/revision/latest?cb=20200912203200;209A.40_1.jpg
213S.00;Roadster (Viper);Dodge;Majorette Mainline;1994;2003;red;1:64;Year Lists;List_of_2003_Majorette;https://static.wikia.nocookie.net/majorette_model_cars/images/2/26/Roadster_%28red%2C_light_blue_interior%2C_ELO%29.jpg/revision/latest?cb=20200813175045;213S.00.jpg
214A;Nissan Micra;Nissan;Majorette Mainline;2003;2003;black;1:64;Year Lists;List_of_2003_Majorette;https://static.wikia.nocookie.net/majorette_model_cars/images/d/de/Nissan_Micra_%28red%2C_NUC2%29.jpg/revision/latest?cb=20220320204140;214A.jpg
215;Chevrolet Corvette;Chevrolet;Majorette Mainline;1984;2003;yellow;1:64;Year Lists;List_of_2003_Majorette;https://static.wikia.nocookie.net/majorette_model_cars/images/2/23/Chevrolet_Corvette_%28yellow%2C_black%2C_2003%29.jpg/revision/latest?cb=20230831131936;215_17.jpg
221S;Ford Mondeo Police;Ford;Majorette Mainline;1994;2003;black;1:64;Year Lists;List_of_2003_Majorette;https://static.wikia.nocookie.net/majorette_model_cars/images/2/2a/Ford_Mondeo_%28black%2C_police%2C_5ST%29.jpg/revision/latest?cb=20230903204830;221S_1.jpg
223;Chevy '57;Chevrolet;Majorette Mainline;1991;2003;Metallic dark purple;1:64;Year Lists;List_of_2003_Majorette;https://static.wikia.nocookie.net/majorette_model_cars/images/4/4e/Majorette_chevy_%28blue%29.jpg/revision/latest?cb=20200531204458;223_12.jpg
227;Ford Ka;Ford;Majorette Mainline;1998;2003;metallic orange;1:64;Year Lists;List_of_2003_Majorette;https://static.wikia.nocookie.net/majorette_model_cars/images/2/27/Majorette_Ford_Ka_%28orange%2C_8DOT_wheels%29.jpg/revision/latest?cb=20200731124954;227_15.jpg
229;Aston Martin DB7;Aston Martin;Majorette Mainline;1994;2003;metalflake blue;1:64;Year Lists;List_of_2003_Majorette;https://static.wikia.nocookie.net/majorette_model_cars/images/f/f9/Majorette_Aston_Martin_DB7_%28blue%2C_insector%2C_monsters_serie%29.jpg/revision/latest?cb=20201201141319;229_14.jpg
230;Toyota RAV 4;Toyota;Majorette Mainline;1999;2003;red;1:64;Year Lists;List_of_2003_Majorette;https://static.wikia.nocookie.net/majorette_model_cars/images/e/ea/Majorette_Toyota_Rav4_%28red%2C_coast_guard%2C_yellow_stripe_%26_rear_bumper%29.jpg/revision/latest?cb=20200531155241;230_11.jpg
257;BMW 325i (E36);BMW;Majorette Mainline;1993;2003;black;1:64;Year Lists;List_of_2003_Majorette;https://static.wikia.nocookie.net/majorette_model_cars/images/1/1b/Majorette_BMW_325i_%28E36%29_%28black%29.jpg/revision/latest?cb=20200830213752;257_17.jpg
259;Fourgon (Glacier);Ford;Majorette Mainline;1982;2003;brown;1:64;Year Lists;List_of_2003_Majorette;https://static.wikia.nocookie.net/majorette_model_cars/images/2/2a/Fourgon_%28Glacier%29_%28yellow%2C_2003%29.jpg/revision/latest?cb=20220515143503;259_7.jpg
260;Mercedes-Benz 500 SL;Mercedes-Benz;Majorette Mainline;1991;2003;red;1:64;Year Lists;List_of_2003_Majorette;https://static.wikia.nocookie.net/majorette_model_cars/images/e/e4/Mercedes-Benz_500_SL_%28red%2C_Vampire%29_2003.jpg/revision/latest?cb=20200725231756;260_13.jpg
290;Ford Thunderbird '57;Ford;Majorette Mainline;1999;2003;metallic dark blue;1:64;Year Lists;List_of_2003_Majorette;https://static.wikia.nocookie.net/majorette_model_cars/images/3/31/Ford_Thunderbird_57_%28dark_blue%2C_fishing_print%29_2004.jpg/revision/latest?cb=20200724172729;290_6.jpg
292;Toyota Pick-Up (Hilux);Toyota;Majorette Mainline;1982;2003;black;1:64;Year Lists;List_of_2003_Majorette;https://static.wikia.nocookie.net/majorette_model_cars/images/7/7a/Majorette_Toyota_Pick-Up_Hilux_%28black%2C_red_%26_yellow_tribal_artwork%2C_5DOTS_wheels%29.jpg/revision/latest?cb=20200730204213;292_8.jpg
292A;Mitsubishi Pajero;Mitsubishi;Majorette Mainline;2001;2003;red;1:64;Year Lists;List_of_2003_Majorette;https://static.wikia.nocookie.net/majorette_model_cars/images/0/0a/Mitsubishi_Pajero_%28red%29_2001.jpg/revision/latest?cb=20200911215637;292A.jpg
296;El Camino SS;Chevrolet;Majorette Mainline;1988;2003;red;1:64;Year Lists;List_of_2003_Majorette;https://static.wikia.nocookie.net/majorette_model_cars/images/3/3b/Majorette_El_Camino_SS_%28red%2C_sombrero%29.jpg/revision/latest?cb=20200718225655;296_9.jpg
343A;Toyota RAV 4;Toyota;Majorette Mainline;2003;2003;;1:64;Year Lists;List_of_2003_Majorette;https://static.wikia.nocookie.net/majorette_model_cars/images/2/26/Toyota_Rav_%2B_inflatable_boat_trailer_%28red%29_2003.jpg/revision/latest?cb=20211025194750;343A.jpg
201A;Ford Focus WRC;Ford;Majorette Mainline;2004;2004;white;1:64;Year Lists;List_of_2004_Majorette;https://static.wikia.nocookie.net/majorette_model_cars/images/8/8a/Ford_Focus_WRC_%28white%2C_nr4_castrol%2C_michelin%29.jpg/revision/latest?cb=20200710192802;201A.jpg
204;Gran Turismo;Ferrari;Majorette Mainline;2000;2004;yellow;1:64;Year Lists;List_of_2004_Majorette;https://static.wikia.nocookie.net/majorette_model_cars/images/a/a0/Gran_Turismo_%28yellow%29_2004.jpg/revision/latest?cb=20220326123524;204_10.jpg
205;Peugeot 206;Peugeot;Majorette Mainline;1999;2004;light blue;1:64;Year Lists;List_of_2004_Majorette;https://static.wikia.nocookie.net/majorette_model_cars/images/1/14/Peugeot_206_%28light_blue%29.jpg/revision/latest?cb=20220425125806;205_13.jpg
205B;Peugeot 206 WRC;Peugeot;Majorette Mainline;2004;2004;metallic silver;1:64;Year Lists;List_of_2004_Majorette;https://static.wikia.nocookie.net/majorette_model_cars/images/3/36/Peugeot_206_WRC_Great_Britain_2003.jpg/revision/latest?cb=20200906193905;205B.jpg
205D;Peugeot 307 WRC;Peugeot;Majorette Mainline;2004;2004;red;1:64;Year Lists;List_of_2004_Majorette;https://static.wikia.nocookie.net/majorette_model_cars/images/9/99/Peugeot_307_WRC_%28red%29_2004.jpg/revision/latest?cb=20210718183214;205D.jpg
206A;Peugeot 206 cc;Peugeot;Majorette Mainline;2003;2004;lime green;1:64;Year Lists;List_of_2004_Majorette;https://static.wikia.nocookie.net/majorette_model_cars/images/1/10/Peugeot_206_cc_%28lime_green%29_2004.jpg/revision/latest?cb=20220702135337;206A_1.jpg
209A.04;Porsche 996;Porsche;Majorette Mainline;1999;2004;blue / silver;1:64;Year Lists;List_of_2004_Majorette;https://static.wikia.nocookie.net/majorette_model_cars/images/5/53/Porsche_996_%28blue%2C_silver%2C_champions%29_2004.jpg/revision/latest?cb=20200912205757;209A.04.jpg
209A.05;Porsche 996;Porsche;Majorette Mainline;1999;2004;white;1:64;Year Lists;List_of_2004_Majorette;https://static.wikia.nocookie.net/majorette_model_cars/images/6/65/Porsche_996_%28white%2C_GT2%2C_champions%29_2004.jpg/revision/latest?cb=20200912205635;209A.05.jpg
209A.07;Porsche 996;Porsche;Majorette Mainline;1999;2004;white;1:64;Year Lists;List_of_2004_Majorette;https://static.wikia.nocookie.net/majorette_model_cars/images/e/e5/Porsche_996_%28white%2C_80%2C_champions%29_2004.jpg/revision/latest?cb=20200912205412;209A.07.jpg
210S;Racing Proto;Ferrari;Majorette Mainline;2000;2004;yellow;1:64;Year Lists;List_of_2004_Majorette;https://static.wikia.nocookie.net/majorette_model_cars/images/8/80/Majorette_Racing_Proto_%28metalflake_yellow%2C_victory_15_hurricane%2C_5S_wheels%29.jpg/revision/latest?cb=20240504111428;210S_3.jpg
211;GT Racing;Ferrari;Majorette Mainline;2000;2004;white;1:64;Year Lists;List_of_2004_Majorette;https://static.wikia.nocookie.net/majorette_model_cars/images/0/08/GT_Racing_%28white%29.jpg/revision/latest?cb=20200823192945;211_9.jpg
213S.01;Roadster (Dodge Viper);Dodge;Majorette Mainline;1994;2004;light gray;1:64;Year Lists;List_of_2004_Majorette;https://static.wikia.nocookie.net/majorette_model_cars/images/0/0a/Roadster_%28gray%2C_ELO%29.jpg/revision/latest?cb=20210922102611;213S.01_1.jpg
216S;Sports Car;Ferrari;Majorette Mainline;2000;2004;red;1:64;Year Lists;List_of_2004_Majorette;https://static.wikia.nocookie.net/majorette_model_cars/images/1/13/Sports_Car_%28red%29.jpg/revision/latest?cb=20200823215520;216S_3.jpg
218;Peugeot 406;Peugeot;Majorette Mainline;1997;2004;red;1:64;Year Lists;List_of_2004_Majorette;https://static.wikia.nocookie.net/majorette_model_cars/images/f/f3/Peugeot_406_%28red%2C_5ST%29.jpg/revision/latest?cb=20200816183843;218_11.jpg
220;Honda NSX;Honda;Majorette Mainline;1997;2004;dark blue;1:64;Year Lists;List_of_2004_Majorette;https://static.wikia.nocookie.net/majorette_model_cars/images/3/35/Honda_NSX_%28dark_blue%2C_red_print%2C_competition_sport%2C_MFR%2C_26%29_2004.jpg/revision/latest?cb=20200718201151;220_16.jpg
221A;Renault Scenic I;Renault;Majorette Mainline;2000;2004;red;1:64;Year Lists;List_of_2004_Majorette;https://static.wikia.nocookie.net/majorette_model_cars/images/0/01/RENAULT-SCENIC-II-Rouge-RTL-MAJORETTE.jpeg/revision/latest?cb=20201118172328;221A_1.jpg
221C;Renault Megane II;Renault;Majorette Mainline;2004;2004;silver gray;1:64;Year Lists;List_of_2004_Majorette;https://static.wikia.nocookie.net/majorette_model_cars/images/2/22/Renault_Megane_II_%28gray%2C_6S%29.jpg/revision/latest?cb=20220529121211;221C.jpg
221D;Renault Scenic II;Renault;Majorette Mainline;2004;2004;red;1:64;Year Lists;List_of_2004_Majorette;https://static.wikia.nocookie.net/majorette_model_cars/images/6/69/Renault_Scenic_II_%28red%2C_6S_wheels%29_2004.jpg/revision/latest?cb=20200926163227;221D.jpg
227;Ford Ka;Ford;Majorette Mainline;1998;2004;metallic blue;1:64;Year Lists;List_of_2004_Majorette;https://static.wikia.nocookie.net/majorette_model_cars/images/d/df/Ford_Ka_%28metallic_blue%29.jpg/revision/latest?cb=20200731131426;227_16.jpg
230;Toyota RAV 4;Toyota;Majorette Mainline;1999;2004;black;1:64;Year Lists;List_of_2004_Majorette;https://static.wikia.nocookie.net/majorette_model_cars/images/2/2d/Toyota_Rav4_%28police%2C_5DOTS%29.jpg/revision/latest?cb=20200708205510;230_12.jpg
235;Sport Proto;Porsche;Majorette Mainline;1997;2004;white;1:64;Year Lists;List_of_2004_Majorette;https://static.wikia.nocookie.net/majorette_model_cars/images/d/dc/Sport_Proto_%28white%2C_36%29_2004.jpg/revision/latest?cb=20221011204221;235_12.jpg
238A;Dodge Concept Car;Dodge;Majorette Mainline;1999;2004;white;1:64;Year Lists;List_of_2004_Majorette;https://static.wikia.nocookie.net/majorette_model_cars/images/4/4f/Majorette_Dodge_Concept_Car_%28pearl_white%2C_bolid_19_racer%29.jpg/revision/latest?cb=20200721102854;238A_2.jpg
245;Ford Cargo Tanker;Ford;Majorette Mainline;1984;2004;white;1:64;Year Lists;List_of_2004_Majorette;https://static.wikia.nocookie.net/majorette_model_cars/images/a/a0/Ford_cargo_tanker_%28white%2C_total%2C_2004%29.jpg/revision/latest?cb=20201121161613;245_12.jpg
254B;Toyota Yaris;Toyota;Majorette Mainline;2002;2004;metallic orange;1:64;Year Lists;List_of_2004_Majorette;https://static.wikia.nocookie.net/majorette_model_cars/images/8/8c/Toyota_Yaris_%28metallic_orange%2C_NUC2%29.jpg/revision/latest?cb=20230604173428;254B_1.jpg
254C;Citroën C3 Pluriel;Citroën;Majorette Mainline;2004;2004;orange;1:64;Year Lists;List_of_2004_Majorette;https://static.wikia.nocookie.net/majorette_model_cars/images/9/9b/Citro%C3%ABn_C3_Pluriel_%28orange%29.jpg/revision/latest?cb=20210214143134;254C.jpg
256;Mack Towing Truck;Mack;Majorette Mainline;1990;2004;orange;1:64 / 1:87;Year Lists;List_of_2004_Majorette;https://static.wikia.nocookie.net/majorette_model_cars/images/e/e8/Mack_Towing_Truck_2004.jpg/revision/latest?cb=20210521210739;256_7.jpg
264A;Volkswagen Golf GTI (Mk IV);Volkswagen;Majorette Mainline;1999;2004;metallic green;1:64;Year Lists;List_of_2004_Majorette;https://static.wikia.nocookie.net/majorette_model_cars/images/6/60/Volkswagen_Golf_GTI_%28Mk_IV%29_%28green%2C_5SP%29_2004.jpg/revision/latest?cb=20200824175908;264A_2.jpg
275A;Subaru Impreza WRC (Racing Version);Subaru;Majorette Mainline;2004;2004;blue;1:64;Year Lists;List_of_2004_Majorette;https://static.wikia.nocookie.net/majorette_model_cars/images/0/08/Subaru_Impreza_WRC_%28blue%2C_6S%29.jpg/revision/latest?cb=20200805132830;275A.jpg
276;Toyota Runner;Toyota;Majorette Mainline;1994;2004;blue;1:64;Year Lists;List_of_2004_Majorette;https://static.wikia.nocookie.net/majorette_model_cars/images/7/70/Majorette_Toyota_Runner_%28metalflake_blue%2C_tk_2_strom_flowmaster%2C_5FS_wheels%29.jpg/revision/latest?cb=20201117185321;276_3.jpg
292;Toyota Pick-Up (Hilux);Toyota;Majorette Mainline;1982;2004;orange;1:64;Year Lists;List_of_2004_Majorette;https://static.wikia.nocookie.net/majorette_model_cars/images/f/f7/Toyota_Pick-Up_%28orange%2C_eXtractor%29.jpg/revision/latest?cb=20200730231356;292_9.jpg
292A;Mitsubishi Pajero;Mitsubishi;Majorette Mainline;2001;2004;red;1:64;Year Lists;List_of_2004_Majorette;https://static.wikia.nocookie.net/majorette_model_cars/images/b/bb/Majorette_Mitsubishi_Pajero_%28red%2C_205_metabo%2C_detailed_headlights%29.jpg/revision/latest?cb=20200911222953;292A_2.jpg
294A;Volvo XC90;Volvo;Majorette Mainline;2004;2004;black;1:64;Year Lists;List_of_2004_Majorette;https://static.wikia.nocookie.net/majorette_model_cars/images/1/14/Volvo_XC90_%28black%2C_6S%29.jpg/revision/latest?cb=20210807122258;294A.jpg
296;El Camino SS;Chevrolet;Majorette Mainline;1988;2004;purple;1:64;Year Lists;List_of_2004_Majorette;https://static.wikia.nocookie.net/majorette_model_cars/images/6/63/Majorette_El_Camino_SS_purple%2C_white_deco_on_front%29.jpg/revision/latest?cb=20200718230726;296_10.jpg
311C;Volvo XC90;Volvo;Majorette Mainline;2004;2004;;1:64;Year Lists;List_of_2004_Majorette;https://static.wikia.nocookie.net/majorette_model_cars/images/4/42/Volvo_XC90_%2B_Horse_Trailer_%28black%29_2004.jpg/revision/latest?cb=20210807133039;311C.jpg
313;Camping Car Deluxe;Majorette;Majorette Mainline;1992;2004;;1:64;Year Lists;List_of_2004_Majorette;https://static.wikia.nocookie.net/majorette_model_cars/images/f/fa/Camping_Car_Deluxe_%28red_%26_yellow%2C_pinder%2C_D5S%29.jpg/revision/latest?cb=20220703121234;313_3.jpg
327;Ford Cargo Tanker;Ford;Majorette Mainline;1985;2004;;1:64;Year Lists;List_of_2004_Majorette;https://static.wikia.nocookie.net/majorette_model_cars/images/8/8f/Ford_Cargo_Tanker_%2B_Trailer_%28white%2C_total%29.jpg/revision/latest?cb=20210409154426;327_6.jpg
335F;Renault Megane II;Renault;Majorette Mainline;2004;2004;;1:64;Year Lists;List_of_2004_Majorette;https://static.wikia.nocookie.net/majorette_model_cars/images/4/4c/Renault_Megane_II_%2B_MOTO_%28silver%29_2004.jpg/revision/latest?cb=20210926155402;335F.jpg
340;Volvo F16 Semi Container;Volvo;Majorette Mainline;1993;2004;;1:64;Year Lists;List_of_2004_Majorette;https://static.wikia.nocookie.net/majorette_model_cars/images/5/51/Volvo_Semi_Container_%28DHL%2C_NUC2%29_2004.jpg/revision/latest?cb=20220223183358;340_4.jpg
343A;Toyota RAV 4;Toyota;Majorette Mainline;2003;2004;;1:64;Year Lists;List_of_2004_Majorette;https://static.wikia.nocookie.net/majorette_model_cars/images/4/4c/Toyota_RAV_4_%2B_Inflatable_Boat_Trailer_%28black%2C_police%29_2004.jpg/revision/latest?cb=20211025201003;343A_1.jpg
355;Volvo F16 Semi Oil Tanker;Volvo;Majorette Mainline;1990;2004;;1:64;Year Lists;List_of_2004_Majorette;https://static.wikia.nocookie.net/majorette_model_cars/images/c/c3/Volvo_Semi_Oil_Tanker_%28Total%29_2004.jpg/revision/latest?cb=20210524130557;355_6.jpg
362;Land Rover 90 Raid;Land Rover;Majorette Mainline;1987;2004;;1:64;Year Lists;List_of_2004_Majorette;https://static.wikia.nocookie.net/majorette_model_cars/images/e/e1/Land_Rover_90_%2B_Radar_Trailer_%28black%2C_starcontrol%2C_5DOT%29c.jpg/revision/latest?cb=20210219191623;362_6.jpg
373;Neoplan Autocar Jetliner;Majorette;Majorette Mainline;1977;2004;;1:64;Year Lists;List_of_2004_Majorette;https://static.wikia.nocookie.net/majorette_model_cars/images/d/dc/Neoplan_Autocar_Jetliner_%28red%2C_Soccer_team%2C_8DOTR%29.jpg/revision/latest?cb=20210610201849;373_12.jpg
379;GMC Brigadier Semi Powder Transporter;GMC;Majorette Mainline;1997;2004;;1:64;Year Lists;List_of_2004_Majorette;https://static.wikia.nocookie.net/majorette_model_cars/images/2/27/GMC_Brigadier_Semi_powder_transporter_%28yellow%29_2004.jpg/revision/latest?cb=20210910152049;379_4.jpg
387A;Renault Kangoo;Renault;Majorette Mainline;2002;2004;;1:64;Year Lists;List_of_2004_Majorette;https://static.wikia.nocookie.net/majorette_model_cars/images/d/d4/Renault_Kangoo_%2B_Canoe_Trailer_%285CS%29.jpg/revision/latest?cb=20210806161406;387A_1.jpg
205;Peugeot 206;Peugeot;Majorette Mainline;1999;2005;blue;1:64;Year Lists;List_of_2005_Majorette;https://static.wikia.nocookie.net/majorette_model_cars/images/1/1d/Peugeot_206_%28blue%29.jpg/revision/latest?cb=20220425130014;205_14.jpg
205E;Peugeot 407;Peugeot;Majorette Mainline;2005;2005;blue;1:64;Year Lists;List_of_2005_Majorette;https://static.wikia.nocookie.net/majorette_model_cars/images/5/5d/Peugeot_407_%28blue%2C_5SW%29.jpg/revision/latest?cb=20200704214155;205E.jpg
206;Renault Twingo Mk1;Renault;Majorette Mainline;1995;2005;blue;1:64;Year Lists;List_of_2005_Majorette;https://static.wikia.nocookie.net/majorette_model_cars/images/d/df/Renault_Twingo_Mk1_%28blue%2C_black_interior%2C_8DOT%29_2005.jpg/revision/latest?cb=20200808142243;206_14.jpg
206A;Peugeot 206 cc;Peugeot;Majorette Mainline;2003;2005;red;1:64;Year Lists;List_of_2005_Majorette;https://static.wikia.nocookie.net/majorette_model_cars/images/0/03/Peugeot_206_cc_%28red%29_2005.jpg/revision/latest?cb=20220702140359;206A_2.jpg
213S.01;Roadster (Viper);Dodge;Majorette Mainline;1994;2005;blue;1:64;Year Lists;List_of_2005_Majorette;https://static.wikia.nocookie.net/majorette_model_cars/images/5/5c/Roadster_%28blue%2Cprints%2C_ELO%29.jpg/revision/latest?cb=20200813180336;213S.01_2.jpg
214A;Nissan Micra;Nissan;Majorette Mainline;2003;2005;black;1:64;Year Lists;List_of_2005_Majorette;https://static.wikia.nocookie.net/majorette_model_cars/images/2/2c/Nissan_Micra_%28black%2C_NUC2%29.jpg/revision/latest?cb=20210805224219;214A_1.jpg
214B;Nissan Murano;Nissan;Majorette Mainline;2005;2005;orange;1:64;Year Lists;List_of_2005_Majorette;https://static.wikia.nocookie.net/majorette_model_cars/images/9/9a/Nissan_Murano_%28orange%2C_5FS%29.jpg/revision/latest?cb=20210806104916;214B.jpg
216;Mercedes-Benz A-Class Mk1;Mercedes-Benz;Majorette Mainline;1999;2005;black;1:64;Year Lists;List_of_2005_Majorette;https://static.wikia.nocookie.net/majorette_model_cars/images/d/dc/Mercedes-Benz_A-Class_Mk1_%28black_%2C_8DOT%29.jpg/revision/latest?cb=20201127152731;216_15.jpg
220;Honda NSX;Honda;Majorette Mainline;1997;2005;black;1:64;Year Lists;List_of_2005_Majorette;https://static.wikia.nocookie.net/majorette_model_cars/images/8/89/Honda_NSX_%28very_dark_teal%2C_red_print%2C_competition_sport%2C_MFR%2C_26%29_2005.jpg/revision/latest?cb=20200718201356;220_17.jpg
221C;Renault Megane II;Renault;Majorette Mainline;2004;2005;orange;1:64;Year Lists;List_of_2005_Majorette;https://static.wikia.nocookie.net/majorette_model_cars/images/8/83/Renault_Megane_%28orange%2C_6S%29.jpg/revision/latest?cb=20201118203408;221C_1.jpg
227;Ford Ka;Ford;Majorette Mainline;1998;2005;blue;1:64;Year Lists;List_of_2005_Majorette;https://static.wikia.nocookie.net/majorette_model_cars/images/d/df/Ford_Ka_%28metallic_blue%29.jpg/revision/latest?cb=20200731131426;227_16.jpg
229b;Aston Martin DB9;Aston Martin;Majorette Mainline;2005;2005;Anthracite;1:64;Year Lists;List_of_2005_Majorette;https://static.wikia.nocookie.net/majorette_model_cars/images/2/21/DB9_dark_grey.JPG/revision/latest?cb=20250816100026;229b.jpg
232A;Mercedes CLK GTR;Mercedes-Benz;Majorette Mainline;1999;2005;yellow;1:64;Year Lists;List_of_2005_Majorette;https://static.wikia.nocookie.net/majorette_model_cars/images/3/35/Mercedes_CLK_GTR_%28yellow%2C_motor_car%29_2003.jpg/revision/latest?cb=20200911174248;232A_4.jpg
232B;Mercedes-Benz SLK;Mercedes-Benz;Majorette Mainline;2005;2005;metallic silver;1:64;Year Lists;List_of_2005_Majorette;https://static.wikia.nocookie.net/majorette_model_cars/images/e/e1/Majorette_Mercedes-Benz_SLK_%28metalflake_silver%2C_5CS_wheels%29.jpg/revision/latest?cb=20220806105351;232B.jpg
237A;Audi TT;Audi;Majorette Mainline;1999;2005;dark blue;1:64;Year Lists;List_of_2005_Majorette;https://static.wikia.nocookie.net/majorette_model_cars/images/3/39/Audi_TT_%28dark_blue%2C_5DOT%29.jpg/revision/latest?cb=20201103215607;237A_3.jpg
244A;BMW Z3 Coupé;BMW;Majorette Mainline;1999;2005;silver;1:64;Year Lists;List_of_2005_Majorette;https://static.wikia.nocookie.net/majorette_model_cars/images/4/4f/BMW_Z3_Coup%C3%A9_%28silver%2C_5S%29.jpg/revision/latest?cb=20200716163204;244A_3.jpg
245 / 327;Ford Cargo Tanker;Ford;Majorette Mainline;1984;2005;white;1:64;Year Lists;List_of_2005_Majorette;https://static.wikia.nocookie.net/majorette_model_cars/images/e/eb/Majorette_Ford_Cargo_Tanker_%28white%2C_total%2C_D5S_wheels%29.jpg/revision/latest?cb=20210409155350;245_-_327_2.jpg
246A;Range Stormer Concept Car;Land Rover;Majorette Mainline;2005;2005;orange;1:64;Year Lists;List_of_2005_Majorette;https://static.wikia.nocookie.net/majorette_model_cars/images/8/8d/Majorette_Range_Stormer_Concept_Car_%28orange%2C_5DOT_wheels%29.jpg/revision/latest?cb=20200925222742;246A.jpg
249;GMC Jimmy;GMC;Majorette Mainline;1995;2005;yellow;1:64;Year Lists;List_of_2005_Majorette;https://static.wikia.nocookie.net/majorette_model_cars/images/a/a8/Majorette_GMC_Jimmy_%28dark_yellow%2C_le_cirque_pinder%29.jpg/revision/latest?cb=20220321150308;249_15.jpg
254A;Citroën C3 (2001);Citroën;Majorette Mainline;2002;2005;orange;1:64;Year Lists;List_of_2005_Majorette;https://static.wikia.nocookie.net/majorette_model_cars/images/f/fb/Citro%C3%ABn_C3_%282003%2C_orange%2C_NUC%29.jpg/revision/latest?cb=20220322185109;254A_1.jpg
254B;Toyota Yaris;Toyota;Majorette Mainline;2002;2005;metallic blue;1:64;Year Lists;List_of_2005_Majorette;https://static.wikia.nocookie.net/majorette_model_cars/images/2/26/Toyota_Yaris_%28metallic_blue%2C_NUC2%29.jpg/revision/latest?cb=20230604174246;254B_2.jpg
254C;Citroën C3 Pluriel;Citroën;Majorette Mainline;2004;2005;lime green;1:64;Year Lists;List_of_2005_Majorette;https://static.wikia.nocookie.net/majorette_model_cars/images/2/26/Citro%C3%ABn_C3_Pluriel_%28fluo_green%2C_NUC2%29_2005.jpg/revision/latest?cb=20210214143728;254C_1.jpg
254F;Citroën C4 Coupé;Citroën;Majorette Mainline;2005;2005;red;1:64;Year Lists;List_of_2005_Majorette;https://static.wikia.nocookie.net/majorette_model_cars/images/9/91/Citro%C3%AAn_C4_Coup%C3%A9_%28red%2C_5SW%29_2005.jpg/revision/latest?cb=20200710214015;254F.jpg
257C;BMW M3;BMW;Majorette Mainline;2000;2005;burgundy;1:64;Year Lists;List_of_2005_Majorette;https://static.wikia.nocookie.net/majorette_model_cars/images/7/79/Majorette_BMW_M3_%28burgundy%2C_5ST%29_2005.jpg/revision/latest?cb=20200926204813;257C_1.jpg
257D;BMW M3 Cabriolet;BMW;Majorette Mainline;2002;2005;metallic green;1:64;Year Lists;List_of_2005_Majorette;https://static.wikia.nocookie.net/majorette_model_cars/images/c/c8/BMW_325_M3_convertible_%28metallic_green%29.jpg/revision/latest?cb=20220517211150;257D_1.jpg
262A;City Bus;Buses;Majorette Mainline;2005;2005;orange;1:64 / 1:87;Year Lists;List_of_2005_Majorette;https://static.wikia.nocookie.net/majorette_model_cars/images/2/29/Majorette_City_Bus_%28orange%2C_aero_bus%2C_NUC_wheels%29.jpg/revision/latest?cb=20201113103901;262A.jpg
266;Land Rover 90 Raid;Land Rover;Majorette Mainline;1987;2005;yellow;1:64;Year Lists;List_of_2005_Majorette;https://static.wikia.nocookie.net/majorette_model_cars/images/a/ae/Majorette_Land_Rover_Defender_90_%28yellow%2C_pinder%2C_5DOT%29.jpg/revision/latest?cb=20210219223355;266_13.jpg
294A;Volvo XC90;Volvo;Majorette Mainline;2004;2005;metallic silver;1:64;Year Lists;List_of_2005_Majorette;https://static.wikia.nocookie.net/majorette_model_cars/images/3/31/Volvo_XC90_%28metallic_silver%2C_6S%29.jpg/revision/latest?cb=20210807124210;294A_1.jpg
294E;Mini Cooper Cabrio;MINI;Majorette Mainline;2005;2005;dark blue;1:64;Year Lists;List_of_2005_Majorette;https://static.wikia.nocookie.net/majorette_model_cars/images/0/03/Mino_cooper_Cabrio_%28blue%2C_6S%29_2006.jpg/revision/latest?cb=20200716132705;294E.jpg
296;El Camino SS;Chevrolet;Majorette Mainline;1988;2005;gold;1:64;Year Lists;List_of_2005_Majorette;https://static.wikia.nocookie.net/majorette_model_cars/images/e/e0/Majorette_El_Camino_SS_%28gold%2C_white_deco_on_front%29.jpg/revision/latest?cb=20200718231053;296_11.jpg
311C;Volvo XC90;Volvo;Majorette Mainline;2004;2005;;1:64;Year Lists;List_of_2005_Majorette;https://static.wikia.nocookie.net/majorette_model_cars/images/8/84/Volvo_XC90_%2B_Horse_Trailer_%28silver%29_2005.jpg/revision/latest?cb=20210807135638;311C_1.jpg
340;Volvo F16 Semi Container;Volvo;Majorette Mainline;1993;2005;;1:64;Year Lists;List_of_2005_Majorette;https://static.wikia.nocookie.net/majorette_model_cars/images/d/d2/Volvo_Semi_Container_%28DHL%29_2004.jpg/revision/latest?cb=20220223175629;340_5.jpg
376.01;Range Rover Rescue Unit;Land Rover;Majorette Mainline;1978;2005;;1:64;Year Lists;List_of_2005_Majorette;https://static.wikia.nocookie.net/majorette_model_cars/images/a/ab/Range_Rover_Rescue_Team_%2B_Reservoir_%281992%29.jpg/revision/latest?cb=20210922140014;376_6.jpg
387C;Nissan Murano;Nissan;Majorette Mainline;2005;2005;;1:64;Year Lists;List_of_2005_Majorette;https://static.wikia.nocookie.net/majorette_model_cars/images/5/5d/Nissan_Murano_%2B_Canou_Trailer_%28orange%2C_5FS%29.jpg/revision/latest?cb=20210806150158;387C.jpg
201A;Ford Focus WRC;Ford;Majorette Mainline;2004;2006;white;1:64;Year Lists;List_of_2006_Majorette;https://static.wikia.nocookie.net/majorette_model_cars/images/1/19/Ford_Focus_WRC_%28white%2C_nr7%2C_Castrol%29_2006%29.jpg/revision/latest?cb=20200710183334;201A_1.jpg
201A(B);Ford Focus Street;Ford;Majorette Mainline;2006;2006;metallic blue;1:64;Year Lists;List_of_2006_Majorette;https://static.wikia.nocookie.net/majorette_model_cars/images/1/10/Ford_Focus_Street_%28blue%2C_5SW%29_2006.jpg/revision/latest?cb=20210613182940;201A(B).jpg
205F;Peugeot 107;Peugeot;Majorette Mainline;2006;2006;yellow;1:64;Year Lists;List_of_2006_Majorette;https://static.wikia.nocookie.net/majorette_model_cars/images/f/ff/Majorette_Peugeot_107_%28yellow%2C_5V_wheels%29.jpg/revision/latest?cb=20210613144706;205F.jpg
214B;Nissan Murano;Nissan;Majorette Mainline;2005;2006;orange;1:64;Year Lists;List_of_2006_Majorette;https://static.wikia.nocookie.net/majorette_model_cars/images/b/b5/Nissan_Murano_%28dark_blue%2C_5FS%29.jpg/revision/latest?cb=20210806103843;214B_1.jpg
221E;Renault Clio III;Renault;Majorette Mainline;2006;2006;metallic silver;1:64;Year Lists;List_of_2006_Majorette;https://static.wikia.nocookie.net/majorette_model_cars/images/e/e4/Majorette_Renault_Clio_B85_%28metallic_silver%29.jpg/revision/latest?cb=20200727200205;221E.jpg
229b;Aston Martin DB9;Aston Martin;Majorette Mainline;2006;2006;anthracite;1:64;Year Lists;List_of_2006_Majorette;https://static.wikia.nocookie.net/majorette_model_cars/images/2/21/DB9_dark_grey.JPG/revision/latest?cb=20250816100026;229b.jpg
231B;Hummer H2;Hummer;Majorette Mainline;2006;2006;black;1:64;Year Lists;List_of_2006_Majorette;https://static.wikia.nocookie.net/majorette_model_cars/images/6/6b/Majorette_Hummer_H2_%28black%29.jpg/revision/latest?cb=20201201124557;231B.jpg
244C;BMW Serie 1;BMW;Majorette Mainline;2006;2006;;1:64;Year Lists;List_of_2006_Majorette;https://static.wikia.nocookie.net/majorette_model_cars/images/3/35/Majorette_BMW_Serie_1_%28gray_green%2C_10S%29.jpg/revision/latest?cb=20201021194207;244C.jpg
254H;Citroën C1;Citroën;Majorette Mainline;2006;2006;yellow;1:64;Year Lists;List_of_2006_Majorette;https://static.wikia.nocookie.net/majorette_model_cars/images/4/47/Citro%C3%ABn_C1_%28yellow%29.jpg/revision/latest?cb=20220426131944;254H.jpg
275B;Subaru Impreza WRC (Street Version);Subaru;Majorette Mainline;2006;2006;black;1:64;Year Lists;List_of_2006_Majorette;https://static.wikia.nocookie.net/majorette_model_cars/images/0/0e/No_image.jpg/revision/latest?cb=20200531172448;258.jpg
286B;Fiat Panda 4x4;Fiat;Majorette Mainline;2006;2006;white;1:64;Year Lists;List_of_2006_Majorette;https://static.wikia.nocookie.net/majorette_model_cars/images/3/30/Fiat_Panda_4x4_%28white%2C_NUC2%29_2006.jpg/revision/latest?cb=20200808151905;286B.jpg
292B;Toyota Hilux;Toyota;Majorette Mainline;2006;2006;black;1:64;Year Lists;List_of_2006_Majorette;https://static.wikia.nocookie.net/majorette_model_cars/images/4/4b/Toyota_Hilux_%28black%29.jpg/revision/latest?cb=20200730172238;292B.jpg
292E;Toyota Corolla WRC;Toyota;Majorette Mainline;2006;2006;white/blue/red;1:64;Year Lists;List_of_2006_Majorette;https://static.wikia.nocookie.net/majorette_model_cars/images/f/f4/Majorette_Toyota_Corolla_WRC_white_blue_red%2C_8B%2C_samse%2C_toyota%29.jpg/revision/latest?cb=20220318151843;292E.jpg
315;Ford Transit Tug;Ford;Majorette Mainline;1999;2006;;1:64;Year Lists;List_of_2006_Majorette;https://static.wikia.nocookie.net/majorette_model_cars/images/0/09/Ford_Transit_Tug_%2B_construction_cab_%28extractor%2C_5FS%29.jpg/revision/latest?cb=20220120223436;315_2.jpg
387C;Nissan Murano;Nissan;Majorette Mainline;2005;2006;;1:64;Year Lists;List_of_2006_Majorette;https://static.wikia.nocookie.net/majorette_model_cars/images/2/2f/Nissan_Murano_%2B_Canou_Trailer_%28dark_blue%2C_5FS%29.jpg/revision/latest?cb=20210806150736;387C_1.jpg
201A(B);Ford Focus Street;Ford;Majorette Mainline;2006;2007;metallic blue;1:64;Year Lists;List_of_2007_Majorette;https://static.wikia.nocookie.net/majorette_model_cars/images/7/70/Ford_Focus_Street_%28metallic_blue%2C.jpg/revision/latest?cb=20210613183644;201A(B)_1.jpg
205E;Peugeot 407;Peugeot;Majorette Mainline;2005;2007;metallic gold;1:64;Year Lists;List_of_2007_Majorette;https://static.wikia.nocookie.net/majorette_model_cars/images/6/67/Peugeot_407_%28metallic_gold%29.jpg/revision/latest?cb=20200704213757;205E_1.jpg
205F;Peugeot 107;Peugeot;Majorette Mainline;2006;2007;blue;1:64;Year Lists;List_of_2007_Majorette;https://static.wikia.nocookie.net/majorette_model_cars/images/3/38/Peugeot_107_%28blue%2C_black_windows%2C_5CS%29.jpg/revision/latest?cb=20220322154547;205F_1.jpg
210S;Racing Proto;Ferrari;Majorette Mainline;2000;2007;yellow;1:64;Year Lists;List_of_2007_Majorette;https://static.wikia.nocookie.net/majorette_model_cars/images/5/5c/Racing_Proto_%28metalflake_yellow%2C_victory_15_euurricane%2C_10S_wheels%29.jpg/revision/latest?cb=20240504112321;210S_4.jpg
212;Pontiac Firebird (4th Generation);Pontiac;Majorette Mainline;1994;2007;yellow;1:64;Year Lists;List_of_2007_Majorette;https://static.wikia.nocookie.net/majorette_model_cars/images/1/1b/Pontiac_Fire_bird_4th_generation_%28Orange%2C_blue_interior%2C_5CS%2C_nr12%29.jpg/revision/latest?cb=20200704235324;212_10.jpg
214B;Nissan Murano;Nissan;Majorette Mainline;2005;2007;orange;1:64;Year Lists;List_of_2007_Majorette;https://static.wikia.nocookie.net/majorette_model_cars/images/8/8f/Nissan_Murano_%28turquoise%2C_5FS%29.jpg/revision/latest?cb=20210806102819;214B_2.jpg
220;Honda NSX;Honda;Majorette Mainline;1997;2007;white;1:64;Year Lists;List_of_2007_Majorette;https://static.wikia.nocookie.net/majorette_model_cars/images/5/56/Honda_NSX_%28white%2C_26%29.jpg/revision/latest?cb=20200731214304;220_18.jpg
221C;Renault Megane II;Renault;Majorette Mainline;2004;2007;metallic blue;1:64;Year Lists;List_of_2007_Majorette;https://static.wikia.nocookie.net/majorette_model_cars/images/b/b8/Renault_megane_II_%28blue%2C_5CSS%29.jpg/revision/latest?cb=20201118204514;221C_2.jpg
221D;Renault Scenic II;Renault;Majorette Mainline;2004;2007;blue;1:64;Year Lists;List_of_2007_Majorette;https://static.wikia.nocookie.net/majorette_model_cars/images/d/dc/Renault_Scenic_II_%28blue%2C_6S_wheels%29_2007.jpg/revision/latest?cb=20200926173114;221D_1.jpg
223;Chevy '57;Chevrolet;Majorette Mainline;1991;2007;black;1:64;Year Lists;List_of_2007_Majorette;https://static.wikia.nocookie.net/majorette_model_cars/images/6/62/Black_57_chevy.jpg/revision/latest?cb=20240428124016;223_13.jpg
227;Ford Ka;Ford;Majorette Mainline;1998;2007;blue;1:64;Year Lists;List_of_2007_Majorette;https://static.wikia.nocookie.net/majorette_model_cars/images/6/62/Ford_ka_blue_metal.JPG/revision/latest?cb=20250814212509;227_17.jpg
229b;Aston Martin DB9;Aston Martin;Majorette Mainline;2005;2007;Dark green;1:64;Year Lists;List_of_2007_Majorette;https://static.wikia.nocookie.net/majorette_model_cars/images/6/67/DB9_black.JPG/revision/latest?cb=20250816100025;229b_1.jpg
237B;Audi TT Convertible;Audi;Majorette Mainline;2002;2007;metallic silver;1:64;Year Lists;List_of_2007_Majorette;https://static.wikia.nocookie.net/majorette_model_cars/images/e/e4/Audi_TT_Convertible_%28metallic_silver%2C_red_interior%2C_MOTOR%29.jpg/revision/latest?cb=20210805221002;237B_1.jpg
238A;Dodge Concept Car;Dodge;Majorette Mainline;1999;2007;orange;1:64;Year Lists;List_of_2007_Majorette;https://static.wikia.nocookie.net/majorette_model_cars/images/b/ba/Dodge_Concept_Car_%28orange%2C_19%2C_5FS_wheels%29_2007.jpg/revision/latest?cb=20200721202421;238A_3.jpg
244C;BMW Serie 1;BMW;Majorette Mainline;2006;2007;white;1:64;Year Lists;List_of_2007_Majorette;https://static.wikia.nocookie.net/majorette_model_cars/images/d/d1/Majorette_BMW_Serie_1_%28white%2C_5CS%29.jpg/revision/latest?cb=20201021194234;244C_1.jpg
244D;BMW Serie 5 Touring;BMW;Majorette Mainline;2007;2007;light blue;1:64;Year Lists;List_of_2007_Majorette;https://static.wikia.nocookie.net/majorette_model_cars/images/6/68/BMW_5_Touring_%28light_blue%2C_5V%29.jpg/revision/latest?cb=20200716193304;244D.jpg
246A;Range Stormer Concept Car;Land Rover;Majorette Mainline;2005;2007;orange;1:64;Year Lists;List_of_2007_Majorette;https://static.wikia.nocookie.net/majorette_model_cars/images/b/b6/Majorette_Range_Stormer_Concept_Car_%28orange%2C_5FS_wheels%29.jpg/revision/latest?cb=20200925223632;246A_1.jpg
254A;Citroën C3 (2001);Citroën;Majorette Mainline;2002;2007;dark blue;1:64;Year Lists;List_of_2007_Majorette;https://static.wikia.nocookie.net/majorette_model_cars/images/d/d6/Citroe%2C_C3_%28dark_blue%2C_5CS%29.jpg/revision/latest?cb=20220322193723;254A_2.jpg
254F;Citroën C4 Coupé;Citroën;Majorette Mainline;2005;2007;gray green;1:64;Year Lists;List_of_2007_Majorette;https://static.wikia.nocookie.net/majorette_model_cars/images/3/33/Citro%C3%ABn_C4_Coup%C3%A9_%28.jpg/revision/latest?cb=20200710230045;254F_1.jpg
254I;Citroën C4 WRC;Citroën;Majorette Mainline;2007;2007;red;1:64;Year Lists;List_of_2007_Majorette;https://static.wikia.nocookie.net/majorette_model_cars/images/6/65/Majorette_C4_Citro%C3%ABn_Sport_Concept_Car_%28red%2C_1%2C_citro%C3%ABn_total%29.jpg/revision/latest?cb=20220318195219;254I.jpg
255;Ford Ranger Ambulance;Ford;Majorette Mainline;1991;2007;white;1:64;Year Lists;List_of_2007_Majorette;https://static.wikia.nocookie.net/majorette_model_cars/images/a/ab/Ford_Ranger_Ambulance_%28white%2C_5CS%29_2007.jpg/revision/latest?cb=20210522131819;255_11.jpg
264B;Volkswagen Golf 5;Volkswagen;Majorette Mainline;2007;2007;metallic gray;1:64;Year Lists;List_of_2007_Majorette;https://static.wikia.nocookie.net/majorette_model_cars/images/b/bd/Majorette_Volkswagen_Golf_5_%28gray%2C_5CSS_wheels%29.jpg/revision/latest?cb=20201020190404;264B.jpg
269;Porsche Boxster;Porsche;Majorette Mainline;1996;2007;dark blue;1:64;Year Lists;List_of_2007_Majorette;https://static.wikia.nocookie.net/majorette_model_cars/images/a/ab/Majorette_Porsche_Boxster_%28blue%2C_yellow_interior%2C_5FS_wheels%29.jpg/revision/latest?cb=20200902220520;269_11.jpg
270;Ford Econoline Ambulance;Ford;Majorette Mainline;1998;2007;white;1:64;Year Lists;List_of_2007_Majorette;https://static.wikia.nocookie.net/majorette_model_cars/images/d/da/Ford_Econoline_ambulance_%28white%2C_5CSS%29.jpg/revision/latest?cb=20220121152310;270_8.jpg
271;Ford Econoline;Ford;Majorette Mainline;1998;2007;orange;1:64;Year Lists;List_of_2007_Majorette;https://static.wikia.nocookie.net/majorette_model_cars/images/f/fc/Ford_Econoline_yellow_Extractor_5022.jpg/revision/latest?cb=20220121153151;271_7.jpg
275B;Subaru Impreza WRC (Street Version);Subaru;Majorette Mainline;2006;2007;black;1:64;Year Lists;List_of_2007_Majorette;https://static.wikia.nocookie.net/majorette_model_cars/images/5/55/Subaru_Impreza_street_%28black%29_2007.jpg/revision/latest?cb=20200805190922;275B.jpg
282;F1 (2002);Formula 1;Majorette Mainline;2002;2007;yellow;1:64;Year Lists;List_of_2007_Majorette;https://static.wikia.nocookie.net/majorette_model_cars/images/d/de/F1_Ferrari_%281986%29_%28yellow%2C_thunder%2C_hurry%29.jpg/revision/latest?cb=20220120212842;282_5.jpg
286B;Fiat Panda 4x4;Fiat;Majorette Mainline;2006;2007;lime green;1:64;Year Lists;List_of_2007_Majorette;https://static.wikia.nocookie.net/majorette_model_cars/images/2/27/Fiat_Panda_4x4_%28lime_green%2C_5CS%29.jpg/revision/latest?cb=20220322205726;286B_1.jpg
292B;Toyota Hilux;Toyota;Majorette Mainline;2006;2007;red;1:64;Year Lists;List_of_2007_Majorette;https://static.wikia.nocookie.net/majorette_model_cars/images/d/dd/Toyota_Hilux_%28red%29.jpg/revision/latest?cb=20200730172956;292B_1.jpg
292C;Mitsubishi Lancer WRC;Mitsubishi;Majorette Mainline;2007;2007;red;1:64;Year Lists;List_of_2007_Majorette;https://static.wikia.nocookie.net/majorette_model_cars/images/4/41/Majorette_Mitsubishi_Lancer_WRC_%28red%2C_gray_%26_black_print%2C_nr10%29.jpg/revision/latest?cb=20220318163551;292C.jpg
292D;Toyota Prius;Toyota;Majorette Mainline;2007;2007;red;1:64;Year Lists;List_of_2007_Majorette;https://static.wikia.nocookie.net/majorette_model_cars/images/1/1c/Toyota_Prius_%28red%2C_2007%29.jpg/revision/latest?cb=20200708195302;292D.jpg
292F;Lexus RX400h;Lexus;Majorette Mainline;2007;2007;light tan;1:64;Year Lists;List_of_2007_Majorette;https://static.wikia.nocookie.net/majorette_model_cars/images/f/fa/Lexus_RX400h_%28cream%2C_5V%29.jpg/revision/latest?cb=20201104193937;292F.jpg
294A;Volvo XC90;Volvo;Majorette Mainline;2004;2007;metallic green;1:64;Year Lists;List_of_2007_Majorette;https://static.wikia.nocookie.net/majorette_model_cars/images/a/ab/Volvo_XC90_%28green%2C_6S%29.jpg/revision/latest?cb=20210807123506;294A_2.jpg
294C;Mini Cooper;MINI;Majorette Mainline;2001;2007;red;1:64;Year Lists;List_of_2007_Majorette;https://static.wikia.nocookie.net/majorette_model_cars/images/1/14/Mini_Cooper_%28red%29_2007.jpg/revision/latest?cb=20220529141747;294C_1.jpg
294E;Mini Cooper Cabrio;MINI;Majorette Mainline;2005;2007;red;1:64;Year Lists;List_of_2007_Majorette;https://static.wikia.nocookie.net/majorette_model_cars/images/9/94/Mini_Cooper_Cabrio_%28red%29.jpg/revision/latest?cb=20200716134856;294E_1.jpg
296;El Camino SS;Chevrolet;Majorette Mainline;1988;2007;black;1:64;Year Lists;List_of_2007_Majorette;https://static.wikia.nocookie.net/majorette_model_cars/images/f/ff/Majorette_El_Camino_SS_%28black%29.jpg/revision/latest?cb=20200718231743;296_12.jpg
205;Peugeot 206;Peugeot;Majorette Mainline;1999;2008;blue;1:64;Year Lists;List_of_2008_Majorette;https://static.wikia.nocookie.net/majorette_model_cars/images/4/4e/Peugeot_206_%28blue%2C_5CSS%29.jpg/revision/latest?cb=20220425125617;205_15.jpg
205E;Peugeot 407;Peugeot;Majorette Mainline;2005;2008;black;1:64;Year Lists;List_of_2008_Majorette;https://static.wikia.nocookie.net/majorette_model_cars/images/3/3f/Peugeot_407_%28black%29.jpg/revision/latest?cb=20200704212756;205E_2.jpg
206A;Peugeot 206 cc;Peugeot;Majorette Mainline;2003;2008;gold;1:64;Year Lists;List_of_2008_Majorette;https://static.wikia.nocookie.net/majorette_model_cars/images/8/85/Peugeot_206_cc_%28gold%2C_5CSS%29_2008.jpg/revision/latest?cb=20220702142853;206A_3.jpg
206B;Renault Twingo Mk2;Renault;Majorette Mainline;2008;2008;white;1:64;Year Lists;List_of_2008_Majorette;https://static.wikia.nocookie.net/majorette_model_cars/images/4/4e/Renauly_Twingo_Mk2_%28white%29.jpg/revision/latest?cb=20200709193324;206B.jpg
209A;Porsche 996;Porsche;Majorette Mainline;1999;2008;red;1:64;Year Lists;List_of_2008_Majorette;https://static.wikia.nocookie.net/majorette_model_cars/images/c/ca/Porsche_996_%28red%29_2008.jpg/revision/latest?cb=20200912211649;209A_3.jpg
216;Mercedes-Benz A-Class Mk1;Mercedes-Benz;Majorette Mainline;1999;2008;tan;1:64;Year Lists;List_of_2008_Majorette;https://static.wikia.nocookie.net/majorette_model_cars/images/9/9c/Mercedes-Benz_A-Class_Mk1_%28tan%2C_5CS%29.jpg/revision/latest?cb=20201127153935;216_16.jpg
220;Honda NSX;Honda;Majorette Mainline;1994;2008;black;1:64;Year Lists;List_of_2008_Majorette;https://static.wikia.nocookie.net/majorette_model_cars/images/b/b3/Majorette_Honda_NSX_%28black%2C_orange_print_26%2C_5YO_wheels%29.jpg/revision/latest?cb=20250603191242;220_19.jpg
221D;Renault Scenic II;Renault;Majorette Mainline;2004;2008;gray;1:64;Year Lists;List_of_2008_Majorette;https://static.wikia.nocookie.net/majorette_model_cars/images/0/08/Renault_Scenic_II_%28gray%2C_5CSS%29_2008.jpg/revision/latest?cb=20200926181324;221D_2.jpg
234;Ford E-350 (Fourgon);Ford;Majorette Mainline;1982;2008;red;1:64;Year Lists;List_of_2008_Majorette;https://static.wikia.nocookie.net/majorette_model_cars/images/7/72/Fourgon_%28red%2C_avis%2C_5CSS%29.jpg/revision/latest?cb=20201121002512;234_12.jpg
244A;BMW Z3 Coupé;BMW;Majorette Mainline;1999;2008;silver;1:64;Year Lists;List_of_2008_Majorette;https://static.wikia.nocookie.net/majorette_model_cars/images/f/fd/BMW_Z3_Coup%C3%A9_%28silver%2C_5V%29.jpg/revision/latest?cb=20200716184506;244A_4.jpg
244C;BMW Serie 1;BMW;Majorette Mainline;2006;2008;black;1:64;Year Lists;List_of_2008_Majorette;https://static.wikia.nocookie.net/majorette_model_cars/images/5/54/BMW_Serie_1_%28black%2C_2008%29.jpg/revision/latest?cb=20200711133936;244C_2.jpg
254B;Toyota Yaris;Toyota;Majorette Mainline;2002;2008;metallic blue;1:64;Year Lists;List_of_2008_Majorette;https://static.wikia.nocookie.net/majorette_model_cars/images/7/7c/Toyota_Yaris_%28blue%2C5CS%29.jpg/revision/latest?cb=20230604182908;254B_3.jpg
254C;Citroën C3 Pluriel;Citroën;Majorette Mainline;2004;2008;green;1:64;Year Lists;List_of_2008_Majorette;https://static.wikia.nocookie.net/majorette_model_cars/images/a/a5/CitroenPlurielGreen.jpeg/revision/latest?cb=20201116192224;254C_2.jpg
257C;BMW M3;BMW;Majorette Mainline;2000;2008;burgundy;1:64;Year Lists;List_of_2008_Majorette;https://static.wikia.nocookie.net/majorette_model_cars/images/7/73/Majorette_BMW_M3_%28burgundy%2C_5CSS_wheels%29.jpg/revision/latest?cb=20200926205429;257C_2.jpg
263;Tracto (Pelle);Generic;Majorette Mainline;1979;2008;orange;1:64;Year Lists;List_of_2008_Majorette;https://static.wikia.nocookie.net/majorette_model_cars/images/8/80/Tracto_%28Pelle%29_%28orange%2C_ORN%2C_Thailand%29.jpg/revision/latest?cb=20210613134033;263_5.jpg
275A;Subaru Impreza WRC (Racing Version);Subaru;Majorette Mainline;2004;2008;blue;1:64;Year Lists;List_of_2008_Majorette;https://static.wikia.nocookie.net/majorette_model_cars/images/2/24/Subaru_Impreza_WRC_%28blue%2C_5V%29.jpg/revision/latest?cb=20220318164846;275A_1.jpg
279;Chevrolet Corvette '58;Chevrolet;Majorette Mainline;1999;2008;blue;1:64;Year Lists;List_of_2008_Majorette;https://static.wikia.nocookie.net/majorette_model_cars/images/d/de/Chevrolet_Corvette_58_%28blue%29_2008.jpg/revision/latest?cb=20200722212910;279_7.jpg
286C;Fiat 500;Fiat;Majorette Mainline;2008;2008;burgundy;1:64;Year Lists;List_of_2008_Majorette;https://static.wikia.nocookie.net/majorette_model_cars/images/7/7a/Fiat_500_%28burgundy%29.jpg/revision/latest?cb=20200926123634;286C.jpg
288;Renault Kangoo;Renault;Majorette Mainline;1998;2008;orange;1:64;Year Lists;List_of_2008_Majorette;https://static.wikia.nocookie.net/majorette_model_cars/images/8/89/Majorette_Renault_Kangoo_%28orange%2C_print_on_sides_and_hood%2C_hey%2C_5CS_wheels%29.jpg/revision/latest?cb=20200717190658;288_2.jpg
292B;Toyota Hilux;Toyota;Majorette Mainline;2006;2008;blue;1:64;Year Lists;List_of_2008_Majorette;https://static.wikia.nocookie.net/majorette_model_cars/images/d/da/Toyota_Hilux_%28blue%29.jpg/revision/latest?cb=20200730173339;292B_2.jpg
292G;Mitsubishi Outlander;Mitsubishi;Majorette Mainline;2008;2008;dark blue;1:64;Year Lists;List_of_2008_Majorette;https://static.wikia.nocookie.net/majorette_model_cars/images/c/cf/Mitsubishi_Outlabder_%28dark_blue%29.jpg/revision/latest?cb=20201029152731;292G.jpg
294A;Volvo XC90;Volvo;Majorette Mainline;2004;2008;dark green;1:64;Year Lists;List_of_2008_Majorette;https://static.wikia.nocookie.net/majorette_model_cars/images/1/13/Volvo_XC90_%28dark_green%2C_5FS%29.jpg/revision/latest?cb=20210807142506;294A_3.jpg
205B;Peugeot 206 WRC;Peugeot;Majorette Mainline;2004;2009;metallic silver;1:64;Year Lists;List_of_2009_Majorette;https://static.wikia.nocookie.net/majorette_model_cars/images/7/78/Peugeot_206_WRC_%28silver%2C_5CS%29.jpg/revision/latest?cb=20200909213340;205B_1.jpg
205G;Peugeot 4007;Peugeot;Majorette Mainline;2009;2009;tan;1:64;Year Lists;List_of_2009_Majorette;https://static.wikia.nocookie.net/majorette_model_cars/images/c/c1/Peugeot_4007_%28tan%2C_5FS%29_2009.jpg/revision/latest?cb=20201020215419;205G.jpg
205H;Peugeot Bipper;Peugeot;Majorette Mainline;2009;2009;black;1:64;Year Lists;List_of_2009_Majorette;https://static.wikia.nocookie.net/majorette_model_cars/images/e/e0/Majorette_Peugeot_Bipper_%28black%29.jpg/revision/latest?cb=20201201113437;205H.jpg
230;Toyota RAV 4;Toyota;Majorette Mainline;1999;2009;black;1:64;Year Lists;List_of_2009_Majorette;https://static.wikia.nocookie.net/majorette_model_cars/images/5/51/Toyota_Rav4_%28police%2C_5FS%29.jpg/revision/latest?cb=20200708205939;230_13.jpg
254J;Citroën C Crosser;Citroën;Majorette Mainline;2009;2009;gray;1:64;Year Lists;List_of_2009_Majorette;https://static.wikia.nocookie.net/majorette_model_cars/images/6/68/Citro%C3%ABn_C_Crosser_%28gray%29_2009.jpg/revision/latest?cb=20211022190541;254J.jpg
286C;Fiat 500;Fiat;Majorette Mainline;2008;2009;white;1:64;Year Lists;List_of_2009_Majorette;https://static.wikia.nocookie.net/majorette_model_cars/images/f/fb/Fiat_500_%28white%2C_5CS_wheels%2C_2009%29.jpg/revision/latest?cb=20200627150347;286C_1.jpg
343A;Toyota RAV 4;Toyota;Majorette Mainline;2003;2009;;1:64;Year Lists;List_of_2009_Majorette;https://static.wikia.nocookie.net/majorette_model_cars/images/9/9a/Toyota_RAV_4_%2B_Inflatable_Boat_Trailer_%28black%2C_police%29_2007.jpg/revision/latest?cb=20211025200151;343A_2.jpg
205G;Peugeot 4007;Peugeot;Majorette Mainline;2009;2010;black;1:64;Year Lists;List_of_2010_Majorette;https://static.wikia.nocookie.net/majorette_model_cars/images/3/3f/Majorette_Peugeot_4007_%28black%2C_5FS_wheels%29.jpg/revision/latest?cb=20201020220714;205G_1.jpg
205H;Peugeot Bipper;Peugeot;Majorette Mainline;2009;2010;red;1:64;Year Lists;List_of_2010_Majorette;https://static.wikia.nocookie.net/majorette_model_cars/images/3/3d/Majorette_Peugeot_Bipper_%28red%2C_5CS%29.jpg/revision/latest?cb=20201201114326;205H_1.jpg
206B;Renault Twingo Mk2;Renault;Majorette Mainline;2008;2010;blue;1:64;Year Lists;List_of_2010_Majorette;https://static.wikia.nocookie.net/majorette_model_cars/images/e/e1/Renault_twingo_Mk2_%28blue%29.jpg/revision/latest?cb=20200709193725;206B_1.jpg
219;Seat Leon Cupra;Seat;Majorette Mainline;2010;2010;yellow;1:64;Year Lists;List_of_2010_Majorette;https://static.wikia.nocookie.net/majorette_model_cars/images/c/c0/Majorette_Seat_Leon_Cupra_%28yellow%2C_5CS%29.jpg/revision/latest?cb=20200909191733;219_13.jpg
221D;Renault Scenic II;Renault;Majorette Mainline;2004;2010;metalflake dark blue;1:64;Year Lists;List_of_2010_Majorette;https://static.wikia.nocookie.net/majorette_model_cars/images/0/0a/Majorette_Renault_Scenic_II_%28metallic_dark_blue%2C_5CS_wheels%29.jpg/revision/latest?cb=20200926183416;221D_3.jpg
222D;Renault Megane Trophy;Renault;Majorette Mainline;2010;2010;yellow;1:64;Year Lists;List_of_2010_Majorette;https://static.wikia.nocookie.net/majorette_model_cars/images/8/82/Renault_Megane_Trophy_%28yellow%3B_black_prints%29.jpg/revision/latest?cb=20230601210715;222D.jpg
222E;Renault Megane Coupé;Renault;Majorette Mainline;2010;2010;orange;1:64;Year Lists;List_of_2010_Majorette;https://static.wikia.nocookie.net/majorette_model_cars/images/d/da/Renault_Megane_Coup%C3%A9_%282010%2C_orange%29.jpg/revision/latest?cb=20200709121154;222E.jpg
226;Rouleau Compresseur;Generic;Majorette Mainline;1983;2010;orange;1:64;Year Lists;List_of_2010_Majorette;https://static.wikia.nocookie.net/majorette_model_cars/images/d/d1/Rouleau_Compresseur_%28orange%29.jpg/revision/latest?cb=20210408233032;226_9.jpg
230;Toyota RAV 4;Toyota;Majorette Mainline;1999;2010;red;1:64;Year Lists;List_of_2010_Majorette;https://static.wikia.nocookie.net/majorette_model_cars/images/7/76/Toyota_Rav4_%28red%2C_5FS%2C_2010%29.jpg/revision/latest?cb=20200708211320;230_14.jpg
231B;Hummer H2;Hummer;Majorette Mainline;2006;2010;metallic dark blue;1:64;Year Lists;List_of_2010_Majorette;https://static.wikia.nocookie.net/majorette_model_cars/images/6/65/Majorette_Hummer_H2_%28metallic_dark_blue%29.jpg/revision/latest?cb=20201201123919;231B_1.jpg
240;Chevrolet Impala;Chevrolet;Majorette Mainline;1986;2010;blue;1:64;Year Lists;List_of_2010_Majorette;https://static.wikia.nocookie.net/majorette_model_cars/images/e/e3/Majorette_Chevrolet_Impala_Police_%28blue%2C_white%2C_5CSS_wheels%29.jpg/revision/latest?cb=20201114142120;240_15.jpg
244A;BMW Z3 Coupé;BMW;Majorette Mainline;1999;2010;red;1:64;Year Lists;List_of_2010_Majorette;https://static.wikia.nocookie.net/majorette_model_cars/images/a/a6/BMW_Z3_Coup%C3%A9_%28red%2C_5V%29.jpg/revision/latest?cb=20200716164034;244A_5.jpg
244B;BMW Z8;BMW;Majorette Mainline;2001;2010;metallic silver;1:64;Year Lists;List_of_2010_Majorette;https://static.wikia.nocookie.net/majorette_model_cars/images/c/c2/BMW_Z8_Cabriolet_%28silver%2C_red_interior%2C_5YO%29.jpg/revision/latest?cb=20220517202345;244B_2.jpg
244D;BMW Serie 5 Touring;BMW;Majorette Mainline;2007;2010;light blue;1:64;Year Lists;List_of_2010_Majorette;https://static.wikia.nocookie.net/majorette_model_cars/images/7/7c/BMW_5_Touring_%28light_blue%29.jpg/revision/latest?cb=20200716195441;244D_1.jpg
244E;BMW X6;BMW;Majorette Mainline;2010;2010;burgundy;1:64;Year Lists;List_of_2010_Majorette;https://static.wikia.nocookie.net/majorette_model_cars/images/a/ae/BMW_X6_%28burgundy%2C_5YO%2C_2010%29.jpg/revision/latest?cb=20200711124205;244E.jpg
254A;Citroën C3 (2001);Citroën;Majorette Mainline;2002;2010;metallic blue;1:64;Year Lists;List_of_2010_Majorette;https://static.wikia.nocookie.net/majorette_model_cars/images/0/00/Majorette_Citro%C3%ABn_C3_%282001%29_%28metallic_blue%2C_D5S_wheels%29.jpg/revision/latest?cb=20220322192232;254A_3.jpg
254F;Citroën C4 Coupé;Citroën;Majorette Mainline;2005;2010;red;1:64;Year Lists;List_of_2010_Majorette;https://static.wikia.nocookie.net/majorette_model_cars/images/e/e2/Citro%C3%ABn_C4_Coup%C3%A9_%28red%2C_dark_windows%2C_5CSS%29.jpg/revision/latest?cb=20200710224001;254F_2.jpg
254I;Citroën C4 WRC;Citroën;Majorette Mainline;2007;2010;red/yellow/blue;1:64;Year Lists;List_of_2010_Majorette;https://static.wikia.nocookie.net/majorette_model_cars/images/c/c1/Citro%C3%ABn_C4_Red_Bull_WRC_%282010%29.jpg/revision/latest?cb=20220318205532;254I_1.jpg
254J;Citroën C Crosser;Citroën;Majorette Mainline;2009;2010;dark gray;1:64;Year Lists;List_of_2010_Majorette;https://static.wikia.nocookie.net/majorette_model_cars/images/f/fd/Citro%C3%ABn_C_Crosser_%28gray%2C_5FS%29.jpg/revision/latest?cb=20211022192615;254J_1.jpg
254L;Citroën C5;Citroën;Majorette Mainline;2010;2010;silver;1:64;Year Lists;List_of_2010_Majorette;https://static.wikia.nocookie.net/majorette_model_cars/images/3/38/Citro%C3%ABn_C5_%28silver.jpg/revision/latest?cb=20200704112145;254L.jpg
266;Land Rover 90 Raid;Land Rover;Majorette Mainline;1987;2010;yellow;1:64;Year Lists;List_of_2010_Majorette;https://static.wikia.nocookie.net/majorette_model_cars/images/f/fa/Majorette_Land_Rover_Defender_90_%28yellow%2C_pinder%2C_5FS%29.jpg/revision/latest?cb=20210219223439;266_14.jpg
275B;Subaru Impreza WRC (Street Version);Subaru;Majorette Mainline;2006;2010;black;1:64;Year Lists;List_of_2010_Majorette;https://static.wikia.nocookie.net/majorette_model_cars/images/a/ac/Majorette_Subaru_Impreza_WRC_%28street_versions%29_%28blue%2C_5yo_wheels%29.jpg/revision/latest?cb=20200805175111;275B_1.jpg
276;Toyota Runner;Toyota;Majorette Mainline;1994;2010;yellow;1:64;Year Lists;List_of_2010_Majorette;https://static.wikia.nocookie.net/majorette_model_cars/images/9/99/Toyota_Runner_%28orange_pinder%2C_5FS%29.jpg/revision/latest?cb=20201117191042;276_4.jpg
279;Chevrolet Corvette '58;Chevrolet;Majorette Mainline;1999;2010;blue;1:64;Year Lists;List_of_2010_Majorette;https://static.wikia.nocookie.net/majorette_model_cars/images/4/4c/Chevrolet_Corvette_58_%28blue%29_2010.jpg/revision/latest?cb=20200722200708;279_8.jpg
286B;Fiat Panda 4x4;Fiat;Majorette Mainline;2006;2010;light blue;1:64;Year Lists;List_of_2010_Majorette;https://static.wikia.nocookie.net/majorette_model_cars/images/8/88/Majorette_Fiat_Panda_4x4_%28light_blue%2C_D5S_wheels%29.jpg/revision/latest?cb=20220322211130;286B_2.jpg
286C;Fiat 500;Fiat;Majorette Mainline;2008;2010;red;1:64;Year Lists;List_of_2010_Majorette;https://static.wikia.nocookie.net/majorette_model_cars/images/1/10/Fiat_500_%28red%2C_2010%29.jpg/revision/latest?cb=20200627145125;286C_2.jpg
288B;Renault Kangoo Express;Renault;Majorette Mainline;2010;2010;metallic silver;1:64;Year Lists;List_of_2010_Majorette;https://static.wikia.nocookie.net/majorette_model_cars/images/3/32/Renault_Kangoo_Express_%28metallic_silver%2C_5CSS%29_2010.jpg/revision/latest?cb=20241214074812;288B.jpg
292B;Toyota Hilux;Toyota;Majorette Mainline;2006;2010;metallic green;1:64;Year Lists;List_of_2010_Majorette;https://static.wikia.nocookie.net/majorette_model_cars/images/6/6d/Toyota_hilux_vigo_mk6.jpeg/revision/latest?cb=20200730174056;292B_3.jpg
292F;Lexus RX400h;Lexus;Majorette Mainline;2007;2010;light tan;1:64;Year Lists;List_of_2010_Majorette;https://static.wikia.nocookie.net/majorette_model_cars/images/a/a3/Lexus_RX400h_%28cream%2C_5CSS%29.jpg/revision/latest?cb=20201104200434;292F_1.jpg
294A;Volvo XC90;Volvo;Majorette Mainline;2004;2010;silver;1:64;Year Lists;List_of_2010_Majorette;https://static.wikia.nocookie.net/majorette_model_cars/images/8/88/Volvo_XC90_%28silver%2C_5FS%29.jpg/revision/latest?cb=20210807115138;294A_4.jpg
328;Land Rover 90 Raid;Land Rover;Majorette Mainline;1987;2010;;1:64;Year Lists;List_of_2010_Majorette;https://static.wikia.nocookie.net/majorette_model_cars/images/d/d1/Land_Rover_90_%2B_Lion_Cage_Trailer_%28yellow%2CPinder%2C%29.jpg/revision/latest?cb=20210219202011;328_12.jpg
335D;Toyota RAV 4;Toyota;Majorette Mainline;2002;2010;;1:64;Year Lists;List_of_2010_Majorette;https://static.wikia.nocookie.net/majorette_model_cars/images/6/6a/Toyota_RAV_4_%2B_Mini_Go_Kart_Trailer_%28orange%2C_5FS%29_2010.jpg/revision/latest?cb=20211025215545;335D_1.jpg
343A;Toyota RAV 4;Toyota;Majorette Mainline;2003;2010;;1:64;Year Lists;List_of_2010_Majorette;https://static.wikia.nocookie.net/majorette_model_cars/images/4/42/Toyota_RAV4_%2B_inflatable_boat_trailer_%28gray%29.jpg/revision/latest?cb=20211025212351;343A_3.jpg
362;Land Rover 90 Raid;Land Rover;Majorette Mainline;1987;2010;;1:64;Year Lists;List_of_2010_Majorette;https://static.wikia.nocookie.net/majorette_model_cars/images/6/62/Land_Rover_90_%2B_Radar_Trailer_%28black%2C_starcontrol%2C_5FS%29.jpg/revision/latest?cb=20210219202748;362_7.jpg
REF:8;Mitsubishi Pajero Evo;Mitsubishi;Majorette Mainline;2011;2011;metallic Blue;1:64;Year Lists;List_of_2011_Majorette;https://static.wikia.nocookie.net/majorette_model_cars/images/a/a9/Majorette_Mitsubishi_Pajero_Evo_%28metallic_blue%29.jpg/revision/latest?cb=20200531154723;REF-8.jpg
201A;Ford Focus WRC;Ford;Majorette Mainline;2004;2011;white;1:64;Year Lists;List_of_2011_Majorette;https://static.wikia.nocookie.net/majorette_model_cars/images/e/ed/Majorette_Ford_Focus_WRC_%28white%2C_castrol_7%2C_5CSW_wheels%29_2011.jpg/revision/latest?cb=20210613193756;201A_2.jpg
209B;Porsche Panamera;Porsche;Majorette Mainline;2011;2011;metallic dark olive;1:64;Year Lists;List_of_2011_Majorette;https://static.wikia.nocookie.net/majorette_model_cars/images/8/85/Majorette_Porsche_Panamera_%28dark_olive%2C_5V_wheels%29.jpg/revision/latest?cb=20201021164738;209B.jpg
209C;Porsche Cayenne Turbo S;Porsche;Majorette Mainline;2011;2011;silver;1:64;Year Lists;List_of_2011_Majorette;https://static.wikia.nocookie.net/majorette_model_cars/images/0/07/Porsche_cayenne_turbo_s_2011_2.jpg/revision/latest?cb=20210405142948;209C.jpg
209D;Porsche 911 GT3;Porsche;Majorette Mainline;2011;2011;black;1:64;Year Lists;List_of_2011_Majorette;https://static.wikia.nocookie.net/majorette_model_cars/images/d/d9/Porsche_911_GT_3_schwarz.jpg/revision/latest?cb=20200605201441;209D.jpg
219C;Lamborghini Reventón;Lamborghini;Majorette Mainline;2011;2011;metallic silver;1:64;Year Lists;List_of_2011_Majorette;https://static.wikia.nocookie.net/majorette_model_cars/images/0/0b/Lamborghini_Reventon_%28silver%2C_2013%29.jpg/revision/latest?cb=20200702225632;219C.jpg
219D;Lamborghini Gallardo;Lamborghini;Majorette Mainline;2011;2011;metallic orange;1:64;Year Lists;List_of_2011_Majorette;https://static.wikia.nocookie.net/majorette_model_cars/images/7/7e/Lamborghini_Gallardo_%28metallic_orange%2C_5YO_wheels%29.jpg/revision/latest?cb=20200702212626;219D.jpg
222D;Renault Megane Trophy;Renault;Majorette Mainline;2010;2011;yellow;1:64;Year Lists;List_of_2011_Majorette;https://static.wikia.nocookie.net/majorette_model_cars/images/7/7e/Majorette_Renault_Megane_Trophy_%28yellow%29.jpg/revision/latest?cb=20230601211428;222D_1.jpg
222E;Renault Megane Coupé;Renault;Majorette Mainline;2010;2011;metallic dark brown;1:64;Year Lists;List_of_2011_Majorette;https://static.wikia.nocookie.net/majorette_model_cars/images/7/76/Renault_Megane_Coup%C3%A9_%28.jpg/revision/latest?cb=20200709124049;222E_1.jpg
225A;Dacia Duster;Dacia;Majorette Mainline;2011;2011;white;1:64;Year Lists;List_of_2011_Majorette;https://static.wikia.nocookie.net/majorette_model_cars/images/5/5d/Dacia_Duster_%28white%2C_2011%29.jpg/revision/latest?cb=20200626215838;225A.jpg
226;Rouleau Compresseur;Generic;Majorette Mainline;1983;2011;light orange;1:64;Year Lists;List_of_2011_Majorette;https://static.wikia.nocookie.net/majorette_model_cars/images/b/b4/Rouleau_Compresseur_%28light_orange%2C_black_print_on_roof%29%29.jpg/revision/latest?cb=20210408233507;226_10.jpg
230;Toyota RAV 4;Toyota;Majorette Mainline;1999;2011;orange;1:64;Year Lists;List_of_2011_Majorette;https://static.wikia.nocookie.net/majorette_model_cars/images/3/31/Toyota_Rav_4_%28orange%2C_5FS%29.jpg/revision/latest?cb=20200708212120;230_15.jpg
232C;Mercedes-Benz SLS AMG;Mercedes-Benz;Majorette Mainline;2011;2011;black;1:64;Year Lists;List_of_2011_Majorette;https://static.wikia.nocookie.net/majorette_model_cars/images/7/79/Mercedes-Benz_SLS_AMG.jpg/revision/latest?cb=20200703212955;232C.jpg
234;Ford E-350 (Fourgon);Ford;Majorette Mainline;1982;2011;white;1:64;Year Lists;List_of_2011_Majorette;https://static.wikia.nocookie.net/majorette_model_cars/images/3/3d/Majorette_Fourgon_%28Advertising%29_%28white%2C_no_tampo%2C_red_interior%2C_red_rear_doors%29.jpg/revision/latest?cb=20210611184520;234_13.jpg
237c;Audi A5 Coupe;Audi;Majorette Mainline;2011;2011;metallic Red;1:64;Year Lists;List_of_2011_Majorette;https://static.wikia.nocookie.net/majorette_model_cars/images/f/f1/Audi_A5_Coupe_%28red%2C_5Y_wheels%29.jpg/revision/latest?cb=20200601134100;237c.jpg
237D;Audi R8 Mk1;Audi;Majorette Mainline;2011;2011;red;1:64;Year Lists;List_of_2011_Majorette;https://static.wikia.nocookie.net/majorette_model_cars/images/c/ce/Audi_R8_%282011%2C_red%29.jpg/revision/latest?cb=20200624225417;237D.jpg
239C;Renault Master;Renault;Majorette Mainline;2011;2011;white;1:64;Year Lists;List_of_2011_Majorette;https://static.wikia.nocookie.net/majorette_model_cars/images/9/98/Renault_Master_%28white%29_2011.jpg/revision/latest?cb=20210120141209;239C.jpg
242;Pelle Mecanique;Poclain;Majorette Mainline;1983;2011;light orange;1:64;Year Lists;List_of_2011_Majorette;https://static.wikia.nocookie.net/majorette_model_cars/images/9/97/Pelle_mechanique_2011.jpg/revision/latest?cb=20210408212306;242_4.jpg
257C;BMW M3;BMW;Majorette Mainline;2000;2011;yellow;1:64;Year Lists;List_of_2011_Majorette;https://static.wikia.nocookie.net/majorette_model_cars/images/7/72/Majorette_BMW_M3_%28yellow%2C_red_stripes%2C_ambulance%2C_belgian_version%2C_5YO%29.jpg/revision/latest?cb=20200926215212;257C_3.jpg
263;Tracto (Pelle);Generic;Majorette Mainline;1979;2011;yellow;1:64;Year Lists;List_of_2011_Majorette;https://static.wikia.nocookie.net/majorette_model_cars/images/3/38/Tracto_%28Pelle%29_%28yellow%2C_black_stripes%2C_ORN%29.jpg/revision/latest?cb=20210613131929;263_6.jpg
270;Ford Econoline Ambulance;Ford;Majorette Mainline;1998;2011;yellow;1:64;Year Lists;List_of_2011_Majorette;https://static.wikia.nocookie.net/majorette_model_cars/images/f/f3/Ford_Econoline_%28Pinder%2C_5CSS%29.jpg/revision/latest?cb=20220121153455;270_9.jpg
271;Ford Econoline;Ford;Majorette Mainline;1998;2011;red;1:64;Year Lists;List_of_2011_Majorette;https://static.wikia.nocookie.net/majorette_model_cars/images/b/b3/Ford_econoline_%28bomberos%2C_5CSS%29.jpg/revision/latest?cb=20220121162420;271_8.jpg
275A;Subaru Impreza WRC (Racing Version);Subaru;Majorette Mainline;2004;2011;blue;1:64;Year Lists;List_of_2011_Majorette;https://static.wikia.nocookie.net/majorette_model_cars/images/d/da/Subaru_Impreza_WRC_%28blue%2C_5YO%29.jpg/revision/latest?cb=20200805105712;275A_2.jpg
288B;Renault Kangoo Express;Renault;Majorette Mainline;2010;2011;blue;1:64;Year Lists;List_of_2011_Majorette;https://static.wikia.nocookie.net/majorette_model_cars/images/2/24/Renault_Kangoo_Express_%28blue%2C_5CSS_wheels%29.jpg/revision/latest?cb=20200906122104;288B_1.jpg
292A;Mitsubishi Pajero;Mitsubishi;Majorette Mainline;2001;2011;red;1:64;Year Lists;List_of_2011_Majorette;https://static.wikia.nocookie.net/majorette_model_cars/images/d/db/Mitsubishi_Pajero_%28green%29_2011.jpg/revision/latest?cb=20200913000454;292A_3.jpg
294E;Mini Cooper Cabrio;MINI;Majorette Mainline;2005;2011;dark blue;1:64;Year Lists;List_of_2011_Majorette;https://static.wikia.nocookie.net/majorette_model_cars/images/2/25/Mini_Cooper_Cabrio_%28dark_blue%29.jpg/revision/latest?cb=20200716140522;294E_2.jpg
201A(B);Ford Focus Street;Ford;Majorette Mainline;2006;2012;metallic blue;1:64;Year Lists;List_of_2012_Majorette;https://static.wikia.nocookie.net/majorette_model_cars/images/9/9e/Majorette_Ford_Focus_Street_%28metallic_blue%2C_5V_wheels%29.jpg/revision/latest?cb=20210613185436;201A(B)_2.jpg
201B;Ford Fiesta RS WRC;Ford;Majorette Mainline;2012;2012;black;1:64;Year Lists;List_of_2012_Majorette;https://static.wikia.nocookie.net/majorette_model_cars/images/1/12/Ford_Fiesta_RS_WRC_black_Abu_Dhabi_4.jpg/revision/latest?cb=20200620170531;201B.jpg
203A;Volkswagen New Beetle;Volkswagen;Majorette Mainline;2012;2012;white;1:64;Year Lists;List_of_2012_Majorette;https://static.wikia.nocookie.net/majorette_model_cars/images/6/6b/Volkswagen_New_Beetle_%282012%2C_white%29.jpg/revision/latest?cb=20200707165737;203A.jpg
203C;Volkswagen Amarok;Volkswagen;Majorette Mainline;2012;2012;dark brown;1:64;Year Lists;List_of_2012_Majorette;https://static.wikia.nocookie.net/majorette_model_cars/images/b/bc/Volkswagen_Amarok_%282012%29.jpg/revision/latest?cb=20211024153429;203C.jpg
205B;Peugeot 206 WRC;Peugeot;Majorette Mainline;2004;2012;metallic silver;1:64;Year Lists;List_of_2012_Majorette;https://static.wikia.nocookie.net/majorette_model_cars/images/8/8e/Peugeot_206_WRC_%28silver%2C_5V%29.jpg/revision/latest?cb=20200909213416;205B_2.jpg
205D;Peugeot 307 WRC;Peugeot;Majorette Mainline;2004;2012;red;1:64;Year Lists;List_of_2012_Majorette;https://static.wikia.nocookie.net/majorette_model_cars/images/8/8d/Peugeot_307_WRC_%28red%29_200.jpg/revision/latest?cb=20210718183710;205D_1.jpg
205E;Peugeot 407;Peugeot;Majorette Mainline;2005;2012;blue;1:64;Year Lists;List_of_2012_Majorette;https://static.wikia.nocookie.net/majorette_model_cars/images/c/c1/Peugeot_407_%28blue%2C_2012%29.jpg/revision/latest?cb=20200704220517;205E_3.jpg
205F;Peugeot 107;Peugeot;Majorette Mainline;2006;2012;yellow;1:64;Year Lists;List_of_2012_Majorette;https://static.wikia.nocookie.net/majorette_model_cars/images/8/8d/Peugeot_107_%28yellow%2C_black_windows%2C_5CS%29.jpg/revision/latest?cb=20201021124722;205F_2.jpg
205G;Peugeot 4007;Peugeot;Majorette Mainline;2009;2012;metallic silver;1:64;Year Lists;List_of_2012_Majorette;https://static.wikia.nocookie.net/majorette_model_cars/images/5/5a/Majorette_Peugeot_4007_%28metallic_silver%2C_5HC_wheels%29.jpg/revision/latest?cb=20201020221223;205G_2.jpg
205H;Peugeot Bipper;Peugeot;Majorette Mainline;2009;2012;metallic light olive green;1:64;Year Lists;List_of_2012_Majorette;https://static.wikia.nocookie.net/majorette_model_cars/images/8/8f/Majorette_Peugeot_Bipper_%28metallic_olive_green%2C_5YO%29.jpg/revision/latest?cb=20201201115929;205H_2.jpg
205I;Peugeot 508 SW;Peugeot;Majorette Mainline;2012;2012;black;1:64;Year Lists;List_of_2012_Majorette;https://static.wikia.nocookie.net/majorette_model_cars/images/f/fe/Peugeot_508_SW_%28black%2C_D5S%29.jpg/revision/latest?cb=20210403220459;205I.jpg
209C;Porsche Cayenne Turbo S;Porsche;Majorette Mainline;2011;2012;anthracite;1:64;Year Lists;List_of_2012_Majorette;https://static.wikia.nocookie.net/majorette_model_cars/images/0/07/Porsche_cayenne_turbo_s_2011_2.jpg/revision/latest?cb=20210405142948;209C.jpg
209D;Porsche 911 GT3;Porsche;Majorette Mainline;2011;2012;white;1:64;Year Lists;List_of_2012_Majorette;https://static.wikia.nocookie.net/majorette_model_cars/images/4/4d/Porsche_911_GT3_%28white%2C_2012%29.jpg/revision/latest?cb=20200705194414;209D_1.jpg
209E;Porsche 911 Carrera;Porsche;Majorette Mainline;2012;2012;metallic silver;1:64;Year Lists;List_of_2012_Majorette;https://static.wikia.nocookie.net/majorette_model_cars/images/2/28/Porsche_911_carrera_%28metallic_silver%2C_2012%29.jpg/revision/latest?cb=20200705184833;209E.jpg
219;Seat Leon Cupra;Seat;Majorette Mainline;2010;2012;yellow;1:64;Year Lists;List_of_2012_Majorette;https://static.wikia.nocookie.net/majorette_model_cars/images/5/50/Majorette_Seat_Leon_Cupra_%28yellow%2C_5V%29.jpg/revision/latest?cb=20200909193132;219_14.jpg
219C;Lamborghini Reventón;Lamborghini;Majorette Mainline;2011;2012;metallic silver;1:64;Year Lists;List_of_2012_Majorette;https://static.wikia.nocookie.net/majorette_model_cars/images/2/25/Lamborghini_Revent%C3%B3n_%28metallic_silver%2C_5YO_wheels%29.jpg/revision/latest?cb=20200702224000;219C_1.jpg
220B;Honda CRZ;Honda;Majorette Mainline;2012;2012;white;1:64;Year Lists;List_of_2012_Majorette;https://static.wikia.nocookie.net/majorette_model_cars/images/0/01/Honda_CRZ_%28white%2C_2013%29.jpg/revision/latest?cb=20200630193019;220B.jpg
221E;Renault Clio III;Renault;Majorette Mainline;2006;2012;metallic blue;1:64;Year Lists;List_of_2012_Majorette;https://static.wikia.nocookie.net/majorette_model_cars/images/d/d9/Majorette_Renault_Clio_B85_%28metallic_blue%29.jpg/revision/latest?cb=20200727201331;221E_1.jpg
221F;Renault Szenic III;Renault;Majorette Mainline;2012;2012;black;1:64;Year Lists;List_of_2012_Majorette;https://static.wikia.nocookie.net/majorette_model_cars/images/f/fc/Renault_Szenic_III_%28black%29_2012.jpg/revision/latest?cb=20220426122345;221F.jpg
222E;Renault Megane Coupé;Renault;Majorette Mainline;2010;2012;metallic grey;1:64;Year Lists;List_of_2012_Majorette;https://static.wikia.nocookie.net/majorette_model_cars/images/e/ef/Renault_Megane_Coup%C3%A9_%28gray%29.jpg/revision/latest?cb=20200709122324;222E_2.jpg
225A;Dacia Duster;Dacia;Majorette Mainline;2011;2012;brown;1:64;Year Lists;List_of_2012_Majorette;https://static.wikia.nocookie.net/majorette_model_cars/images/6/64/Dacia_Duster_%28brown%29.jpg/revision/latest?cb=20200626220612;225A_1.jpg
230;Toyota RAV 4;Toyota;Majorette Mainline;1999;2012;orange;1:64;Year Lists;List_of_2012_Majorette;https://static.wikia.nocookie.net/majorette_model_cars/images/d/dd/Toyota_RAV_4_orange_230.jpg/revision/latest?cb=20200630191439;230_16.jpg
231B;Hummer H2;Hummer;Majorette Mainline;2006;2012;orange;1:64;Year Lists;List_of_2012_Majorette;https://static.wikia.nocookie.net/majorette_model_cars/images/0/0e/Majorette_Hummer_H2_%28orange%29.jpg/revision/latest?cb=20201201125857;231B_2.jpg
232B;Mercedes-Benz SLK;Mercedes-Benz;Majorette Mainline;2005;2012;black;1:64;Year Lists;List_of_2012_Majorette;https://static.wikia.nocookie.net/majorette_model_cars/images/0/0a/Majorette_Mercedes-Benz_SLK_%28matt_black%2C_5YO_wheels%29.jpg/revision/latest?cb=20220806105531;232B_1.jpg
232C;Mercedes-Benz SLS AMG;Mercedes-Benz;Majorette Mainline;2011;2012;metallic silver;1:64;Year Lists;List_of_2012_Majorette;https://static.wikia.nocookie.net/majorette_model_cars/images/e/e1/Mercedes-Benz_SLS_AMG_%28metallic_silver%2C_5YO_wheels%29.jpg/revision/latest?cb=20200703213839;232C_1.jpg
237C;Audi A5 Coupe;Audi;Majorette Mainline;2011;2012;Black;1:64;Year Lists;List_of_2012_Majorette;https://static.wikia.nocookie.net/majorette_model_cars/images/5/5d/Audi_a5_coupe_2011_black.jpg/revision/latest?cb=20210919120930;237C.jpg
237D;Audi R8 Mk1;Audi;Majorette Mainline;2011;2012;red;1:64;Year Lists;List_of_2012_Majorette;https://static.wikia.nocookie.net/majorette_model_cars/images/9/98/Audi_R8_%282015%2C_red%29.jpg/revision/latest?cb=20200624223851;237D_1.jpg
237E;Audi A1;Audi;Majorette Mainline;2012;2012;red;1:64;Year Lists;List_of_2012_Majorette;https://static.wikia.nocookie.net/majorette_model_cars/images/b/b6/Audi_a1_%28red%2C_2012%29.jpg/revision/latest?cb=20200627183734;237E.jpg
244A;BMW Z3 Coupé;BMW;Majorette Mainline;1999;2012;black;1:64;Year Lists;List_of_2012_Majorette;https://static.wikia.nocookie.net/majorette_model_cars/images/b/ba/BMW_Z3_Coup%C3%A9_%28black%2C_5V%29.jpg/revision/latest?cb=20240428180639;244A_6.jpg
244B;BMW Z8;BMW;Majorette Mainline;2001;2012;metallic silver;1:64;Year Lists;List_of_2012_Majorette;https://static.wikia.nocookie.net/majorette_model_cars/images/2/2a/BMW_Z8_Cabriolet_%28silver%2C_black_interior%2C_pullback%2C_5YO%29.jpg/revision/latest?cb=20220517201214;244B_3.jpg
244C;BMW Serie 1;BMW;Majorette Mainline;2006;2012;black;1:64;Year Lists;List_of_2012_Majorette;https://static.wikia.nocookie.net/majorette_model_cars/images/9/91/BMW_Serie_1_%28black%2C_5YO%2C_2012%29.jpg/revision/latest?cb=20200711134603;244C_3.jpg
244D;BMW Serie 5 Touring;BMW;Majorette Mainline;2007;2012;black;1:64;Year Lists;List_of_2012_Majorette;https://static.wikia.nocookie.net/majorette_model_cars/images/0/0b/Majorette_BMW_5_Touring_%28black%2C_5CS_wheels%29.jpg/revision/latest?cb=20200716204304;244D_2.jpg
244E;BMW X6;BMW;Majorette Mainline;2010;2012;black;1:64;Year Lists;List_of_2012_Majorette;https://static.wikia.nocookie.net/majorette_model_cars/images/5/5b/BMW_X6_matt_schwarz.jpg/revision/latest?cb=20200711125534;244E_1.jpg
244F;BMW Z4 Roadster;BMW;Majorette Mainline;2012;2012;black;1:64;Year Lists;List_of_2012_Majorette;https://static.wikia.nocookie.net/majorette_model_cars/images/1/1f/BMW_Z4_Roadster_%28black%2C_5YO%29.jpg/revision/latest?cb=20201106081319;244F.jpg
245A;Citroën DS3 WRC;Citroën;Majorette Mainline;2012;2012;white;1:64;Year Lists;List_of_2012_Majorette;https://static.wikia.nocookie.net/majorette_model_cars/images/8/8f/Citro%C3%ABn_DS4_WRC_loeb_%282013%29.jpg/revision/latest?cb=20200626160213;245A.jpg
254B;Toyota Yaris;Toyota;Majorette Mainline;2002;2012;red;1:64;Year Lists;List_of_2012_Majorette;https://static.wikia.nocookie.net/majorette_model_cars/images/e/e5/Toyota_Yaris_%28red%2C_5V%29.jpg/revision/latest?cb=20230604183207;254B_4.jpg
254F;Citroën C4 Coupé;Citroën;Majorette Mainline;2005;2012;dark red;1:64;Year Lists;List_of_2012_Majorette;https://static.wikia.nocookie.net/majorette_model_cars/images/0/03/Citro%C3%ABn_C4_Coup%C3%A9_%28red%2C_clear_windows%2C_5CSS%29.jpg/revision/latest?cb=20200710224027;254F_3.jpg
254H;Citroën C1;Citroën;Majorette Mainline;2006;2012;blue;1:64;Year Lists;List_of_2012_Majorette;https://static.wikia.nocookie.net/majorette_model_cars/images/7/7c/Citro%C3%ABn_C1_%28blue%2C_clear_windows%29.jpg/revision/latest?cb=20220426140019;254H_1.jpg
254I;Citroën C4 WRC;Citroën;Majorette Mainline;2007;2012;white/red/yellow/blue;1:64;Year Lists;List_of_2012_Majorette;https://static.wikia.nocookie.net/majorette_model_cars/images/9/96/Citroen_C4_WRC_Loeb_2010.jpg/revision/latest?cb=20220318211606;254I_2.jpg
254J;Citroën C Crosser;Citroën;Majorette Mainline;2009;2012;dark gray;1:64;Year Lists;List_of_2012_Majorette;https://static.wikia.nocookie.net/majorette_model_cars/images/d/d4/Majorette_Citro%C3%ABn_C_Crosser_%28olive_green%29.jpg/revision/latest?cb=20211022161832;254J_2.jpg
254L;Citroën C5;Citroën;Majorette Mainline;2010;2012;white;1:64;Year Lists;List_of_2012_Majorette;https://static.wikia.nocookie.net/majorette_model_cars/images/e/e6/Citro%C3%ABn_C5_%28white%2C_5YO%29.jpg/revision/latest?cb=20200704113424;254L_1.jpg
264B;Volkswagen Golf 5;Volkswagen;Majorette Mainline;2007;2012;metallic gray;1:64;Year Lists;List_of_2012_Majorette;https://static.wikia.nocookie.net/majorette_model_cars/images/1/14/Majorette_Golf_5_%28gray%2C_5YO%29.jpg/revision/latest?cb=20201020191602;264B_1.jpg
279A;Chevrolet Camaro 2010;Chevrolet;Majorette Mainline;2012;2012;dark olive;1:64;Year Lists;List_of_2012_Majorette;https://static.wikia.nocookie.net/majorette_model_cars/images/5/5e/Chevrolet_camaro_%282014%2C_silver_grey%29.jpg/revision/latest?cb=20210613145127;279A.jpg
286B;Fiat Panda 4x4;Fiat;Majorette Mainline;2006;2012;light blue;1:64;Year Lists;List_of_2012_Majorette;https://static.wikia.nocookie.net/majorette_model_cars/images/e/e2/Fiat_Panda_4x4_%28light_blue%2C_5V%29_2011.jpg/revision/latest?cb=20200808155931;286B_3.jpg
286C;Fiat 500;Fiat;Majorette Mainline;2008;2012;white;1:64;Year Lists;List_of_2012_Majorette;https://static.wikia.nocookie.net/majorette_model_cars/images/a/aa/Fiat_500_%28white%2C_2012%29.jpg/revision/latest?cb=20200627144243;286C_3.jpg
292A;Mitsubishi Pajero;Mitsubishi;Majorette Mainline;2001;2012;red;1:64;Year Lists;List_of_2012_Majorette;https://static.wikia.nocookie.net/majorette_model_cars/images/0/0e/Majorette_Mitsubishi_Pajero_%28maroon%29.jpg/revision/latest?cb=20200911225234;292A_4.jpg
292B;Toyota Hilux;Toyota;Majorette Mainline;2006;2012;gray;1:64;Year Lists;List_of_2012_Majorette;https://static.wikia.nocookie.net/majorette_model_cars/images/f/fb/Toyota_Hilux_%28gray%291.jpg/revision/latest?cb=20200730180439;292B_4.jpg
292D;Toyota Prius;Toyota;Majorette Mainline;2007;2012;light metallic blue;1:64;Year Lists;List_of_2012_Majorette;https://static.wikia.nocookie.net/majorette_model_cars/images/6/64/Toyota_Prius_blue_mtallic_2014_5U_wheels_50_years_majorette_pack.jpg/revision/latest?cb=20200630162555;292D_1.jpg
292F;Lexus RX400h;Lexus;Majorette Mainline;2007;2012;light tan;1:64;Year Lists;List_of_2012_Majorette;https://static.wikia.nocookie.net/majorette_model_cars/images/5/5a/Majorette_Lexus_RX400h_%28light_tan%2C_5YO_wheels%29.jpg/revision/latest?cb=20201104201644;292F_2.jpg
292H;Mitsubishi ASX;Mitsubishi;Majorette Mainline;2012;2012;metallic blue;1:64;Year Lists;List_of_2012_Majorette;https://static.wikia.nocookie.net/majorette_model_cars/images/7/73/Mitsubishi_ASX_%28light_blue%29_2012.jpg/revision/latest?cb=20240504114145;292H.jpg
294A;Volvo XC90;Volvo;Majorette Mainline;2004;2012;silver;1:64;Year Lists;List_of_2012_Majorette;https://static.wikia.nocookie.net/majorette_model_cars/images/8/84/Volvo_XC90_%28silver%2C_5HC%29.jpg/revision/latest?cb=20210807115932;294A_5.jpg
294E;Mini Cooper Cabrio;MINI;Majorette Mainline;2005;2012;red;1:64;Year Lists;List_of_2012_Majorette;https://static.wikia.nocookie.net/majorette_model_cars/images/b/be/Mini_Cooper_Cabrio_red_2012_Single_Cars_Asst.jpg/revision/latest?cb=20200716063339;294E_3.jpg
343A;Toyota FJ;Toyota;Majorette Mainline;2003;2012;;1:64;Year Lists;List_of_2012_Majorette;https://static.wikia.nocookie.net/majorette_model_cars/images/4/42/Toyota_FJ_%2B_Inflatable_Boat_Trailer_%28yellow%29_2012.jpg/revision/latest?cb=20211025223319;343A_4.jpg
373;Neoplan Autocar Jetliner;Majorette;Majorette Mainline;1977;2012;;1:64;Year Lists;List_of_2012_Majorette;https://static.wikia.nocookie.net/majorette_model_cars/images/d/d6/Neoplan_Autocar_Jetliner_%28blue%2C_travel_world%2C_D5SR_wheels%29.jpg/revision/latest?cb=20210610204955;373_13.jpg
201A;Ford Focus WRC;Ford;Majorette Mainline;2004;2013;white;1:64;Year Lists;List_of_2013_Majorette;https://static.wikia.nocookie.net/majorette_model_cars/images/2/2d/Ford_Focus_WRC_Racing_Cars_2013_2014_bp_design_8.jpg/revision/latest?cb=20200702204543;201A_3.jpg
201B;Ford Fiesta RS WRC;Ford;Majorette Mainline;2012;2013;blue;1:64;Year Lists;List_of_2013_Majorette;https://static.wikia.nocookie.net/majorette_model_cars/images/4/47/Ford_Fiesta_WRC_%282013%29.jpg/revision/latest?cb=20200628180657;201B_1.jpg
203A;Volkswagen New Beetle;Volkswagen;Majorette Mainline;2012;2013;black;1:64;Year Lists;List_of_2013_Majorette;https://static.wikia.nocookie.net/majorette_model_cars/images/8/89/Volkswagen_New_Beetle_%28black%2C_5YO_%29.jpg/revision/latest?cb=20200707181516;203A_1.jpg
205E;Peugeot 407;Peugeot;Majorette Mainline;2005;2013;dark blue;1:64;Year Lists;List_of_2013_Majorette;https://static.wikia.nocookie.net/majorette_model_cars/images/f/f4/Peugeot_407_%28blue%2C_5YO%29.jpg/revision/latest?cb=20200704211934;205E_4.jpg
205I;Peugeot 508 SW;Peugeot;Majorette Mainline;2012;2013;black;1:64;Year Lists;List_of_2013_Majorette;https://static.wikia.nocookie.net/majorette_model_cars/images/7/70/Peugeot_508_SW_%28black%2C_5YO%29.jpg/revision/latest?cb=20210403220616;205I_1.jpg
209D;Porsche 911 GT3;Porsche;Majorette Mainline;2011;2013;black;1:64;Year Lists;List_of_2013_Majorette;https://static.wikia.nocookie.net/majorette_model_cars/images/5/55/Porsche_911_GT3_%28black%2C_2013%29.jpg/revision/latest?cb=20200705194834;209D_2.jpg
214D;Nissan GTR;Nissan;Majorette Mainline;2013;2013;metallic silver;1:64;Year Lists;List_of_2013_Majorette;https://static.wikia.nocookie.net/majorette_model_cars/images/3/36/Nissan_GTR_%28metallic_silver%2C_5YO%29.jpg/revision/latest?cb=20201105182507;214D.jpg
217E;Chevrolet Silverado;Chevrolet;Majorette Mainline;2013;2013;metallic dark olive;1:64;Year Lists;List_of_2013_Majorette;https://static.wikia.nocookie.net/majorette_model_cars/images/e/e8/Chevrolet_Siverado_%28dark_grey%2C_2013%29.jpg/revision/latest?cb=20200630204745;217E.jpg
221G;Renault Clio Sport;Renault;Majorette Mainline;2013;2013;yellow;1:64;Year Lists;List_of_2013_Majorette;https://static.wikia.nocookie.net/majorette_model_cars/images/f/fe/Renault_Clio_Sport_Racing_Cars_2013-2016_yellow_golden_checkered_design.jpg/revision/latest?cb=20220830201128;221G.jpg
229C;Akylone Concept;Concept Vehicles;Majorette Mainline;2013;2013;black;1:64;Year Lists;List_of_2013_Majorette;https://static.wikia.nocookie.net/majorette_model_cars/images/2/21/Majorette_Akylone_Concept_%28black%29.jpg/revision/latest?cb=20201020160136;229C.jpg
237E;Audi A1;Audi;Majorette Mainline;2012;2013;red;1:64;Year Lists;List_of_2013_Majorette;https://static.wikia.nocookie.net/majorette_model_cars/images/b/b2/Audi_a1_%28red%2C_2013%29.jpg/revision/latest?cb=20200627184638;237E_1.jpg
288B;Renault Kangoo Express;Renault;Majorette Mainline;2010;2013;blue;1:64;Year Lists;List_of_2013_Majorette;https://static.wikia.nocookie.net/majorette_model_cars/images/d/d0/Renault_Kangoo_Express_%28metallic_blue%2C_5YO_wheels%29.jpg/revision/latest?cb=20200906172856;288B_2.jpg
292B;Toyota Hilux;Toyota;Majorette Mainline;2006;2013;red;1:64;Year Lists;List_of_2013_Majorette;https://static.wikia.nocookie.net/majorette_model_cars/images/7/71/Toyota_Hilux_%28red%2C_fuerwehr%2C_5YO_wheels%29.jpg/revision/latest?cb=20200730184048;292B_5.jpg
292G;Mitsubishi Outlander;Mitsubishi;Majorette Mainline;2008;2013;red;1:64;Year Lists;List_of_2013_Majorette;https://static.wikia.nocookie.net/majorette_model_cars/images/0/08/Majorette_Mitsubishi_Outlabder_%28red%29.jpg/revision/latest?cb=20201029151740;292G_1.jpg
294C;Mini Cooper;MINI;Majorette Mainline;2001;2013;black;1:64;Year Lists;List_of_2013_Majorette;https://static.wikia.nocookie.net/majorette_model_cars/images/2/26/Majorette_Mini_Cooper_BMW_AG_%28black%2C_5CS_wheels%29.jpg/revision/latest?cb=20220322220709;294C_2.jpg
294F;Mini Cooper WRC;MINI;Majorette Mainline;2013;2013;red;1:64;Year Lists;List_of_2013_Majorette;https://static.wikia.nocookie.net/majorette_model_cars/images/b/b7/Majorette_Mini_Cooper_WRC_%28red%2C_white_roof_WRC%2C_D5S%29.jpg/revision/latest?cb=20201031222239;294F.jpg
335D;Toyota RAV 4;Toyota;Majorette Mainline;2002;2013;;1:64;Year Lists;List_of_2013_Majorette;https://static.wikia.nocookie.net/majorette_model_cars/images/4/41/Toyota_RAV_4_%2B_Mini_Go_Kart_Trailer_%28orange%2C_5HC%29_2012.jpg/revision/latest?cb=20211025215701;335D_2.jpg
201A(B);Ford Focus Street;Ford;Majorette Mainline;2006;2014;metallic orange;1:64;Year Lists;List_of_2014_Majorette;https://static.wikia.nocookie.net/majorette_model_cars/images/2/2f/Ford_Focus_Street_%28orange%2C_5V%29.jpg/revision/latest?cb=20210613192113;201A(B)_3.jpg
201B;Ford Fiesta RS WRC;Ford;Majorette Mainline;2012;2014;blue purple;1:64;Year Lists;List_of_2014_Majorette;https://static.wikia.nocookie.net/majorette_model_cars/images/c/c1/Ford_Fiesta_RS_WRC_2014_Racing_Cars_blue_white_stripes.jpg/revision/latest?cb=20201031213354;201B_2.jpg
202A;Opel Adam;Opel;Majorette Mainline;2014;2014;yellow;1:64;Year Lists;List_of_2014_Majorette;https://static.wikia.nocookie.net/majorette_model_cars/images/e/e2/Opel_Adam_%28yellow%2C_5YO%2C_2018%29.jpg/revision/latest?cb=20200704184108;202A.jpg
203A;Volkswagen New Beetle;Volkswagen;Majorette Mainline;2012;2014;white;1:64;Year Lists;List_of_2014_Majorette;https://static.wikia.nocookie.net/majorette_model_cars/images/c/cf/Volkswagen_New_Beetle_%282014_White%2C_5YO%29.jpg/revision/latest?cb=20200707171424;203A_2.jpg
203B;Volkswagen New Beetle Cabriolet;Volkswagen;Majorette Mainline;2014;2014;red;1:64;Year Lists;List_of_2014_Majorette;https://static.wikia.nocookie.net/majorette_model_cars/images/f/ff/Volkswagen_New_Beetle_Cabriolet_%282014%2C_red%2C_5YO%29.jpg/revision/latest?cb=20210806202337;203B.jpg
204A;Ford Mustang Boss 302;Ford;Majorette Mainline;2014;2014;green;1:64;Year Lists;List_of_2014_Majorette;https://static.wikia.nocookie.net/majorette_model_cars/images/2/25/Ford_Mustang_Boss_302_%282014%2C_green%2C_DS5%29.jpg/revision/latest?cb=20200629135240;204A.jpg
206B;Renault Twingo Mk2;Renault;Majorette Mainline;2008;2014;blue;1:64;Year Lists;List_of_2014_Majorette;https://static.wikia.nocookie.net/majorette_model_cars/images/3/30/Renault_Twingo_MK2_blue_2014_50_years_Majorette.jpg/revision/latest?cb=20200630155846;206B_2.jpg
209B;Porsche Panamera;Porsche;Majorette Mainline;2011;2014;red;1:64;Year Lists;List_of_2014_Majorette;https://static.wikia.nocookie.net/majorette_model_cars/images/c/c5/Porsche_Panamera_red_2014_50_years_Majorette.jpg/revision/latest?cb=20200630153250;209B_1.jpg
209C;Porsche Cayenne Turbo S;Porsche;Majorette Mainline;2011;2014;anthracite;1:64;Year Lists;List_of_2014_Majorette;https://static.wikia.nocookie.net/majorette_model_cars/images/3/3a/Porsche_Cayenne_Turbo_S_%285YO%2C_anthracite%2C_2014%29.jpg/revision/latest?cb=20200706212153;209C_1.jpg
209E;Porsche 911 Carrera;Porsche;Majorette Mainline;2012;2014;yellow;1:64;Year Lists;List_of_2014_Majorette;https://static.wikia.nocookie.net/majorette_model_cars/images/a/a6/Porsche_911_carrera_%28yellow%2C_5U%2C_2014%29.jpg/revision/latest?cb=20200705185501;209E_1.jpg
209I;Porsche Panamera Turbo;Porsche;Majorette Mainline;2014;2014;dark red metallic;1:64;Year Lists;List_of_2014_Majorette;https://static.wikia.nocookie.net/majorette_model_cars/images/c/c5/Porsche_Panamera_red_2014_50_years_Majorette.jpg/revision/latest?cb=20200630153250;209B_1.jpg
214D;Nissan GTR;Nissan;Majorette Mainline;2013;2014;orange;1:64;Year Lists;List_of_2014_Majorette;https://static.wikia.nocookie.net/majorette_model_cars/images/d/d4/Nissan_GTR_%28orange%2C_2014%29.jpg/revision/latest?cb=20200704124440;214D_1.jpg
217E;Chevrolet Silverado;Chevrolet;Majorette Mainline;2013;2014;blue;1:64;Year Lists;List_of_2014_Majorette;https://static.wikia.nocookie.net/majorette_model_cars/images/5/51/Chevrolet_silverado_%28blue%2C_5YO_wheels%2C_2014%29.jpg/revision/latest?cb=20200625215114;217E_1.jpg
219;Seat Leon Cupra;Seat;Majorette Mainline;2010;2014;red;1:64;Year Lists;List_of_2014_Majorette;https://static.wikia.nocookie.net/majorette_model_cars/images/3/33/Majorette_Seat_Leon_Cupra_%28red%2C_5SV%29.jpg/revision/latest?cb=20200909193717;219_15.jpg
220B;Honda CRZ;Honda;Majorette Mainline;2012;2014;white;1:64;Year Lists;List_of_2014_Majorette;https://static.wikia.nocookie.net/majorette_model_cars/images/3/3a/Honda_CRZ_white_2014_50_years_Majorette.jpg/revision/latest?cb=20240428152350;220B_1.jpg
221E;Renault Clio III;Renault;Majorette Mainline;2006;2014;metallic blue;1:64;Year Lists;List_of_2014_Majorette;https://static.wikia.nocookie.net/majorette_model_cars/images/e/e6/Majorette_Renault_Clio_B85_%28_blue%2C_5U_wheels%29.jpg/revision/latest?cb=20200727202724;221E_2.jpg
221F;Renault Szenic III;Renault;Majorette Mainline;2012;2014;black;1:64;Year Lists;List_of_2014_Majorette;https://static.wikia.nocookie.net/majorette_model_cars/images/e/e1/Renault_Szenic_III_%28black%2C_5YO%29.jpg/revision/latest?cb=20220426123003;221F_1.jpg
221H;Renault Alpine A110-50;Alpine;Majorette Mainline;2014;2014;metallic red;1:64;Year Lists;List_of_2014_Majorette;https://static.wikia.nocookie.net/majorette_model_cars/images/6/6b/Renault_Alpine_A110-50_2019_metallic_red.jpg/revision/latest?cb=20200628181746;221H.jpg
222E;Renault Megane Coupé;Renault;Majorette Mainline;2010;2014;matt black;1:64;Year Lists;List_of_2014_Majorette;https://static.wikia.nocookie.net/majorette_model_cars/images/7/75/Renault_M%C3%A9gane_Coup%C3%A9_2016_matt_black_Premium_Cars.jpg/revision/latest?cb=20200606094637;222E_3.jpg
232C;Mercedes-Benz SLS AMG;Mercedes-Benz;Majorette Mainline;2011;2014;metalflake dark red;1:64;Year Lists;List_of_2014_Majorette;https://static.wikia.nocookie.net/majorette_model_cars/images/9/91/Majorette_Mercedes-Benz_SLS_%28metalflake_dark_red%29.jpg/revision/latest?cb=20200824123626;232C_2.jpg
237c;Audi A5 Coupe;Audi;Majorette Mainline;2011;2014;Metalflake dark grey;1:64;Year Lists;List_of_2014_Majorette;https://static.wikia.nocookie.net/majorette_model_cars/images/8/8f/Majorette_Audi_A5_Coupe_%28metalflake_dark_grey%2C_5DS_wheels%29.jpg/revision/latest?cb=20210919122434;237c_1.jpg
237E;Audi A1;Audi;Majorette Mainline;2014;2014;blue;1:64;Year Lists;List_of_2014_Majorette;https://static.wikia.nocookie.net/majorette_model_cars/images/1/1e/Audi_A1_%28blue%292015.jpg/revision/latest?cb=20200624144433;237E_2.jpg
239B;Renault Trafic;Renault;Majorette Mainline;2014;2014;red;1:64;Year Lists;List_of_2014_Majorette;https://static.wikia.nocookie.net/majorette_model_cars/images/0/0a/Renault_Trafic_%28red%29.jpg/revision/latest?cb=20210404105354;239B.jpg
244B;BMW Z8;BMW;Majorette Mainline;2001;2014;red;1:64;Year Lists;List_of_2014_Majorette;https://static.wikia.nocookie.net/majorette_model_cars/images/2/24/BMW_Z8_Cabriolet_%28red%2C_5YO%29.jpg/revision/latest?cb=20220517203350;244B_4.jpg
244D;BMW Serie 5 Touring;BMW;Majorette Mainline;2007;2014;dark blue;1:64;Year Lists;List_of_2014_Majorette;https://static.wikia.nocookie.net/majorette_model_cars/images/3/3d/BMW_Series_5_Touring_%28dark_blue%2C_5YO%29.jpg/revision/latest?cb=20200716200727;244D_3.jpg
244F;BMW Z4 Roadster;BMW;Majorette Mainline;2012;2014;red;1:64;Year Lists;List_of_2014_Majorette;https://static.wikia.nocookie.net/majorette_model_cars/images/9/9e/BMW_Z4_Roadster_%28orange%2C_5YO%29.jpg/revision/latest?cb=20201106081928;244F_1.jpg
245A;Citroën DS3 WRC;Citroën;Majorette Mainline;2012;2014;white;1:64;Year Lists;List_of_2014_Majorette;https://static.wikia.nocookie.net/majorette_model_cars/images/4/4b/Citro%C3%ABn_DS4_WRC_2013_sordo_%282015%29.jpg/revision/latest?cb=20200626105638;245A_1.jpg
254L;Citroën C5;Citroën;Majorette Mainline;2010;2014;metallic dark brown;1:64;Year Lists;List_of_2014_Majorette;https://static.wikia.nocookie.net/majorette_model_cars/images/f/f5/Citro%C3%ABn_C5_%28brown%2C_D5S%29.jpg/revision/latest?cb=20200704113939;254L_2.jpg
254F;Citroën C4 Coupé;Citroën;Majorette Mainline;2005;2014;dark red;1:64;Year Lists;List_of_2014_Majorette;https://static.wikia.nocookie.net/majorette_model_cars/images/d/da/Citro%C3%ABn_C4_Coup%C3%A9_%28red%2C_5YO%29.jpg/revision/latest?cb=20240428161005;254F_4.jpg
245B;Citroën DS4;Citroën;Majorette Mainline;2014;2014;brown;1:64;Year Lists;List_of_2014_Majorette;https://static.wikia.nocookie.net/majorette_model_cars/images/e/ed/Majorette_citro%C3%ABn_DS4_%28brown%2C_2014%29.jpg/revision/latest?cb=20200626174729;245B.jpg
271B;Alfa Romeo Giulietta;Alfa Romeo;Majorette Mainline;2014;2014;dark red;1:64;Year Lists;List_of_2014_Majorette;https://static.wikia.nocookie.net/majorette_model_cars/images/9/93/Alfa_Romeo_Giulietta_2016_red_Premium_Cars.jpg/revision/latest?cb=20200605161336;271B.jpg
201B;Ford Fiesta RS WRC;Ford;Majorette Mainline;2012;2015;aubergine;1:64;Year Lists;List_of_2015_Majorette;https://static.wikia.nocookie.net/majorette_model_cars/images/b/bd/Ford_Fiesta_RS_WRC_Qata_%28purple%2C_2015%29.jpg/revision/latest?cb=20200628182559;201B_3.jpg
201C;Ford F-150;Ford;Majorette Mainline;2015;2015;white;1:64;Year Lists;List_of_2015_Majorette;https://static.wikia.nocookie.net/majorette_model_cars/images/1/1d/Ford_F-150_%282015%2C_white%29.jpg/revision/latest?cb=20200628155555;201C.jpg
202A;Opel Adam;Opel;Majorette Mainline;2014;2015;yellow;1:64;Year Lists;List_of_2015_Majorette;https://static.wikia.nocookie.net/majorette_model_cars/images/2/2f/Opel_Adam_%28yellow%2C_2015%29.jpg/revision/latest?cb=20200704182853;202A_1.jpg
203C;Volkswagen Amarok;Volkswagen;Majorette Mainline;2012;2015;red;1:64;Year Lists;List_of_2015_Majorette;https://static.wikia.nocookie.net/majorette_model_cars/images/d/d5/Majorette_Volkswagen_Amarok_%28red%2C_127%2C_909%2C_fire_brigade%2C_white_roof%29.jpg/revision/latest?cb=20211025174727;203C_1.jpg
204A;Ford Mustang Boss 302;Ford;Majorette Mainline;2013;2015;green;1:64;Year Lists;List_of_2015_Majorette;https://static.wikia.nocookie.net/majorette_model_cars/images/2/25/Ford_Mustang_Boss_302_%282014%2C_green%2C_DS5%29.jpg/revision/latest?cb=20200629135240;204A.jpg
205J;Peugeot 308 GT;Peugeot;Majorette Mainline;2015;2015;metallic red / black;1:64;Year Lists;List_of_2015_Majorette;https://static.wikia.nocookie.net/majorette_model_cars/images/5/58/Majorette_peugeot_308_gt_.jpg/revision/latest?cb=20200705164715;205J.jpg
209F;Porsche 918 Spyder;Porsche;Majorette Mainline;2015;2015;metallic blue;1:64;Year Lists;List_of_2015_Majorette;https://static.wikia.nocookie.net/majorette_model_cars/images/0/09/Porsche_918_Spyder_metallic_blue_2016_gift_pack.jpg/revision/latest?cb=20220518130551;209F.jpg
214D;Nissan GTR;Nissan;Majorette Mainline;2013;2015;orange;1:64;Year Lists;List_of_2015_Majorette;https://static.wikia.nocookie.net/majorette_model_cars/images/4/4d/Nissan_GTR_%28white%29_2015.jpg/revision/latest?cb=20201105201556;214D_2.jpg
216B;Mercedes-Benz GL;Mercedes-Benz;Majorette Mainline;2015;2015;blue;1:64;Year Lists;List_of_2015_Majorette;https://static.wikia.nocookie.net/majorette_model_cars/images/f/fd/Mercedes_Benz_GL_Premium_blau.jpg/revision/latest?cb=20200605194517;216B.jpg
217E;Chevrolet Silverado;Chevrolet;Majorette Mainline;2014;2015;blue;1:64;Year Lists;List_of_2015_Majorette;https://static.wikia.nocookie.net/majorette_model_cars/images/5/51/Chevrolet_silverado_%28blue%2C_5YO_wheels%2C_2014%29.jpg/revision/latest?cb=20200625215114;217E_1.jpg
219D;Lamborghini Gallardo;Lamborghini;Majorette Mainline;2011;2015;metallic orange;1:64;Year Lists;List_of_2015_Majorette;https://static.wikia.nocookie.net/majorette_model_cars/images/0/0a/Lamborghini_galardo_%28metallic_orange%29.jpg/revision/latest?cb=20200702211600;219D_1.jpg
219E;Lamborghini Aventador;Lamborghini;Majorette Mainline;2015;2015;yellow;1:64;Year Lists;List_of_2015_Majorette;https://static.wikia.nocookie.net/majorette_model_cars/images/d/d1/Lamborghini_Aventador_2018_yellow_gift_pack_glowing_wheels.jpg/revision/latest?cb=20200605191040;219E.jpg
222D;Renault Megane Trophy;Renault;Majorette Mainline;2010;2015;gray;1:64;Year Lists;List_of_2015_Majorette;https://static.wikia.nocookie.net/majorette_model_cars/images/8/8c/Majorette_Renault_Megane_Trophy_%28gray%29.jpg/revision/latest?cb=20230601213121;222D_2.jpg
226a;Hamm H20i;Majorette;Majorette Mainline;2015;2015;Orange;1:64;Year Lists;List_of_2015_Majorette;https://static.wikia.nocookie.net/majorette_model_cars/images/c/c2/Majorette_Hamm_H20i_%28metalflake_orange%29.jpg/revision/latest?cb=20200531145232;226a.jpg
228B;Lamborghini Countach LPI 800-4;Lamborghini;Majorette Mainline;223;2015;white;1:64;Year Lists;List_of_2015_Majorette;https://static.wikia.nocookie.net/majorette_model_cars/images/4/47/Majorette_228B_Lamborghini_Countach_LPI_800-4.png/revision/latest?cb=20231226092327;228B.jpg
232D;Mercedes-Benz A-Class;Mercedes-Benz;Majorette Mainline;2015;2015;metallic dark red;1:64;Year Lists;List_of_2015_Majorette;https://static.wikia.nocookie.net/majorette_model_cars/images/9/93/Mercedes_Benz_A-Class_dunkelrot_metallic.jpg/revision/latest?cb=20200605194426;232D.jpg
237c;Audi A5 Coupe;Audi;Majorette Mainline;2011;2015;metallic dark grey;1:64;Year Lists;List_of_2015_Majorette;https://static.wikia.nocookie.net/majorette_model_cars/images/5/5d/Audi_A5_Coupe_%282%29.jpg/revision/latest?cb=20200601133600;237c_2.jpg
237E;Audi A1 Sport;Audi;Majorette Mainline;2015;2015;white;1:64;Year Lists;List_of_2015_Majorette;https://static.wikia.nocookie.net/majorette_model_cars/images/4/49/Audi_A1_Racing_Cars_2015_1_white.jpg/revision/latest?cb=20200620184054;237E_3.jpg
239B;Renault Trafic;Renault;Majorette Mainline;2014;2015;black;1:64;Year Lists;List_of_2015_Majorette;https://static.wikia.nocookie.net/majorette_model_cars/images/6/6a/Renault_Trafic_%28black%29.jpg/revision/latest?cb=20240811163838;239B_1.jpg
239C;Renault Master;Renault;Majorette Mainline;2011;2015;white;1:64;Year Lists;List_of_2015_Majorette;https://static.wikia.nocookie.net/majorette_model_cars/images/8/86/Majorette_Renault_Master_%28white%2C_construction_service%29.jpg/revision/latest?cb=20210916175341;239C_1.jpg
242A;Liebherr R936;Liebherr;Majorette Mainline;2015;2015;orange;1:64;Year Lists;List_of_2015_Majorette;https://static.wikia.nocookie.net/majorette_model_cars/images/e/ea/Liebherr_R936_orange_construction_series_242A.jpg/revision/latest?cb=20201122101856;242A.jpg
245B;Citroën DS4;Citroën;Majorette Mainline;2014;2015;white;1:64;Year Lists;List_of_2015_Majorette;https://static.wikia.nocookie.net/majorette_model_cars/images/3/32/Majorette_citro%C3%ABn_DS4_%28white%2C_2016%29.jpg/revision/latest?cb=20200626172638;245B_1.jpg
263C;Liebherr L538;Liebherr;Majorette Mainline;2015;2015;orange;1:64;Year Lists;List_of_2015_Majorette;https://static.wikia.nocookie.net/majorette_model_cars/images/2/2c/Liebherr_L538_orange_263C.jpg/revision/latest?cb=20201030200235;263C.jpg
264C;Volkswagen Golf GTi (Mk VII);Volkswagen;Majorette Mainline;2015;2015;black;1:64;Year Lists;List_of_2015_Majorette;https://static.wikia.nocookie.net/majorette_model_cars/images/f/f6/Majorette_VW_Golf_GTI_%28black%2C_DS5_wheels%29.jpg/revision/latest?cb=20200531155455;264C.jpg
266A;Range Rover Evoque;Land Rover;Majorette Mainline;2015;2015;metallic copper;1:64;Year Lists;List_of_2015_Majorette;https://static.wikia.nocookie.net/majorette_model_cars/images/f/fe/Range_Rover_Evoque_2017_Premium_copper_metallic.jpg/revision/latest?cb=20200606094519;266A.jpg
271B;Alfa Romeo Giulietta;Alfa Romeo;Majorette Mainline;2014;2015;red;1:64;Year Lists;List_of_2015_Majorette;https://static.wikia.nocookie.net/majorette_model_cars/images/9/93/Alfa_Romeo_Giulietta_2016_red_Premium_Cars.jpg/revision/latest?cb=20200605161336;271B.jpg
279A;Chevrolet Camaro 2010;Chevrolet;Majorette Mainline;2012;2015;yellow;1:64;Year Lists;List_of_2015_Majorette;https://static.wikia.nocookie.net/majorette_model_cars/images/a/a9/Chevrolet_camaro_%282015%2C_yellow%29.jpg/revision/latest?cb=20200624233504;279A_1.jpg
294F;Mini Cooper WRC;MINI;Majorette Mainline;2013;2015;blue;1:64;Year Lists;List_of_2015_Majorette;https://static.wikia.nocookie.net/majorette_model_cars/images/4/48/Majorette_Mini_Cooper_WRC_%28blue%2C_white_orange_print%2C_wza_43%2C_5V_wheels%29.jpg/revision/latest?cb=20201031224813;294F_1.jpg
297B;Mercedes-Benz Zetros Dump Truck;Mercedes-Benz;Majorette Mainline;2015;2015;blue;1:64 / 1:87;Year Lists;List_of_2015_Majorette;https://static.wikia.nocookie.net/majorette_model_cars/images/0/03/Mercedes-Benz_Zetros_Dump_Truck_blue.jpg/revision/latest?cb=20200814194217;297B.jpg
297B;Mercedes-Benz Zetros Fire Truck;Mercedes-Benz;Majorette Mainline;2015;2015;red;1:64 / 1:87;Year Lists;List_of_2015_Majorette;https://static.wikia.nocookie.net/majorette_model_cars/images/1/10/Majorette_Mercedes-Benz_Zetros_Fire_Truck_%28red%2C_127_fire_brigade%29.jpg/revision/latest?cb=20201031140126;297B_1.jpg
299F;MAN TGS Fire Truck;MAN;Majorette Mainline;2015;2015;red;1:64 / 1:87;Year Lists;List_of_2015_Majorette;https://static.wikia.nocookie.net/majorette_model_cars/images/d/d2/Majorette_Man_TGS_Fire_Truck_%28red%2C_909_fire_brigade%29.jpg/revision/latest?cb=20200531154612;299F.jpg
299F;MAN TGS Mixer;MAN;Majorette Mainline;2015;2015;red;1:64;Year Lists;List_of_2015_Majorette;https://static.wikia.nocookie.net/majorette_model_cars/images/e/e2/MAN_TGS_Mixer_red_299F.jpg/revision/latest?cb=20200816124416;299F_1.jpg
335D;Dacia Duster;Dacia;Majorette Mainline;2002;2015;;1:64;Year Lists;List_of_2015_Majorette;https://static.wikia.nocookie.net/majorette_model_cars/images/4/46/Dacia_%2B_Mini_Go_Kart_Trailer_%28.jpg/revision/latest?cb=20211025231435;335D_3.jpg
201B;Ford Fiesta RS WRC;Ford;Majorette Mainline;2012;2016;white;1:64;Year Lists;List_of_2016_Majorette;https://static.wikia.nocookie.net/majorette_model_cars/images/2/27/Ford_Fiesta_RS_WRC_Rallye_%28white%2C_2015%29.jpg/revision/latest?cb=20200628182715;201B_4.jpg
201C;Ford F-150;Ford;Majorette Mainline;2015;2016;matt gray;1:64;Year Lists;List_of_2016_Majorette;https://static.wikia.nocookie.net/majorette_model_cars/images/d/d1/Ford_F_150_matt_grau.jpg/revision/latest?cb=20200605181443;201C_1.jpg
206C;Renault Twingo Mk3;Renault;Majorette Mainline;2016;2016;light blue metallic;1:64;Year Lists;List_of_2016_Majorette;https://static.wikia.nocookie.net/majorette_model_cars/images/e/e6/Renault_Twingo_light_blue_metallic_2017.jpg/revision/latest?cb=20220518125825;206C.jpg
White;White;Majorette;Majorette Mainline;2016;2016;;1:64;Year Lists;List_of_2016_Majorette;https://static.wikia.nocookie.net/majorette_model_cars/images/1/1f/Renault_twingo_3_paris.jpeg/revision/latest?cb=20250320223406;White.jpg
208A;Deutz-Fahr 9340 TTV;Deutz-Fahr;Majorette Mainline;2016;2016;green;1:64;Year Lists;List_of_2016_Majorette;https://static.wikia.nocookie.net/majorette_model_cars/images/f/fb/Deutz-Fahr_9340_TTV_Farm_Asst_208A_green.jpg/revision/latest?cb=20200801164800;208A.jpg
208B;CLAAS Xerion 5000;Claas;Majorette Mainline;2016;2016;green;1:64;Year Lists;List_of_2016_Majorette;https://static.wikia.nocookie.net/majorette_model_cars/images/8/8b/CLAAS_Xerion_5000_Farm_Single_Asst_208B.jpg/revision/latest?cb=20200801090921;208B.jpg
208E;Massey Ferguson 8737;Massey Ferguson;Majorette Mainline;2016;2016;red;1:64;Year Lists;List_of_2016_Majorette;https://static.wikia.nocookie.net/majorette_model_cars/images/9/9d/Massey_Ferguson_8737_Farm_Single_Asst._208E.jpg/revision/latest?cb=20200801104529;208E.jpg
208G;Valtra T4;Valtra;Majorette Mainline;2016;2016;blue;1:64;Year Lists;List_of_2016_Majorette;https://static.wikia.nocookie.net/majorette_model_cars/images/9/99/Valtra_T4_Farm_Asst._208G_blue.jpg/revision/latest?cb=20200801162631;208G.jpg
209B;Porsche Panamera;Porsche;Majorette Mainline;2011;2016;silver;1:64;Year Lists;List_of_2016_Majorette;https://static.wikia.nocookie.net/majorette_model_cars/images/1/13/Porsche_Panamera_%282015%2C_silver%2C_polizei%29.jpg/revision/latest?cb=20200706201313;209B_2.jpg
209D;Porsche 911 GT3;Porsche;Majorette Mainline;2011;2016;red;1:64;Year Lists;List_of_2016_Majorette;https://static.wikia.nocookie.net/majorette_model_cars/images/2/24/Porsche_911_GT3_%28red%2C_2016%29.jpg/revision/latest?cb=20200705195758;209D_3.jpg
209F;Porsche 918 Spyder;Porsche;Majorette Mainline;2015;2016;metallic blue;1:64;Year Lists;List_of_2016_Majorette;https://static.wikia.nocookie.net/majorette_model_cars/images/7/78/Porsche_918_Spyder_%282016%2C_metallic_blue%2C_black_interior%29.jpg/revision/latest?cb=20200824132407;209F_1.jpg
209H;Porsche 911 GT3 RS;Porsche;Majorette Mainline;2016;2016;red;1:64;Year Lists;List_of_2016_Majorette;https://static.wikia.nocookie.net/majorette_model_cars/images/3/36/Porsche_911_GT_3_RS_rot.jpg/revision/latest?cb=20200605201350;209H.jpg
209F;Porsche 918 Spyder;Porsche;Majorette Mainline;2016;2016;blue;1:64;Year Lists;List_of_2016_Majorette;https://static.wikia.nocookie.net/majorette_model_cars/images/0/09/Porsche_918_Spyder_metallic_blue_2016_gift_pack.jpg/revision/latest?cb=20220518130551;209F.jpg
214D;Nissan GTR;Nissan;Majorette Mainline;2013;2016;white;1:64;Year Lists;List_of_2016_Majorette;https://static.wikia.nocookie.net/majorette_model_cars/images/4/4d/Nissan_GTR_%28white%29_2015.jpg/revision/latest?cb=20201105201556;214D_2.jpg
220B;Honda CRZ;Honda;Majorette Mainline;2012;2016;black;1:64;Year Lists;List_of_2016_Majorette;https://static.wikia.nocookie.net/majorette_model_cars/images/1/19/Honda_CRZ_%28black%2C_8S%2C_2016%29.jpg/revision/latest?cb=20200630194641;220B_2.jpg
221F;Renault Szenic III;Renault;Majorette Mainline;2012;2016;orange;1:64;Year Lists;List_of_2016_Majorette;https://static.wikia.nocookie.net/majorette_model_cars/images/4/4f/Renault_Szenic_III_%28orange%2C_8S%29.jpg/revision/latest?cb=20220426123752;221F_2.jpg
224A;Jeep Wrangler Rubicon;Jeep;Majorette Mainline;2016;2016;yellow;1:64;Year Lists;List_of_2016_Majorette;https://static.wikia.nocookie.net/majorette_model_cars/images/e/e6/Jeep_Wrangler_Rubicon_yellow.jpg/revision/latest?cb=20200605191016;224A.jpg
225A;Dacia Duster;Dacia;Majorette Mainline;2011;2016;blue;1:64;Year Lists;List_of_2016_Majorette;https://static.wikia.nocookie.net/majorette_model_cars/images/d/d2/Dacia_Duster_andros_racing_%282017%29.jpg/revision/latest?cb=20200626212939;225A_2.jpg
229C;Akylone Concept;Concept Vehicles;Majorette Mainline;2013;2016;blue;1:64;Year Lists;List_of_2016_Majorette;https://static.wikia.nocookie.net/majorette_model_cars/images/c/cf/Akylone_Concept_Racing_Cars_2014_blue.jpg/revision/latest?cb=20200703180606;229C_1.jpg
232C;Mercedes-Benz SLS AMG;Mercedes-Benz;Majorette Mainline;2011;2016;yellow;1:64;Year Lists;List_of_2016_Majorette;https://static.wikia.nocookie.net/majorette_model_cars/images/5/59/Mercedes-Benz_SLS_AMG_%28yellow%2C_2016%29.jpg/revision/latest?cb=20200703215309;232C_3.jpg
232E;Mercedes-AMG GT;Mercedes-Benz;Majorette Mainline;2016;2016;yellow;1:64;Year Lists;List_of_2016_Majorette;https://static.wikia.nocookie.net/majorette_model_cars/images/9/95/Mercedes_AMG_GT_Premium_gelb.jpg/revision/latest?cb=20200605194339;232E.jpg
237D;Audi R8 Mk1;Audi;Majorette Mainline;2011;2016;Red;1:64;Year Lists;List_of_2016_Majorette;https://static.wikia.nocookie.net/majorette_model_cars/images/0/0d/Audi_R8_red_237D_2017.jpg/revision/latest?cb=20220518125959;237D_2.jpg
238B;Dodge SRT Viper;Dodge;Majorette Mainline;2016;2016;blue;1:64;Year Lists;List_of_2016_Majorette;https://static.wikia.nocookie.net/majorette_model_cars/images/d/d2/Dodge_Viper_SRT_blue_Premium_Cars_2016.jpg/revision/latest?cb=20200605175718;238B.jpg
244F;BMW Z4 Roadster;BMW;Majorette Mainline;2012;2016;white;1:64;Year Lists;List_of_2016_Majorette;https://static.wikia.nocookie.net/majorette_model_cars/images/c/c9/BMW_Z4_Roadster_%28white%2C_8SB%29.jpg/revision/latest?cb=20201107193327;244F_2.jpg
245A;Citroën DS3 WRC;Citroën;Majorette Mainline;2012;2016;white;1:64;Year Lists;List_of_2016_Majorette;https://static.wikia.nocookie.net/majorette_model_cars/images/9/96/Citro%C3%ABn_DS3_WRC_Loeb_%282016%29.jpg/revision/latest?cb=20200626103127;245A_2.jpg
245C;Citroën C4 Cactus;Citroën;Majorette Mainline;2016;2016;yellow;1:64;Year Lists;List_of_2016_Majorette;https://static.wikia.nocookie.net/majorette_model_cars/images/2/21/Majorette_Citro%C3%ABn_C4_Cactus_%28yellow%2C_2017%29.jpg/revision/latest?cb=20200626095205;245C.jpg
252B;BENTLEY Continental GT V8 S;Bentley;Majorette Mainline;2016;2016;White;1:64;Year Lists;List_of_2016_Majorette;https://static.wikia.nocookie.net/majorette_model_cars/images/f/f4/BENTLEY_Continental_GT_V8_S_weiss_2016_Premium_Cars.jpg/revision/latest?cb=20200605165646;252B.jpg
254J;Citroën C Crosser;Citroën;Majorette Mainline;2009;2016;blue;1:64;Year Lists;List_of_2016_Majorette;https://static.wikia.nocookie.net/majorette_model_cars/images/5/5b/Majorette_Citro%C3%ABn_C_Crosser_%28blue%29.jpg/revision/latest?cb=20211022184702;254J_3.jpg
264D;Volkswagen Polo R WRC;Volkswagen;Majorette Mainline;2016;2016;dark blue / white;1:64;Year Lists;List_of_2016_Majorette;https://static.wikia.nocookie.net/majorette_model_cars/images/9/98/Racing_VW_Polo_WRC_Champion.jpg/revision/latest?cb=20200606094432;264D.jpg
271C;Alfa Romeo 4C Spider;Alfa Romeo;Majorette Mainline;2016;2016;White;1:64;Year Lists;List_of_2016_Majorette;https://static.wikia.nocookie.net/majorette_model_cars/images/0/01/Alfa_romeo_4C_Spider_%28white%29.jpg/revision/latest?cb=20200624131638;271C.jpg
279A;Chevrolet Camaro 2010;Chevrolet;Majorette Mainline;2012;2016;yellow;1:64;Year Lists;List_of_2016_Majorette;https://static.wikia.nocookie.net/majorette_model_cars/images/5/5e/Chevrolet_Camaro_2010_-_2016_gelb.jpg/revision/latest?cb=20200605170849;279A_2.jpg
286C;Fiat 500;Fiat;Majorette Mainline;2008;2016;white;1:64;Year Lists;List_of_2016_Majorette;https://static.wikia.nocookie.net/majorette_model_cars/images/4/46/Fiat_500_weiss_metallic_2017_rotes_dach.jpg/revision/latest?cb=20211022202416;286C_4.jpg
288B;Renault Kangoo Express;Renault;Majorette Mainline;2010;2016;orange;1:64;Year Lists;List_of_2016_Majorette;https://static.wikia.nocookie.net/majorette_model_cars/images/b/ba/Renault_Kangoo_Express_%28orange%2C_DHL%2C_D5S_wheels%29.jpg/revision/latest?cb=20200906173027;288B_3.jpg
293B;Jaguar F-Type;Jaguar;Majorette Mainline;2016;2016;metallic copper;1:64;Year Lists;List_of_2016_Majorette;https://static.wikia.nocookie.net/majorette_model_cars/images/d/d6/Jaguar_F-Type_2016_Premium_copper_metallic.jpg/revision/latest?cb=20200605190855;293B.jpg
297B;Mercedes-Benz Zetros Recycling Truck;Mercedes-Benz;Majorette Mainline;2016;2016;red;1:64 / 1:87;Year Lists;List_of_2016_Majorette;https://static.wikia.nocookie.net/majorette_model_cars/images/3/39/Mercedes-Benz_Zetros_Recycling_Truck_city_white.jpg/revision/latest?cb=20200810163017;297B_2.jpg
297B;Mercedes-Benz Zetros Wood Truck;Mercedes-Benz;Majorette Mainline;2016;2016;green;1:64 / 1:87;Year Lists;List_of_2016_Majorette;https://static.wikia.nocookie.net/majorette_model_cars/images/e/ed/Mercedes-Benz_Atris_Wood_Truck_279B_green.jpg/revision/latest?cb=20201006163110;297B_3.jpg
299E;MAN TGS Semi Trailer Truck;MAN;Majorette Mainline;2016;2016;blue;1:64 / 1:87;Year Lists;List_of_2016_Majorette;https://static.wikia.nocookie.net/majorette_model_cars/images/0/08/MAN_TGS_Semi_Trailer_Truck_silber_black_continental.jpg/revision/latest?cb=20200814133650;299E.jpg
299F;MAN TGS Garbage Truck;MAN;Majorette Mainline;2016;2016;red / white;1:64 / 1:87;Year Lists;List_of_2016_Majorette;https://static.wikia.nocookie.net/majorette_model_cars/images/2/26/MAN_TGS_Garbage_Truck_red_white_2016_city.jpg/revision/latest?cb=20200722125854;299F_2.jpg
R37;Fliegl ASW 271;Fliegl;Majorette Mainline;2016;2016;silver;1:64;Year Lists;List_of_2016_Majorette;https://static.wikia.nocookie.net/majorette_model_cars/images/6/6d/Fliegl_ASW_271_silver_R37.jpg/revision/latest?cb=20200814073118;R37.jpg
203C;Volkswagen Amarok;Volkswagen;Majorette Mainline;2012;2017;white;1:64;Year Lists;List_of_2017_Majorette;https://static.wikia.nocookie.net/majorette_model_cars/images/c/cb/Volkswagen_Amarok_2020_Pickup_Series_white_Tractor_Service_203C.jpg/revision/latest?cb=20201214091031;203C_2.jpg
203G;Volkswagen T6;Volkswagen;Majorette Mainline;2017;2017;red / white;1:64;Year Lists;List_of_2017_Majorette;https://static.wikia.nocookie.net/majorette_model_cars/images/6/61/Volkswagen_T6_%28red%2C_2017%29.jpg/revision/latest?cb=20200627190756;203G.jpg
204B;Ford GT;Ford;Majorette Mainline;2017;2017;metallic blue;1:64;Year Lists;List_of_2017_Majorette;https://static.wikia.nocookie.net/majorette_model_cars/images/5/54/Ford_GT_%282018%2C_blue%29.jpg/revision/latest?cb=20200628193128;204B.jpg
205K;Peugeot Vision Gran Turismo;Peugeot;Majorette Mainline;2017;2017;red;1:64;Year Lists;List_of_2017_Majorette;https://static.wikia.nocookie.net/majorette_model_cars/images/6/6e/Peugeot_Vision_Gran_Turismo_%28red%29_2017.jpg/revision/latest?cb=20220520213646;205K.jpg
209D;Porsche 911 GT3;Porsche;Majorette Mainline;2011;2017;viper green;1:64;Year Lists;List_of_2017_Majorette;https://static.wikia.nocookie.net/majorette_model_cars/images/7/7c/Porsche_911_GT_3_gruen.jpg/revision/latest?cb=20200605201246;209D_4.jpg
209E;Porsche 911 Carrera;Porsche;Majorette Mainline;2012;2017;yellow;1:64;Year Lists;List_of_2017_Majorette;https://static.wikia.nocookie.net/majorette_model_cars/images/f/f1/Porsche_911_Carrera_2017_gelb_black_rim.jpg/revision/latest?cb=20220518130137;209E_2.jpg
209G;Porsche 718 Boxster;Porsche;Majorette Mainline;2017;2017;yellow;1:64;Year Lists;List_of_2017_Majorette;https://static.wikia.nocookie.net/majorette_model_cars/images/8/8d/Porsche_718_Boxster_gelb.jpg/revision/latest?cb=20200605201159;209G.jpg
210A;Renault Alpine A110;Alpine;Majorette Mainline;2017;2017;blue;1:64;Year Lists;List_of_2017_Majorette;https://static.wikia.nocookie.net/majorette_model_cars/images/b/b7/Renault_Alpine_A110_%28blue%2C_vintage%2C_2018%29.jpg/revision/latest?cb=20210410131710;210A.jpg
211A;Infiniti Concept Vision Gran Turismo;Infiniti Vehicles;Majorette Mainline;2017;2017;yellow;1:64;Year Lists;List_of_2017_Majorette;https://static.wikia.nocookie.net/majorette_model_cars/images/8/8d/Infiniti_Concept_Vision_Gran_Turismo_%28yellow%29_2017.jpg/revision/latest?cb=20220520211825;211A.jpg
214E;Nissan Concept 2020 Vision Gran Turismo;Nissan;Majorette Mainline;2017;2017;blue;1:64;Year Lists;List_of_2017_Majorette;https://static.wikia.nocookie.net/majorette_model_cars/images/7/7c/Nissan_Concept_2020_Vision_Gran_Turismo_%28blue%29_2017.jpg/revision/latest?cb=20220520215415;214E.jpg
219F;Lamborghini Huracán Avio;Lamborghini;Majorette Mainline;2017;2017;olive green;1:64;Year Lists;List_of_2017_Majorette;https://static.wikia.nocookie.net/majorette_model_cars/images/1/11/Lamborghini_Hurac%C3%A1n_Avio_2017_Premium_Cars_oliv_green.jpg/revision/latest?cb=20200605191225;219F.jpg
219G;Lamborghini Aventador SV Roadster;Lamborghini;Majorette Mainline;2017;2017;light blue;1:64;Year Lists;List_of_2017_Majorette;https://static.wikia.nocookie.net/majorette_model_cars/images/4/4c/Lamborghini_Aventador_SV_Roadster_blue_2018_gift_pack_glowing_wheels.jpg/revision/latest?cb=20200605191135;219G.jpg
221G;Renault Clio Sport;Renault;Majorette Mainline;2013;2017;yellow;1:64;Year Lists;List_of_2017_Majorette;https://static.wikia.nocookie.net/majorette_model_cars/images/d/dd/Renault_Clio_Sport_%28yellow%29.jpg/revision/latest?cb=20200709184526;221G_1.jpg
221I;Alpine Vision Gran Turismo;Alpine;Majorette Mainline;2017;2017;blue;1:64;Year Lists;List_of_2017_Majorette;https://static.wikia.nocookie.net/majorette_model_cars/images/7/73/Alpine_Vision_Gran_Turismo_%28blue%29_2017.jpg/revision/latest?cb=20220520220214;221I.jpg
222E;Renault Megane Coupé;Renault;Majorette Mainline;2010;2017;blue;1:64;Year Lists;List_of_2017_Majorette;https://static.wikia.nocookie.net/majorette_model_cars/images/f/f5/Renault_Megane_Coup%C3%A9_%282017%2C_blue%29.jpg/revision/latest?cb=20200709124518;222E_4.jpg
232F;Mercedes-Benz AMG Vision Gran Turismo;Mercedes-Benz;Majorette Mainline;2017;2017;silver;1:64;Year Lists;List_of_2017_Majorette;https://static.wikia.nocookie.net/majorette_model_cars/images/b/b4/Mercedes-Benz_AMG_Vision_Gran_Turismo_%28silver%29_2017.jpg/revision/latest?cb=20220520221354;232F.jpg
237C;Audi A5 Coupe;Audi;Majorette Mainline;2011;2017;metallic silver grey;1:64;Year Lists;List_of_2017_Majorette;https://static.wikia.nocookie.net/majorette_model_cars/images/4/4e/Audi_A5_silber-grau_2017.jpg/revision/latest?cb=20200605162501;237C_1.jpg
237F;Audi R8 Mk2 Coupé;Audi;Majorette Mainline;2017;2017;yellow;1:64;Year Lists;List_of_2017_Majorette;https://static.wikia.nocookie.net/majorette_model_cars/images/9/93/Audi_R8_2018_yellow_gift_pack_glowing_wheels.jpg/revision/latest?cb=20200605163653;237F.jpg
238C;Dodge Challenger SRT;Dodge;Majorette Mainline;2017;2017;green;1:64;Year Lists;List_of_2017_Majorette;https://static.wikia.nocookie.net/majorette_model_cars/images/0/0e/Dodge_Challenger_-_Hellcat_%28green%2C_premium_cars%2C_2017%29.jpg/revision/latest?cb=20200627110115;238C.jpg
241A;Volkswagen Beetle;Volkswagen;Majorette Mainline;2017;2017;pastel blue;1:64;Year Lists;List_of_2017_Majorette;https://static.wikia.nocookie.net/majorette_model_cars/images/6/69/Majorette_vw_beetle_.jpg/revision/latest?cb=20200627162609;241A.jpg
243A;Volkswagen T1;Volkswagen;Majorette Mainline;2017;2017;white / yellow;1:64;Year Lists;List_of_2017_Majorette;https://static.wikia.nocookie.net/majorette_model_cars/images/7/78/Volkswagen_T1_%28yellow%2C_2017%29.jpg/revision/latest?cb=20200627200810;243A.jpg
250B;Mercedes-AMG G63;Mercedes-Benz;Majorette Mainline;2017;2017;yellow;1:64;Year Lists;List_of_2017_Majorette;https://static.wikia.nocookie.net/majorette_model_cars/images/0/06/Mercedes_Benz_G63_AMG_gelb.jpg/revision/latest?cb=20200605194452;250B.jpg
254J;Citroën C Crosser;Citroën;Majorette Mainline;2009;2017;white;1:64;Year Lists;List_of_2017_Majorette;https://static.wikia.nocookie.net/majorette_model_cars/images/d/d7/Majorette_Citro%C3%ABn_C_Crosser_%28white%2C_the_beach%29.jpg/revision/latest?cb=20211022184003;254J_4.jpg
269C;Porsche 934;Porsche;Majorette Mainline;2017;2017;red;1:64;Year Lists;List_of_2017_Majorette;https://static.wikia.nocookie.net/majorette_model_cars/images/e/eb/Porsche_934_%282017%2C_red%2C_D5SY%29.jpg/revision/latest?cb=20200706191855;269C.jpg
275D;Subaru Impreza WRX STI;Subaru;Majorette Mainline;2017;2017;blue;1:64;Year Lists;List_of_2017_Majorette;https://static.wikia.nocookie.net/majorette_model_cars/images/a/a2/Subaru_WRX_STI_Premium_Cars_2017_dark_blue.jpg/revision/latest?cb=20200606094901;275D.jpg
279A;Chevrolet Camaro 2010;Chevrolet;Majorette Mainline;2012;2017;maroon;1:64;Year Lists;List_of_2017_Majorette;https://static.wikia.nocookie.net/majorette_model_cars/images/6/6b/Chevrolet_Camaro_2010_-_2017_red_metallic.jpg/revision/latest?cb=20200605170916;279A_3.jpg
290A;Ford Mustang;Ford;Majorette Mainline;2017;2017;black;1:64;Year Lists;List_of_2017_Majorette;https://static.wikia.nocookie.net/majorette_model_cars/images/a/a8/Ford_Mustang_Fastback_1967_290A_-_schwarz.jpg/revision/latest?cb=20220521140215;290A.jpg
292I;Misubishi Concept XR-Phev Evolution Vision Gran Turismo;Mitsubishi;Majorette Mainline;2017;2017;white;1:64;Year Lists;List_of_2017_Majorette;https://static.wikia.nocookie.net/majorette_model_cars/images/e/e6/Mitsubishi_Concept_XR-Phev_Evolution_Vision_Gran_Turismo_%28white%29_2017.jpg/revision/latest?cb=20220520222110;292I.jpg
292J;Toyota Corolla Altis;Toyota;Majorette Mainline;2017;2017;white;1:64;Year Lists;List_of_2017_Majorette;https://static.wikia.nocookie.net/majorette_model_cars/images/6/6d/Majorette_Toyota_Corolla_%28white%2C_DS5_wheels%29.jpg/revision/latest?cb=20220324163910;292J.jpg
293B;Jaguar F-Type;Jaguar;Majorette Mainline;2016;2017;metallic blue;1:64;Year Lists;List_of_2017_Majorette;https://static.wikia.nocookie.net/majorette_model_cars/images/d/d6/Jaguar_F-Type_2016_Premium_copper_metallic.jpg/revision/latest?cb=20200605190855;293B.jpg
608B;Siemens Avenio;Siemens;Majorette Mainline;2017;2017;green;1:64;Year Lists;List_of_2017_Majorette;https://static.wikia.nocookie.net/majorette_model_cars/images/5/5c/Siemens_Avenio_green_graffiti_Majorette.jpg/revision/latest?cb=20200803174918;608B.jpg
201C;Ford F-150;Ford;Majorette Mainline;2015;2018;matt black;1:64;Year Lists;List_of_2018_Majorette;https://static.wikia.nocookie.net/majorette_model_cars/images/d/d3/Ford_F_150_Raptor_matt_schwarz_-_Mueller_Exclusive.jpg/revision/latest?cb=20200605181508;201C_2.jpg
203A;Volkswagen New Beetle;Volkswagen;Majorette Mainline;2012;2018;white;1:64;Year Lists;List_of_2018_Majorette;https://static.wikia.nocookie.net/majorette_model_cars/images/2/24/Volkswagen_New_Beetle_%28white%2C_D5SB_%29.jpg/revision/latest?cb=20200707175312;203A_3.jpg
203I;VW Crafter;Volkswagen;Majorette Mainline;2018;2018;white;1:64;Year Lists;List_of_2018_Majorette;https://static.wikia.nocookie.net/majorette_model_cars/images/7/70/Volkswagen_crafter_%28white%2C_SOS_flasher%2C_2018%29.jpg/revision/latest?cb=20200627182018;203I.jpg
204A;Ford Mustang Boss 302;Ford;Majorette Mainline;2014;2018;orange;1:64;Year Lists;List_of_2018_Majorette;https://static.wikia.nocookie.net/majorette_model_cars/images/d/d3/Ford_Mustang_Boss_302_orange_metallic_wheel_variation_208-2019.jpg/revision/latest?cb=20200615165500;204A_1.jpg
205J;Peugeot 308 GT;Peugeot;Majorette Mainline;2015;2018;metallic red / black;1:64;Year Lists;List_of_2018_Majorette;https://static.wikia.nocookie.net/majorette_model_cars/images/f/f4/Peugeot_308_GTI_red_black_2018_Premum_Cars.jpg/revision/latest?cb=20200605201108;205J_1.jpg
205K;Peugeot Vision Gran Turismo;Peugeot;Majorette Mainline;2017;2018;red;1:64;Year Lists;List_of_2018_Majorette;https://static.wikia.nocookie.net/majorette_model_cars/images/d/d4/Peugeot_Vision_Gran_Turismo_%28silver%29_2018.jpg/revision/latest?cb=20220520213740;205K_1.jpg
205L;Peugeot 3008 GT;Peugeot;Majorette Mainline;2018;2018;metallic dark olive;1:64;Year Lists;List_of_2018_Majorette;https://static.wikia.nocookie.net/majorette_model_cars/images/f/fc/Peugeot_3008_GT_2018_dark_olive_metallic_Premium_Cars.jpg/revision/latest?cb=20200605201132;205L.jpg
206C;Renault Twingo Mk3;Renault;Majorette Mainline;2016;2018;orange metallic;1:64;Year Lists;List_of_2018_Majorette;https://static.wikia.nocookie.net/majorette_model_cars/images/5/52/Renault_Twingo_2018_orange_metallice_gift_pack_glowing_wheels.jpg/revision/latest?cb=20200606094735;206C_1.jpg
208C;Fendt 939;Fendt;Majorette Mainline;2018;2018;green;1:64;Year Lists;List_of_2018_Majorette;https://static.wikia.nocookie.net/majorette_model_cars/images/f/f4/Fendt_939_green_208C.jpg/revision/latest?cb=20200810152242;208C.jpg
209F;Porsche 918 Spyder;Porsche;Majorette Mainline;2015;2018;metallic blue;1:64;Year Lists;List_of_2018_Majorette;https://static.wikia.nocookie.net/majorette_model_cars/images/0/00/Porsche_918_Spyder_2020_gift_pack_blue_inside_black.jpg/revision/latest?cb=20200624145632;209F_2.jpg
209H;Porsche 911 GT3 RS;Porsche;Majorette Mainline;2018;2018;red;1:64;Year Lists;List_of_2018_Majorette;https://static.wikia.nocookie.net/majorette_model_cars/images/3/36/Porsche_911_GT_3_RS_rot.jpg/revision/latest?cb=20200605201350;209H.jpg
211A;Infiniti Concept Vision Gran Turismo;Infiniti Vehicles;Majorette Mainline;2017;2018;turquoise;1:64;Year Lists;List_of_2018_Majorette;https://static.wikia.nocookie.net/majorette_model_cars/images/8/8b/Infiniti_Concept_Vision_Gran_Turismo_%28blue%29_2018.jpg/revision/latest?cb=20220520212645;211A_1.jpg
214D;Nissan GTR;Nissan;Majorette Mainline;2013;2018;orange;1:64;Year Lists;List_of_2018_Majorette;https://static.wikia.nocookie.net/majorette_model_cars/images/e/e4/Nissan_GT-R_orange.jpg/revision/latest?cb=20200605201020;214D_3.jpg
214E;Nissan Concept 2020 Vision Gran Turismo;Nissan;Majorette Mainline;2017;2018;orange;1:64;Year Lists;List_of_2018_Majorette;https://static.wikia.nocookie.net/majorette_model_cars/images/a/aa/Nissan_Concept_2020_Vision_Gran_Turismo_%28orange%29_2018.jpg/revision/latest?cb=20220520215442;214E_1.jpg
217E;Chevrolet Silverado;Chevrolet;Majorette Mainline;2013;2018;blue;1:64;Year Lists;List_of_2018_Majorette;https://static.wikia.nocookie.net/majorette_model_cars/images/9/9b/Chevrolet_Silverado_217E_%28blau%29.jpg/revision/latest?cb=20201028112633;217E_2.jpg
219C;Lamborghini Reventón;Lamborghini;Majorette Mainline;2011;2018;metallic silver;1:64;Year Lists;List_of_2018_Majorette;https://static.wikia.nocookie.net/majorette_model_cars/images/8/86/Lamborghini_Revent%C3%B3n_2018_silver_metallic_gift_pack_glowing_wheels.jpg/revision/latest?cb=20220518130433;219C_2.jpg
219D;Lamborghini Gallardo;Lamborghini;Majorette Mainline;2011;2018;yellow;1:64;Year Lists;List_of_2018_Majorette;https://static.wikia.nocookie.net/majorette_model_cars/images/e/e2/Lamborghini_Gallardo_%28yellow%2C_racing_prints%29.jpg/revision/latest?cb=20200702215141;219D_2.jpg
219H;Lamborghini Urus;Lamborghini;Majorette Mainline;2018;2018;yellow;1:64;Year Lists;List_of_2018_Majorette;https://static.wikia.nocookie.net/majorette_model_cars/images/c/c5/Lamborghini_Urus_2018_Premium.jpg/revision/latest?cb=20200605191320;219H.jpg
220C;Honda Civic Type R;Honda;Majorette Mainline;2018;2018;white;1:64;Year Lists;List_of_2018_Majorette;https://static.wikia.nocookie.net/majorette_model_cars/images/f/fa/Honda_Civic_Type_R_weiss.jpg/revision/latest?cb=20200605190743;220C.jpg
221I;Alpine Vision Gran Turismo;Alpine;Majorette Mainline;2017;2018;blue;1:64;Year Lists;List_of_2018_Majorette;https://static.wikia.nocookie.net/majorette_model_cars/images/2/25/Alpine_Vision_Gran_Turismo_%28black%29_2018.jpg/revision/latest?cb=20220520220308;221I_1.jpg
229D;Aston Martin Vantage GT8;Aston Martin;Majorette Mainline;2018;2018;light silver/green metallic;1:64;Year Lists;List_of_2018_Majorette;https://static.wikia.nocookie.net/majorette_model_cars/images/f/fb/Aston_Martin_Vantage_GT8_Premium_Cars.jpg/revision/latest?cb=20200605162010;229D.jpg
232C;Mercedes-Benz SLS AMG;Mercedes-Benz;Majorette Mainline;2011;2018;white;1:64;Year Lists;List_of_2018_Majorette;https://static.wikia.nocookie.net/majorette_model_cars/images/7/7f/Mercedes-Benz_SLS_AMG_%28white%2C_2018%29.jpg/revision/latest?cb=20200703220401;232C_4.jpg
232F;Mercedes-Benz AMG Vision Gran Turismo;Mercedes-Benz;Majorette Mainline;2017;2018;blue;1:64;Year Lists;List_of_2018_Majorette;https://static.wikia.nocookie.net/majorette_model_cars/images/d/d3/Mercedes-Benz_AMG_Vision_Gran_Turismo_%28blue%29_2018.jpg/revision/latest?cb=20220520221328;232F_1.jpg
237E;Audi A1;Audi;Majorette Mainline;2014;2018;blue;1:64;Year Lists;List_of_2018_Majorette;https://static.wikia.nocookie.net/majorette_model_cars/images/8/87/Audi_A1_blau.jpg/revision/latest?cb=20200605162916;237E_4.jpg
237H;Audi S5 Coupe;Audi;Majorette Mainline;2011;2018;red;1:64;Year Lists;List_of_2018_Majorette;https://static.wikia.nocookie.net/majorette_model_cars/images/9/9a/Audi_s5_%28red_2018%29.jpg/revision/latest?cb=20200812135329;237H.jpg
238C;Dodge Challenger SRT;Dodge;Majorette Mainline;2017;2018;green;1:64;Year Lists;List_of_2018_Majorette;https://static.wikia.nocookie.net/majorette_model_cars/images/b/b1/Dodge_Challenger_SRT_-_Hellcat_green.jpg/revision/latest?cb=20200605175532;238C_1.jpg
239B;Renault Trafic;Renault;Majorette Mainline;2014;2018;blue;1:64;Year Lists;List_of_2018_Majorette;https://static.wikia.nocookie.net/majorette_model_cars/images/8/80/Renault_Trafic_blue_Electrical_Service_City..jpg/revision/latest?cb=20200722201647;239B_2.jpg
241A;Volkswagen Beetle;Volkswagen;Majorette Mainline;2017;2018;red;1:64;Year Lists;List_of_2018_Majorette;https://static.wikia.nocookie.net/majorette_model_cars/images/f/f5/VW_Beetle_Rallye_241A-2_rot.jpg/revision/latest?cb=20200606095424;241A_1.jpg
243A;Volkswagen T1;Volkswagen;Majorette Mainline;2017;2018;white / green;1:64;Year Lists;List_of_2018_Majorette;https://static.wikia.nocookie.net/majorette_model_cars/images/e/ef/Volkswagen_T1_%28green%2C_2019%29.jpg/revision/latest?cb=20200627202707;243A_1.jpg
245A;Citroën DS3 WRC;Citroën;Majorette Mainline;2012;2018;white;1:64;Year Lists;List_of_2018_Majorette;https://static.wikia.nocookie.net/majorette_model_cars/images/3/38/Citroen_DS3_WRC_Racing_Cars_2016_white_number_4.jpg/revision/latest?cb=20200620182037;245A_3.jpg
245B;Citroën DS4;Citroën;Majorette Mainline;2014;2018;red;1:64;Year Lists;List_of_2018_Majorette;https://static.wikia.nocookie.net/majorette_model_cars/images/a/af/Majorette_citro%C3%ABn_DS4_%28red%2C_2018%29.jpg/revision/latest?cb=20200626175819;245B_2.jpg
245C;Citroën C4 Cactus;Citroën;Majorette Mainline;2016;2018;blue;1:64;Year Lists;List_of_2018_Majorette;https://static.wikia.nocookie.net/majorette_model_cars/images/d/de/Citroen_C4_Cactus_2018_blue_Premium_Cars.jpg/revision/latest?cb=20200605174700;245C_1.jpg
249A;Polaris RZR XP® 4 1000 EPS;Polaris;Majorette Mainline;2018;2018;silver;1:64;Year Lists;List_of_2018_Majorette;https://static.wikia.nocookie.net/majorette_model_cars/images/5/55/Polaris_RZR.jpg/revision/latest?cb=20201105210900;249A.jpg
253A;Citroën 2CV;Citroën;Majorette Mainline;2018;2018;black / yellow;1:64;Year Lists;List_of_2018_Majorette;https://static.wikia.nocookie.net/majorette_model_cars/images/6/68/Citro%C3%ABn_2CV_%28black_%26_yellow%29_2018.jpg/revision/latest?cb=20200714072948;253A.jpg
254M;Citroën C3 (2017);Citroën;Majorette Mainline;2018;2018;white / red;1:64;Year Lists;List_of_2018_Majorette;https://static.wikia.nocookie.net/majorette_model_cars/images/f/fb/Citro%C3%ABn_C3_%282017%29_Street_Cars_red-white.jpg/revision/latest?cb=20200716060338;254M.jpg
266B;Land Rover Defender 110;Land Rover;Majorette Mainline;2018;2018;matt silver;1:64;Year Lists;List_of_2018_Majorette;https://static.wikia.nocookie.net/majorette_model_cars/images/d/d6/Land_Rover_Defender_110_matt_silver_premium_Cars.jpg/revision/latest?cb=20200705081759;266B.jpg
271C;Alfa Romeo 4C Spider;Alfa Romeo;Majorette Mainline;2016;2018;White;1:64;Year Lists;List_of_2018_Majorette;https://static.wikia.nocookie.net/majorette_model_cars/images/b/bc/Alfa_romeo_4C_Spider_2018%28white%29.jpg/revision/latest?cb=20200624132727;271C_1.jpg
278A;Hymermobil Exsis-i;Hymer;Majorette Mainline;2018;2018;white;1:64;Year Lists;List_of_2018_Majorette;https://static.wikia.nocookie.net/majorette_model_cars/images/7/75/Hymermobile_2018_-_catalog.png/revision/latest?cb=20200729061622;278A.jpg
292H;Mitsubishi ASX;Mitsubishi;Majorette Mainline;2012;2018;red;1:64;Year Lists;List_of_2018_Majorette;https://static.wikia.nocookie.net/majorette_model_cars/images/f/f4/Mitsubishi_ASX_%28red%29.jpg/revision/latest?cb=20220719082408;292H_1.jpg
292I;Misubishi Concept XR-Phev Evolution Vision Gran Turismo;Mitsubishi;Majorette Mainline;2017;2018;red;1:64;Year Lists;List_of_2018_Majorette;https://static.wikia.nocookie.net/majorette_model_cars/images/4/49/Mitsubishi_Concept_XR-Phev_Evolution_Vision_Gran_Turismo_%28red%29_2018.jpg/revision/latest?cb=20220520222213;292I_1.jpg
292K;Toyota Hilux Revo;Toyota;Majorette Mainline;2018;2018;metallic azurblue;1:64;Year Lists;List_of_2018_Majorette;https://static.wikia.nocookie.net/majorette_model_cars/images/b/b5/Toyota_Hilux_Revo_Double_Cab_blue_292K.jpg/revision/latest?cb=20200606215140;292K.jpg
297B;Mercedes-Benz Zetros Fire Truck;Mercedes-Benz;Majorette Mainline;2015;2018;red;1:64 / 1:87;Year Lists;List_of_2018_Majorette;https://static.wikia.nocookie.net/majorette_model_cars/images/c/cc/Mercedes-Benz_Zetros_Fire_Truck_%28dotted_yellow_stripes%29.jpg/revision/latest?cb=20200601185425;297B_4.jpg
297B;Mercedes-Benz Zetros Research Truck;Mercedes-Benz;Majorette Mainline;2018;2018;lime green;1:64 / 1:87;Year Lists;List_of_2018_Majorette;https://static.wikia.nocookie.net/majorette_model_cars/images/9/99/Mercedes-Benz_Zetros_Research_Truck_lime_green_explorer_297B.jpg/revision/latest?cb=20210101190208;297B_5.jpg
299E;MAN TGS Semi Trailer Truck;MAN;Majorette Mainline;2016;2018;blue;1:64 / 1:87;Year Lists;List_of_2018_Majorette;https://static.wikia.nocookie.net/majorette_model_cars/images/4/4d/MAN_TGS_Semi_Trailer_Truck_blue_Victory_Eco_Fuel.jpg/revision/latest?cb=20200804165807;299E_1.jpg
299F;MAN TGS Tow Truck;MAN;Majorette Mainline;2018;2018;yellow/gray;1:64 / 1:87;Year Lists;List_of_2018_Majorette;https://static.wikia.nocookie.net/majorette_model_cars/images/8/83/MAN_TGS_Tow_Truck_2018_City_yellow.jpg/revision/latest?cb=20200729082916;299F_3.jpg
R138;Airstream Sport 16;Majorette;Majorette Mainline;2018;2018;silver;1:64;Year Lists;List_of_2018_Majorette;https://static.wikia.nocookie.net/majorette_model_cars/images/c/cc/Airstream_Sport_16_R138_2018.jpg/revision/latest?cb=20200605160308;R138.jpg
R13A;ERIBA Puck;Majorette;Majorette Mainline;2018;2018;creme/yellow;1:64;Year Lists;List_of_2018_Majorette;https://static.wikia.nocookie.net/majorette_model_cars/images/3/34/ERIBA_Puck_Vintage_Series_yellow_creme_R13A.jpg/revision/latest?cb=20201105101020;R13A.jpg
Z100R35;Boat Trailer (2018);Majorette;Majorette Mainline;2018;2018;black;1:64;Year Lists;List_of_2018_Majorette;https://static.wikia.nocookie.net/majorette_model_cars/images/7/73/Z100R35_boat_trailer_-_explorer_series.jpg/revision/latest?cb=20201031132801;Z100R35.jpg
373A;MAN Lion's City C;MAN;Majorette Mainline;2018;2018;;1:64;Year Lists;List_of_2018_Majorette;https://static.wikia.nocookie.net/majorette_model_cars/images/3/30/MAN_Lion%C2%B4s_City_C_light_blue_Water_is_live.jpg/revision/latest?cb=20200803154540;373A.jpg
389;MAN Lion's City G;MAN;Majorette Mainline;2018;2018;;1:64;Year Lists;List_of_2018_Majorette;https://static.wikia.nocookie.net/majorette_model_cars/images/4/40/MAN_Lion%C2%B4s_City_G_World_travel_dark_blue.jpg/revision/latest?cb=20200803163304;389.jpg
201E;Ford Fiesta WRC;Ford;Majorette Mainline;2019;2019;blue;1:64;Year Lists;List_of_2019_Majorette;https://static.wikia.nocookie.net/majorette_model_cars/images/d/d2/Ford_Fiesta_WRC_2020_WRC_Cars_rubber_tires.jpg/revision/latest?cb=20200710124619;201E.jpg
202A;Opel Adam;Opel;Majorette Mainline;2014;2019;green;1:64;Year Lists;List_of_2019_Majorette;https://static.wikia.nocookie.net/majorette_model_cars/images/4/4c/Opel_Adam_202A_green_white_roof.png/revision/latest?cb=20200704165646;202A_2.jpg
202C;Opel Corsa;Opel;Majorette Mainline;2019;2019;white;1:64;Year Lists;List_of_2019_Majorette;https://static.wikia.nocookie.net/majorette_model_cars/images/6/60/Opel_Corsa_summit_white_2019_202C.jpg/revision/latest?cb=20200605155006;202C.jpg
203A;Volkswagen New Beetle;Volkswagen;Majorette Mainline;2012;2019;yellow;1:64;Year Lists;List_of_2019_Majorette;https://static.wikia.nocookie.net/majorette_model_cars/images/f/f1/Volkswagen_New_Beetle_Cabriolet_%28yellow%2C_giftpack%29.jpg/revision/latest?cb=20200707184508;203A_4.jpg
203G;Volkswagen T6;Volkswagen;Majorette Mainline;2017;2019;blue / white;1:64;Year Lists;List_of_2019_Majorette;https://static.wikia.nocookie.net/majorette_model_cars/images/b/bd/Volkswagen_T6_203G_blau-weiss.jpg/revision/latest?cb=20200606095146;203G_1.jpg
203I;VW Crafter;Volkswagen;Majorette Mainline;2018;2019;red;1:64;Year Lists;List_of_2019_Majorette;https://static.wikia.nocookie.net/majorette_model_cars/images/a/af/Volkswagen_Crafter_%28red%2C_CITY%2C_2019%29.jpg/revision/latest?cb=20200627180737;203I_1.jpg
204A;Ford Mustang Boss 302;Ford;Majorette Mainline;2014;2019;silver;1:64;Year Lists;List_of_2019_Majorette;https://static.wikia.nocookie.net/majorette_model_cars/images/f/fb/Ford_Mustang_Boss_302_Polizei.jpg/revision/latest?cb=20200605181916;204A_2.jpg
204B;Ford GT;Ford;Majorette Mainline;2017;2019;red;1:64;Year Lists;List_of_2019_Majorette;https://static.wikia.nocookie.net/majorette_model_cars/images/3/3f/Ford_GT_red_2020_gift_pack_series_6.jpg/revision/latest?cb=20200624153220;204B_1.jpg
204C;Ford Mustang GT;Ford;Majorette Mainline;2019;2019;white;1:64;Year Lists;List_of_2019_Majorette;https://static.wikia.nocookie.net/majorette_model_cars/images/e/e8/Ford_Mustang_GT_wei%C3%9F_-_schwarzer_Streifen.jpg/revision/latest?cb=20200605182603;204C.jpg
204D;Ford Mustang GT Deluxe;Ford;Majorette Mainline;2019;2019;matt red;1:64;Year Lists;List_of_2019_Majorette;https://static.wikia.nocookie.net/majorette_model_cars/images/7/77/Ford_Mustang_GT_Satin_rot_-_Felge_RT10SG.jpg/revision/latest?cb=20220512123234;204D.jpg
206C;Renault Twingo Mk3;Renault;Majorette Mainline;2016;2019;white;1:64;Year Lists;List_of_2019_Majorette;https://static.wikia.nocookie.net/majorette_model_cars/images/b/b4/Renault_Twingo_white_orange_stripes_2020_gift_pack_series_6.jpg/revision/latest?cb=20201029221830;206C_2.jpg
209C;Porsche Cayenne Turbo S;Porsche;Majorette Mainline;2011;2019;anthracite;1:64;Year Lists;List_of_2019_Majorette;https://static.wikia.nocookie.net/majorette_model_cars/images/8/86/Porsche_Cayenne_Turbo_S_E_Hybrid_%28white%29.jpg/revision/latest?cb=20200706224751;209C_2.jpg
209H;Porsche 911 GT3 RS;Porsche;Majorette Mainline;2018;2019;turquoise;1:64;Year Lists;List_of_2019_Majorette;https://static.wikia.nocookie.net/majorette_model_cars/images/3/3d/Porsche_911_GT_3_RS_Premium_Cars_turquoise.jpg/revision/latest?cb=20200704195616;209H_1.jpg
209I;Porsche Panamera Turbo;Porsche;Majorette Mainline;2019;2019;silver;1:64;Year Lists;List_of_2019_Majorette;https://static.wikia.nocookie.net/majorette_model_cars/images/c/c7/Porsche_Panamera_Turbo_2020_Polizei_M%C3%BCller_Exclusive.jpg/revision/latest?cb=20200616161359;209I.jpg
210A;Renault Alpine A110;Alpine;Majorette Mainline;2017;2019;metallic blue;1:64;Year Lists;List_of_2019_Majorette;https://static.wikia.nocookie.net/majorette_model_cars/images/5/53/Renault_Alpine_A110_Racing_Cars_210A_metallic_blue_22_Rallye_Monte_Carlo.jpg/revision/latest?cb=20200707173930;210A_1.jpg
214F;Nissan GTR;Nissan;Majorette Mainline;2019;2019;orange;1:64;Year Lists;List_of_2019_Majorette;https://static.wikia.nocookie.net/majorette_model_cars/images/3/30/Nissan_GT-3_%28orange%2C_perforated_hood%29_214F.jpg/revision/latest?cb=20240502120942;214F.jpg
214E;Nissan Concept 2020 Vision Gran Turismo;Nissan;Majorette Mainline;2017;2019;red / black;1:64;Year Lists;List_of_2019_Majorette;https://static.wikia.nocookie.net/majorette_model_cars/images/e/e5/Nissan_Concept_2020_Vision_Gran_Tourismo_2019_red_black_23.jpg/revision/latest?cb=20220521135235;214E_2.jpg
214G;Nissan GT-R;Nissan;Majorette Mainline;2019;2019;spectral blue;1:64;Year Lists;List_of_2019_Majorette;https://static.wikia.nocookie.net/majorette_model_cars/images/b/bc/Nissan_GT-R_Deluxe_Cars_spectral_blue_2019.jpg/revision/latest?cb=20201006173359;214G.jpg
216C;Toyota Hiace;Toyota;Majorette Mainline;2019;2019;white;1:64;Year Lists;List_of_2019_Majorette;https://static.wikia.nocookie.net/majorette_model_cars/images/7/7a/Toyota_Hiace_%28white%2C_2019%29.jpg/revision/latest?cb=20200709230008;216C.jpg
217E;Chevrolet Silverado;Chevrolet;Majorette Mainline;2013;2019;blue;1:64;Year Lists;List_of_2019_Majorette;https://static.wikia.nocookie.net/majorette_model_cars/images/d/df/Chevrolet_Silverado_%28red%2C_2019%29.jpg/revision/latest?cb=20210106164326;217E_3.jpg
219E;Lamborghini Aventador;Lamborghini;Majorette Mainline;2015;2019;blue;1:64;Year Lists;List_of_2019_Majorette;https://static.wikia.nocookie.net/majorette_model_cars/images/8/85/Lamborghini_Aventador_blue_2020_gift_pack_series_6.jpg/revision/latest?cb=20200624145043;219E_1.jpg
219G;Lamborghini Aventador SV Roadster;Lamborghini;Majorette Mainline;2017;2019;red;1:64;Year Lists;List_of_2019_Majorette;https://static.wikia.nocookie.net/majorette_model_cars/images/2/22/Lamborghini_Aventador_SV_roadster_%282019%2C_red%29.jpg/revision/latest?cb=20201207211511;219G_1.jpg
220B;Honda CRZ;Honda;Majorette Mainline;2012;2019;black;1:64;Year Lists;List_of_2019_Majorette;https://static.wikia.nocookie.net/majorette_model_cars/images/f/fa/Honda_CRZ_%28black%2C_2019%29.jpg/revision/latest?cb=20200630200703;220B_3.jpg
220C;Honda Civic Type R;Honda;Majorette Mainline;2018;2019;red;1:64;Year Lists;List_of_2019_Majorette;https://static.wikia.nocookie.net/majorette_model_cars/images/c/cb/Honda_Civic_Type_R_%28red%2C_2019%29.jpg/revision/latest?cb=20200630185528;220C_1.jpg
222F;Renault Megane RS;Renault;Majorette Mainline;2019;2019;orange;1:64;Year Lists;List_of_2019_Majorette;https://static.wikia.nocookie.net/majorette_model_cars/images/b/b4/Renault_Megane_RS_%282019%2C_orange%29.jpg/revision/latest?cb=20200709115938;222F.jpg
224A;Jeep Wrangler Rubicon;Jeep;Majorette Mainline;2016;2019;yellow;1:64;Year Lists;List_of_2019_Majorette;https://static.wikia.nocookie.net/majorette_model_cars/images/5/5d/Jeep_Wrangler_Rubicon_%28yellow%2C_5HCB%2C_2019%29.jpg/revision/latest?cb=20200701183636;224A_1.jpg
225A;Dacia Duster;Dacia;Majorette Mainline;2011;2019;copper;1:64;Year Lists;List_of_2019_Majorette;https://static.wikia.nocookie.net/majorette_model_cars/images/c/c1/Dacia_Duster_%28copper%2C_2019%29.jpg/revision/latest?cb=20220801185226;225A_3.jpg
230B;Toyota Celica GT Coupé;Toyota;Majorette Mainline;2019;2019;yellow;1:64;Year Lists;List_of_2019_Majorette;https://static.wikia.nocookie.net/majorette_model_cars/images/7/7b/Toyota_Celica_GT_Coupe_yellow_Vintage_2019.jpg/revision/latest?cb=20200608200248;230B.jpg
232C;Mercedes-Benz SLS AMG;Mercedes-Benz;Majorette Mainline;2011;2019;metallic silver;1:64;Year Lists;List_of_2019_Majorette;https://static.wikia.nocookie.net/majorette_model_cars/images/c/cb/Mercedes-Benz_SLS_AMG_%28silver%2C_D5S_wheels%2C_2019%29.jpg/revision/latest?cb=20200824131237;232C_5.jpg
237E;Audi A1;Audi;Majorette Mainline;2014;2019;green;1:64;Year Lists;List_of_2019_Majorette;https://static.wikia.nocookie.net/majorette_model_cars/images/7/72/Audi_A1_2019_%28green%29.jpg/revision/latest?cb=20200624152656;237E_5.jpg
237F;Audi RB Mk2 Spyder;Audi;Majorette Mainline;2019;2019;green;1:64;Year Lists;List_of_2019_Majorette;https://static.wikia.nocookie.net/majorette_model_cars/images/f/f7/Audi_R8_green_2020_gift_pack_series_6.jpg/revision/latest?cb=20200624152718;237F_1.jpg
237H;Audi S5 Coupe;Audi;Majorette Mainline;2018;2019;red;1:64;Year Lists;List_of_2019_Majorette;https://static.wikia.nocookie.net/majorette_model_cars/images/0/0f/Audi_S5_red_2018.jpg/revision/latest?cb=20200605162541;237H_1.jpg
238B;Dodge SRT Viper;Dodge;Majorette Mainline;2016;2019;red;1:64;Year Lists;List_of_2019_Majorette;https://static.wikia.nocookie.net/majorette_model_cars/images/3/33/Dodge_Viper_SRT_rot.jpg/revision/latest?cb=20200605175744;238B_1.jpg
238C;Dodge Challenger SRT;Dodge;Majorette Mainline;2017;2019;purple;1:64;Year Lists;List_of_2019_Majorette;https://static.wikia.nocookie.net/majorette_model_cars/images/1/1f/Dodge_Challenger_SRT_-_Hellcat_purple.jpg/revision/latest?cb=20200605175554;238C_2.jpg
241A;Volkswagen Beetle;Volkswagen;Majorette Mainline;2017;2019;pastel green;1:64;Year Lists;List_of_2019_Majorette;https://static.wikia.nocookie.net/majorette_model_cars/images/a/a7/Volkswagen_beetle_%28vintage%2C_pastel_green%2C_2019%29.jpg/revision/latest?cb=20201029210133;241A_2.jpg
243A;Volkswagen T1;Volkswagen;Majorette Mainline;2017;2019;white / blue;1:64;Year Lists;List_of_2019_Majorette;https://static.wikia.nocookie.net/majorette_model_cars/images/d/d3/Volkswagen_T1_%28blue_white%2C_2019%29.jpg/revision/latest?cb=20201229171850;243A_2.jpg
245C;Citroën C4 Cactus;Citroën;Majorette Mainline;2016;2019;white;1:64;Year Lists;List_of_2019_Majorette;https://static.wikia.nocookie.net/majorette_model_cars/images/b/b8/Majorette_Citro%C3%ABn_C4_Cactus_%28white%2C_2019%29.jpg/revision/latest?cb=20200626094417;245C_2.jpg
248B;Mc Laren 675 LT;Mc Laren;Majorette Mainline;2019;2019;yellow;1:64;Year Lists;List_of_2019_Majorette;https://static.wikia.nocookie.net/majorette_model_cars/images/f/f2/Mc_Laren_675_LT_yellow_street_cars.jpg/revision/latest?cb=20200725132813;248B.jpg
250C;Mercedes-Maybach G 650 Landaulet;Mercedes-Benz;Majorette Mainline;2019;2019;metallic teal;1:64;Year Lists;List_of_2019_Majorette;https://static.wikia.nocookie.net/majorette_model_cars/images/3/35/Mercedes-Maybach_G_650_Landaulet_%28metallic_teal%29_2020.jpg/revision/latest?cb=20210914151837;250C.jpg
252B;BENTLEY Continental GT V8 S;Bentley;Majorette Mainline;2016;2019;Silver;1:64;Year Lists;List_of_2019_Majorette;https://static.wikia.nocookie.net/majorette_model_cars/images/2/2c/Bentley_continental_silber.jpg/revision/latest?cb=20200624184602;252B_1.jpg
253A;Citroën 2CV;Citroën;Majorette Mainline;2018;2019;black / burgundy;1:64;Year Lists;List_of_2019_Majorette;https://static.wikia.nocookie.net/majorette_model_cars/images/2/28/Citro%C3%ABn_2CV_%28black_%26_burgundy%29_2019.jpg/revision/latest?cb=20200714073416;253A_1.jpg
254N;Citroën C3 WRC;Citroën;Majorette Mainline;2019;2019;red;1:64;Year Lists;List_of_2019_Majorette;https://static.wikia.nocookie.net/majorette_model_cars/images/e/eb/Citro%C3%ABn_C3_WRC_2018_-_2020_WRC_Cars_Series_rubber_tires_red.jpg/revision/latest?cb=20200710122519;254N.jpg
264C;Volkswagen Golf GTi (Mk VII);Volkswagen;Majorette Mainline;2015;2019;white;1:64;Year Lists;List_of_2019_Majorette;https://static.wikia.nocookie.net/majorette_model_cars/images/e/e8/Volkswagen_Golf_GTi_Mk_VII_%28white%2C_2019%29.jpg/revision/latest?cb=20201229172018;264C_1.jpg
264D;Volkswagen Polo R WRC;Volkswagen;Majorette Mainline;2016;2019;dark blue / white;1:64;Year Lists;List_of_2019_Majorette;https://static.wikia.nocookie.net/majorette_model_cars/images/5/53/Volkswagen_Polo_R_WRC_2019_white_R_Das_Auto.jpg/revision/latest?cb=20200613162934;264D_1.jpg
266C;Land Rover Defender 110 Deluxe;Land Rover;Majorette Mainline;2019;2019;metallic green;1:64;Year Lists;List_of_2019_Majorette;https://static.wikia.nocookie.net/majorette_model_cars/images/7/73/Land_Rover_Defender_110_green_Deluxe_Cars_2019.jpg/revision/latest?cb=20200620195210;266C.jpg
269C;Porsche 934;Porsche;Majorette Mainline;2017;2019;dark mint;1:64;Year Lists;List_of_2019_Majorette;https://static.wikia.nocookie.net/majorette_model_cars/images/4/4b/Porsche_934_Vaillant.jpg/revision/latest?cb=20200605201531;269C_1.jpg
271C;Alfa Romeo 4C Spider;Alfa Romeo;Majorette Mainline;2016;2019;Yellow;1:64;Year Lists;List_of_2019_Majorette;https://static.wikia.nocookie.net/majorette_model_cars/images/5/5c/Alfa_Romeo_4C_Spider_271C_yellow_metallic.jpg/revision/latest?cb=20200610130842;271C_2.jpg
278A;Hymermobil Exsis-i;Hymer;Majorette Mainline;2018;2019;white;1:64;Year Lists;List_of_2019_Majorette;https://static.wikia.nocookie.net/majorette_model_cars/images/d/de/Majorette_Hymer_Mobil_Exis-i_%28white%29.jpg/revision/latest?cb=20211023193528;278A_1.jpg
279A;Chevrolet Camaro 2010;Chevrolet;Majorette Mainline;2012;2019;maroon;1:64;Year Lists;List_of_2019_Majorette;https://static.wikia.nocookie.net/majorette_model_cars/images/1/14/Chevrolet_camaro_%282019%2C_maroon%29.jpg/revision/latest?cb=20201229172157;279A_4.jpg
280A;Hyundai i20 Coupe WRC;Hyundai;Majorette Mainline;2019;2019;light blue;1:64;Year Lists;List_of_2019_Majorette;https://static.wikia.nocookie.net/majorette_model_cars/images/b/be/Hyundai_i20_Coupe_WRC_2020_WRC_Cars_rubber_tires.jpg/revision/latest?cb=20200710115606;280A.jpg
288B;Renault Kangoo Express;Renault;Majorette Mainline;2010;2019;orange;1:64;Year Lists;List_of_2019_Majorette;https://static.wikia.nocookie.net/majorette_model_cars/images/8/89/Renault_Kangoo_Express_%28orange%2C_DHL_group%29.jpg/revision/latest?cb=20200906183947;288B_4.jpg
290A;Ford Mustang;Ford;Majorette Mainline;2017;2019;dark green;1:64;Year Lists;List_of_2019_Majorette;https://static.wikia.nocookie.net/majorette_model_cars/images/e/ed/Ford_Mustang_Fastback_1967_290A_-_dunkelgruen.jpg/revision/latest?cb=20200605182057;290A_1.jpg
292H;Mitsubishi ASX;Mitsubishi;Majorette Mainline;2012;2019;metallic dark green;1:64;Year Lists;List_of_2019_Majorette;https://static.wikia.nocookie.net/majorette_model_cars/images/d/de/Mitsubishi_ASX_%28green%29.jpg/revision/latest?cb=20220719082028;292H_2.jpg
292I;Misubishi Concept XR-Phev Evolution Vision Gran Turismo;Mitsubishi;Majorette Mainline;2017;2019;silver;1:64;Year Lists;List_of_2019_Majorette;https://static.wikia.nocookie.net/majorette_model_cars/images/5/5c/Mitsubishi_XR-PHEV_Vision_Gran_Turismo_2019_silver_GT.jpg/revision/latest?cb=20200613165301;292I_2.jpg
292J;Toyota Corolla Altis;Toyota;Majorette Mainline;2017;2019;orange;1:64;Year Lists;List_of_2019_Majorette;https://static.wikia.nocookie.net/majorette_model_cars/images/1/10/Toyota_Corolla_Altis_%28orange%29.jpg/revision/latest?cb=20200703093629;292J_1.jpg
293B;Jaguar F-Type;Jaguar;Majorette Mainline;2016;2019;blue;1:64;Year Lists;List_of_2019_Majorette;https://static.wikia.nocookie.net/majorette_model_cars/images/9/98/Jaguar_F-Type_%28blue%2C_2019%29.jpg/revision/latest?cb=20201229171637;293B_1.jpg
299F;MAN TGS Fire Truck;MAN;Majorette Mainline;2015;2019;red;1:64 / 1:87;Year Lists;List_of_2019_Majorette;https://static.wikia.nocookie.net/majorette_model_cars/images/1/1e/Man_TGS_Fire_Truck_%28yellow_stripe%29.jpg/revision/latest?cb=20200601184336;299F_4.jpg
299F;MAN TGS Garbage Truck;MAN;Majorette Mainline;2016;2019;orange;1:64 / 1:87;Year Lists;List_of_2019_Majorette;https://static.wikia.nocookie.net/majorette_model_cars/images/1/1b/MAN_TGS_Garbage_Truck_orange_2019_city.jpg/revision/latest?cb=20200722125946;299F_5.jpg
299F;MAN TGS Gasoline Truck;MAN;Majorette Mainline;2019;2019;green;1:64 / 1:87;Year Lists;List_of_2019_Majorette;https://static.wikia.nocookie.net/majorette_model_cars/images/d/d0/MAN_TGS_Gasoline_Truck_Castrol_City_2019.jpg/revision/latest?cb=20200919194149;299F_6.jpg
202C;Opel Corsa;Opel;Majorette Mainline;2019;2020;red;1:64;Year Lists;List_of_2020_Majorette;https://static.wikia.nocookie.net/majorette_model_cars/images/a/a4/Opel_Corsa_2020_Street_Cars_red.jpg/revision/latest?cb=20200725131816;202C_1.jpg
203B;Volkswagen New Beetle Cabriolet;Volkswagen;Majorette Mainline;2014;2020;yellow;1:64;Year Lists;List_of_2020_Majorette;https://static.wikia.nocookie.net/majorette_model_cars/images/f/f1/Volkswagen_New_Beetle_Cabriolet_%28yellow%2C_giftpack%29.jpg/revision/latest?cb=20200707184508;203A_4.jpg
204B;Ford GT;Ford;Majorette Mainline;2017;2020;purple;1:64;Year Lists;List_of_2020_Majorette;https://static.wikia.nocookie.net/majorette_model_cars/images/6/6d/Ford_GT_%282020%2C_purple%29.jpg/revision/latest?cb=20220324152336;204B_2.jpg
205I;Peugeot 508 SW;Peugeot;Majorette Mainline;2012;2020;white;1:64;Year Lists;List_of_2020_Majorette;https://static.wikia.nocookie.net/majorette_model_cars/images/0/03/Peugeot_508_SW_%28white%29.jpg/revision/latest?cb=20210403213819;205I_2.jpg
205J;Peugeot 308 GT;Peugeot;Majorette Mainline;2015;2020;white;1:64;Year Lists;List_of_2020_Majorette;https://static.wikia.nocookie.net/majorette_model_cars/images/1/15/Peugeot_308_GT_%28racing_cars%2C_white%2C_2018%29.jpg/revision/latest?cb=20200704201217;205J_2.jpg
209J;Porsche Cayenne Turbo S E-Hybrid;Porsche;Majorette Mainline;2020;2020;orange;1:64;Year Lists;List_of_2020_Majorette;https://static.wikia.nocookie.net/majorette_model_cars/images/0/0e/Porsche_Premium_Cars_2020_Porsche_Premium_Cars_orange.jpg/revision/latest?cb=20200621080252;209J.jpg
209K;Porsche 911 Carrera S;Porsche;Majorette Mainline;2020;2020;yellow;1:64;Year Lists;List_of_2020_Majorette;https://static.wikia.nocookie.net/majorette_model_cars/images/e/e1/Porsche_911_Carrera_S_2020_Porsche_Deluxe_Cars_yellow_ski_on_roof.jpg/revision/latest?cb=20200810160905;209K.jpg
210B;Renault 5 Turbo;Renault;Majorette Mainline;2020;2020;metallic dark red brown;1:64;Year Lists;List_of_2020_Majorette;https://static.wikia.nocookie.net/majorette_model_cars/images/0/05/Renault_5_Turbo_Vintage_%28red%29.jpg/revision/latest?cb=20220512182235;210B.jpg
214G;Nissan GT-R;Nissan;Majorette Mainline;2019;2020;metallic dark purple;1:64;Year Lists;List_of_2020_Majorette;https://static.wikia.nocookie.net/majorette_model_cars/images/8/86/Nissan_GT-R_%28dark_purple%2C_deluxe%29_2020.jpg/revision/latest?cb=20201105193433;214G_1.jpg
214H;Nissan GT-R Nismo GT3;Nissan;Majorette Mainline;2020;2020;white;1:64;Year Lists;List_of_2020_Majorette;https://static.wikia.nocookie.net/majorette_model_cars/images/0/06/Nissan_GT-R_Nismo_GT3_%28white%29.jpg/revision/latest?cb=20210403212623;214H.jpg
215A;Suzuki Jimny;Suzuki;Majorette Mainline;2020;2020;green;1:64;Year Lists;List_of_2020_Majorette;https://static.wikia.nocookie.net/majorette_model_cars/images/6/60/Suzuki_Jimny_2020_jungle_green_215A.jpg/revision/latest?cb=20200630181855;215A.jpg
216C;Toyota Hiace;Toyota;Majorette Mainline;2019;2020;beige;1:64;Year Lists;List_of_2020_Majorette;https://static.wikia.nocookie.net/majorette_model_cars/images/6/67/Toyota_Hiace_%28beige%2C_2020%29.jpg/revision/latest?cb=20200709230853;216C_1.jpg
217E;Chevrolet Silverado;Chevrolet;Majorette Mainline;2013;2020;metallic silver;1:64;Year Lists;List_of_2020_Majorette;https://static.wikia.nocookie.net/majorette_model_cars/images/3/36/Chevrolet_Silverado_%28silver%2C_2020%29.jpg/revision/latest?cb=20201031162328;217E_4.jpg
219F;Lamborghini Huracán Avio;Lamborghini;Majorette Mainline;2017;2020;blue;1:64;Year Lists;List_of_2020_Majorette;https://static.wikia.nocookie.net/majorette_model_cars/images/d/dc/Lamborghini_Hurac%C3%A1n_Avio_%282020%2C_blue%29.jpg/revision/latest?cb=20220507202650;219F_1.jpg
220B;Honda CRZ;Honda;Majorette Mainline;2012;2020;metallic orange;1:64;Year Lists;List_of_2020_Majorette;https://static.wikia.nocookie.net/majorette_model_cars/images/c/c6/Honda_CRZ_2020_.jpg/revision/latest?cb=20200708175300;220B_4.jpg
223A;Kia Performance Car;Kia;Majorette Mainline;2020;2020;yellow;1:64;Year Lists;List_of_2020_Majorette;https://static.wikia.nocookie.net/majorette_model_cars/images/3/38/Kia_Performance_Car_2021_yellow_223A.jpg/revision/latest?cb=20210223205356;223A.jpg
224A;Jeep Wrangler Rubicon;Jeep;Majorette Mainline;2016;2020;red;1:64;Year Lists;List_of_2020_Majorette;https://static.wikia.nocookie.net/majorette_model_cars/images/6/6d/Jeep_Wrangler_Rubicon_red_gift_pack_2020.jpg/revision/latest?cb=20200624151114;224A_2.jpg
230B;Toyota Celica GT Coupé;Toyota;Majorette Mainline;2019;2020;black;1:64;Year Lists;List_of_2020_Majorette;https://static.wikia.nocookie.net/majorette_model_cars/images/d/dd/Toyota_Celica_GT_Coupe_%282020%2C_black%2C_vintage_giftpack%29.jpg/revision/latest?cb=20200705142559;230B_1.jpg
232E;Mercedes-AMG GT;Mercedes-Benz;Majorette Mainline;2016;2020;white;1:64;Year Lists;List_of_2020_Majorette;https://static.wikia.nocookie.net/majorette_model_cars/images/b/b4/Mercedes-Benz_AMG_GT_Polizei.jpg/revision/latest?cb=20200605194711;232E_1.jpg
233A;Nissan Cefiro A31;Nissan;Majorette Mainline;2020;2020;black;1:64;Year Lists;List_of_2020_Majorette;https://static.wikia.nocookie.net/majorette_model_cars/images/c/c1/Nissan_Cefiro_Christy_Louis_%28black_rims%29.jpg/revision/latest?cb=20220325165834;233A.jpg
237F;Audi R8 Mk2 Coupé;Audi;Majorette Mainline;2017;2020;blue;1:64;Year Lists;List_of_2020_Majorette;https://static.wikia.nocookie.net/majorette_model_cars/images/b/b5/Audi_r8_%282020_blue%29.jpg/revision/latest?cb=20200624180612;237F_2.jpg
237F;Audi R8 Mk2 Spyder;Audi;Majorette Mainline;2019;2020;green;1:64;Year Lists;List_of_2020_Majorette;https://static.wikia.nocookie.net/majorette_model_cars/images/f/f7/Audi_R8_green_2020_gift_pack_series_6.jpg/revision/latest?cb=20200624152718;237F_1.jpg
237H;Audi S5 Coupe;Audi;Majorette Mainline;2018;2020;red;1:64;Year Lists;List_of_2020_Majorette;https://static.wikia.nocookie.net/majorette_model_cars/images/e/e9/Audi_S5_Coupe_2020_Bayern_Muenchen_25_M%C3%BCller.jpg/revision/latest?cb=20200621134938;237H_2.jpg
241A;Volkswagen Beetle;Volkswagen;Majorette Mainline;2017;2020;white;1:64;Year Lists;List_of_2020_Majorette;https://static.wikia.nocookie.net/majorette_model_cars/images/b/b9/VW_Beetle_Racing_64_mud.jpg/revision/latest?cb=20200606095328;241A_3.jpg
242A;Liebherr R936;Liebherr;Majorette Mainline;2020;2020;olive green;1:64;Year Lists;List_of_2020_Majorette;https://static.wikia.nocookie.net/majorette_model_cars/images/1/10/Liebherr_R936_2020_Max_wild_Series_olive_242A.jpg/revision/latest?cb=20201106195556;242A_1.jpg
249A;Polaris RZR XP® 4 1000 EPS;Polaris;Majorette Mainline;2018;2020;silver;1:64;Year Lists;List_of_2020_Majorette;https://static.wikia.nocookie.net/majorette_model_cars/images/1/13/Polaris_RZR_XP%C2%AE_4_1000_EPS_silver_green_249A.jpg/revision/latest?cb=20201030193156;249A_1.jpg
250D;Mercedes-AMG G500;Mercedes-Benz;Majorette Mainline;2020;2020;red;1:64;Year Lists;List_of_2020_Majorette;https://static.wikia.nocookie.net/majorette_model_cars/images/a/af/Mercedes-AMG_G500_-_hyacinth_red_metallic_2020_Mercedes-Benz_Collection.jpg/revision/latest?cb=20201116195615;250D.jpg
252B;BENTLEY Continental GT V8 S;Bentley;Majorette Mainline;2016;2020;Black;1:64;Year Lists;List_of_2020_Majorette;https://static.wikia.nocookie.net/majorette_model_cars/images/2/29/Bentley_continental_black_2020_Premium_Cars_252B.jpg/revision/latest?cb=20201207202523;252B_2.jpg
253A;Citroën 2CV;Citroën;Majorette Mainline;2018;2020;yellow;1:64;Year Lists;List_of_2020_Majorette;https://static.wikia.nocookie.net/majorette_model_cars/images/0/0d/Citro%C3%ABn_2CV_yellow_Vintage_2020.jpg/revision/latest?cb=20200712171110;253A_2.jpg
266A;Range Rover Evoque;Land Rover;Majorette Mainline;2015;2020;matt black;1:64;Year Lists;List_of_2020_Majorette;https://static.wikia.nocookie.net/majorette_model_cars/images/f/f7/Range_Rover_Evoque_2020-21_matt_black_premium_cars.jpg/revision/latest?cb=20200906061610;266A_1.jpg
266C;Land Rover Defender 110 Deluxe;Land Rover;Majorette Mainline;2019;2020;limegreen;1:64;Year Lists;List_of_2020_Majorette;https://static.wikia.nocookie.net/majorette_model_cars/images/a/aa/Land_Rover_Defender_110_%28limegreen%2C_deluxe%2C_2020%29.jpg/revision/latest?cb=20200709114644;266C_1.jpg
269C;Porsche 934;Porsche;Majorette Mainline;2017;2020;dark mint;1:64;Year Lists;List_of_2020_Majorette;https://static.wikia.nocookie.net/majorette_model_cars/images/2/20/Porsche_934_2020_graygreen_Porsche_premium_Cars.jpg/revision/latest?cb=20200621073216;269C_2.jpg
271C;Alfa Romeo 4C Spider;Alfa Romeo;Majorette Mainline;2019;2020;yellow;1:64;Year Lists;List_of_2020_Majorette;https://static.wikia.nocookie.net/majorette_model_cars/images/5/5c/Alfa_Romeo_4C_Spider_271C_yellow_metallic.jpg/revision/latest?cb=20200610130842;271C_2.jpg
271D;Alfa Romeo Giulia;Alfa Romeo;Majorette Mainline;2020;2020;red;1:64;Year Lists;List_of_2020_Majorette;https://static.wikia.nocookie.net/majorette_model_cars/images/e/ef/Alfa_Giulia.jpeg/revision/latest?cb=20201122142813;271D.jpg
276A;Toyota FJ;Toyota;Majorette Mainline;2020;2020;blue;1:64;Year Lists;List_of_2020_Majorette;https://static.wikia.nocookie.net/majorette_model_cars/images/0/0e/Toyota_FJ_blue-white_2020_FJ-Series_276A.jpg/revision/latest?cb=20201213200831;276A.jpg
280C;Hyundai i30 N;Hyundai;Majorette Mainline;2020;2020;pale blue;1:64;Year Lists;List_of_2020_Majorette;https://static.wikia.nocookie.net/majorette_model_cars/images/d/df/Hyundai_i30_N_%28pale_blue%29.jpg/revision/latest?cb=20201123175533;280C.jpg
282C;Formula-E Gen 2 Car;Majorette;Majorette Mainline;2020;2020;black / red / white;1:64;Year Lists;List_of_2020_Majorette;https://static.wikia.nocookie.net/majorette_model_cars/images/3/3a/ROKiT_VENTURI_RACING_286C_2020.jpg/revision/latest?cb=20201219223015;282C.jpg
288B;Renault Kangoo Express;Renault;Majorette Mainline;2010;2020;orange;1:64;Year Lists;List_of_2020_Majorette;https://static.wikia.nocookie.net/majorette_model_cars/images/8/83/Renault_Kangoo_Express_%28orange%2C_DHL%2C_Deutsche_post_DHL_group%2C_8S%29.jpg/revision/latest?cb=20200919193524;288B_5.jpg
292J;Toyota Corolla Altis;Toyota;Majorette Mainline;2017;2020;burgundy;1:64;Year Lists;List_of_2020_Majorette;https://static.wikia.nocookie.net/majorette_model_cars/images/0/0b/Majorette_Toyota_Corolla_%28red%2C_DS5_wheels%29.jpg/revision/latest?cb=20201110165805;292J_2.jpg
292K;Toyota Hilux Revo;Toyota;Majorette Mainline;2018;2020;metallic silver;1:64;Year Lists;List_of_2020_Majorette;https://static.wikia.nocookie.net/majorette_model_cars/images/b/b2/Toyota_Hillux_Revo_%28silver%2C_black_cap%29.jpg/revision/latest?cb=20200705163054;292K_1.jpg
299F;MAN TGS Dump Truck;MAN;Majorette Mainline;2020;2020;olive green;1:64 / 1:87;Year Lists;List_of_2020_Majorette;https://static.wikia.nocookie.net/majorette_model_cars/images/0/0e/MAN_TGS_Dump_Truck_Max_Wild_2020.jpg/revision/latest?cb=20200731151001;299F_7.jpg
299F;MAN TGS Eurocargo;MAN;Majorette Mainline;2020;2020;white/blue;1:64;Year Lists;List_of_2020_Majorette;https://static.wikia.nocookie.net/majorette_model_cars/images/e/e8/MAN_TGS_Eurocargo_299F_2021_ParkNShop_blue_Logo.jpg/revision/latest?cb=20210420175310;299F_8.jpg
9609;Chevrolet Camaro SS;Chevrolet;Majorette Mainline;2020;2020;blue;1:64;Year Lists;List_of_2020_Majorette;https://static.wikia.nocookie.net/majorette_model_cars/images/6/6e/Chevrolet_Camaro_SS_blue_2020_street_cars_9609.jpg/revision/latest?cb=20201207180543;9609.jpg
9610;Chevrolet Corvette GMTM;Chevrolet;Majorette Mainline;2020;2020;yellow;1:64;Year Lists;List_of_2020_Majorette;https://static.wikia.nocookie.net/majorette_model_cars/images/d/dd/Chevrolet_Corvette_GMTM_2020_premium_Cars_yellow.jpg/revision/latest?cb=20200704194535;9610.jpg
9612;Lamborghini Centenario;Lamborghini;Majorette Mainline;2020;2020;black;1:64;Year Lists;List_of_2020_Majorette;https://static.wikia.nocookie.net/majorette_model_cars/images/c/c4/Lamborghini_Centenario_%28black%29_2020.jpg/revision/latest?cb=20200723225229;9612.jpg
9613;Mercedes-AMG GT R;Mercedes-Benz;Majorette Mainline;2020;2020;green;1:64;Year Lists;List_of_2020_Majorette;https://static.wikia.nocookie.net/majorette_model_cars/images/b/ba/Mercedes-AMG_GT_R_green_hell_mango_Mercedes_Benz_collection_2020_exclusive_-_9613.jpg.jpg/revision/latest?cb=20201116193617;9613.jpg
R11A;Horse Trailer 2020;Majorette;Majorette Mainline;2020;2020;candy red mint;1:64;Year Lists;List_of_2020_Majorette;https://static.wikia.nocookie.net/majorette_model_cars/images/3/34/Horse_Trailer_GIRLmazing_2020.jpg/revision/latest?cb=20200729105701;R11A.jpg
211A-1;Infiniti Concept Vision Gran Turismo;Infiniti;Majorette Mainline;2015;2020;Turquoise;1:64;Year Lists;List_of_2020_Majorette;;
322B;Eurocopter EC145;Majorette;Majorette Mainline;2020;2020;;1:64;Year Lists;List_of_2020_Majorette;https://static.wikia.nocookie.net/majorette_model_cars/images/d/d4/Eurocopter_EC145_Polizei_2020_M%C3%BCller_Polizei_Einsatzteam.jpg/revision/latest?cb=20200616165952;322B.jpg
204B;Ford GT;Ford;Majorette Mainline;2017;2021;yellow;1:64;Year Lists;List_of_2021_Majorette;https://static.wikia.nocookie.net/majorette_model_cars/images/3/35/Ford_GT_%28yellow%29_2021.jpg/revision/latest?cb=20220508165706;204B_3.jpg
205N;Peugeot 208;Peugeot;Majorette Mainline;2021;2021;blue;1:64;Year Lists;List_of_2021_Majorette;https://static.wikia.nocookie.net/majorette_model_cars/images/f/fc/Peugeot_208_%28blue%29_2021.jpg/revision/latest?cb=20210914175645;205N.jpg
206C;Renault Twingo Mk3;Renault;Majorette Mainline;2016;2021;orange;1:64;Year Lists;List_of_2021_Majorette;https://static.wikia.nocookie.net/majorette_model_cars/images/5/52/Renault_Twingo_2018_orange_metallice_gift_pack_glowing_wheels.jpg/revision/latest?cb=20200606094735;206C_1.jpg
209G;Porsche 718 Boxster;Porsche;Majorette Mainline;2017;2021;burgundy;1:64;Year Lists;List_of_2021_Majorette;https://static.wikia.nocookie.net/majorette_model_cars/images/1/18/Porsche_718_Boxster_%28burgundy%29.jpg/revision/latest?cb=20211023164644;209G_1.jpg
209H;Porsche 911 GT3 RS;Porsche;Majorette Mainline;2018;2021;purple;1:64;Year Lists;List_of_2021_Majorette;https://static.wikia.nocookie.net/majorette_model_cars/images/3/36/Porsche_911_GT_3_RS_2020_Porsche_Edition_purple.jpg/revision/latest?cb=20200621095444;209H_2.jpg
209I;Porsche Panamera Turbo;Porsche;Majorette Mainline;2019;2021;black;1:64;Year Lists;List_of_2021_Majorette;https://static.wikia.nocookie.net/majorette_model_cars/images/e/ee/Porsche_Panamera_Turbo_2020_Porsche_Edition_Police_black.jpg/revision/latest?cb=20200621101133;209I_1.jpg
209K;Porsche 911 Carrera S;Porsche;Majorette Mainline;2020;2021;black;1:64;Year Lists;List_of_2021_Majorette;https://static.wikia.nocookie.net/majorette_model_cars/images/c/c6/Majorette_Porsche_911_Carrear_S_%28black%2C_red_stripe%29.jpg/revision/latest?cb=20200904141120;209K_1.jpg
209P;Porsche Taycan Turbo S;Porsche;Majorette Mainline;2021;2021;white;1:64;Year Lists;List_of_2021_Majorette;https://static.wikia.nocookie.net/majorette_model_cars/images/7/77/Majorette_Porsche_tayman_Turbo_S_%28white%29.jpg/revision/latest?cb=20220724165525;209P.jpg
210B;Renault 5 Turbo;Renault;Majorette Mainline;2020;2021;blue;1:64;Year Lists;List_of_2021_Majorette;https://static.wikia.nocookie.net/majorette_model_cars/images/2/21/2021_Vintage_Renault_5_Turbo_blue_210B.jpg/revision/latest?cb=20230603153528;210B_1.jpg
213D;Bugatti Chiron Pur Sport;Bugatti;Majorette Mainline;2021;2021;blue;1:64;Year Lists;List_of_2021_Majorette;https://static.wikia.nocookie.net/majorette_model_cars/images/8/83/Bugatti_Chiron_Pur_Sport_%28blue%29.jpg/revision/latest?cb=20220331140846;213D.jpg
215B;Suzuki Swift Sport;Suzuki;Majorette Mainline;2021;2021;yellow;1:64;Year Lists;List_of_2021_Majorette;https://static.wikia.nocookie.net/majorette_model_cars/images/a/a2/Suzuki_Swift_Sport_%28yellow%29_2021.jpg/revision/latest?cb=20220324163036;215B.jpg
218D;Toyota GT86;Toyota;Majorette Mainline;2021;2021;dark blue;1:64;Year Lists;List_of_2021_Majorette;https://static.wikia.nocookie.net/majorette_model_cars/images/8/8d/Toyota_GT86_untuned_GT_Drifter.jpg/revision/latest?cb=20210427170432;218D.jpg
219E;Lamborghini Aventador;Lamborghini;Majorette Mainline;2015;2021;purple;1:64;Year Lists;List_of_2021_Majorette;https://static.wikia.nocookie.net/majorette_model_cars/images/2/26/Lamborghini_Aventador_%28purple%29_2021.jpg/revision/latest?cb=20210914113057;219E_2.jpg
219G;Lamborghini Aventador SV Roadster;Lamborghini;Majorette Mainline;2017;2021;green;1:64;Year Lists;List_of_2021_Majorette;https://static.wikia.nocookie.net/majorette_model_cars/images/c/c1/Lamborghini_Aventador_SV_Roadster_%28green%29_2021.jpg/revision/latest?cb=20220508181002;219G_2.jpg
219I;Lamborghini Sian FKP 37;Lamborghini;Majorette Mainline;2021;2021;olive green;1:64;Year Lists;List_of_2021_Majorette;https://static.wikia.nocookie.net/majorette_model_cars/images/7/78/Majorette_Lamborghini_Sian_%28olive_green%29.jpg/revision/latest?cb=20220322103658;219I.jpg
220C;Honda Civic Type R;Honda;Majorette Mainline;2018;2021;lime green;1:64;Year Lists;List_of_2021_Majorette;https://static.wikia.nocookie.net/majorette_model_cars/images/9/96/Honda_Civic_Type_R_%28lime_green%29_2021.jpg/revision/latest?cb=20210914171134;220C_2.jpg
224A;Jeep Wrangler Rubicon;Jeep;Majorette Mainline;2016;2021;olive green;1:64;Year Lists;List_of_2021_Majorette;https://static.wikia.nocookie.net/majorette_model_cars/images/8/86/Jeep_Wrangler_Rubicon_%28olive_green%29_2021.jpg/revision/latest?cb=20210914112344;224A_3.jpg
229D;Aston Martin Vantage GT8;Aston Martin;Majorette Mainline;2018;2021;yellow;1:64;Year Lists;List_of_2021_Majorette;https://static.wikia.nocookie.net/majorette_model_cars/images/d/d2/Aston_Martin_Vantage_GT8_%28yellow%29_2021.jpg/revision/latest?cb=20210914125540;229D_1.jpg
230B;Toyota Celica GT Coupé;Toyota;Majorette Mainline;2019;2021;white;1:64;Year Lists;List_of_2021_Majorette;https://static.wikia.nocookie.net/majorette_model_cars/images/f/f2/Majorette_Toyota_Celica_GT_Coup%C3%A9_%282020%2C_racing_cars%2C_white%29.jpg/revision/latest?cb=20200705141440;230B_2.jpg
230C;Toyota 2000 GT;Toyota;Majorette Mainline;2021;2021;white;1:64;Year Lists;List_of_2021_Majorette;https://static.wikia.nocookie.net/majorette_model_cars/images/4/41/Toyota_2000_GT_%28white%2C_3SV%29_2021.jpg/revision/latest?cb=20210917155210;230C.jpg
232H;Mercedes-AMG A 35 4MATIC;Mercedes-Benz;Majorette Mainline;2021;2021;white;1:64;Year Lists;List_of_2021_Majorette;https://static.wikia.nocookie.net/majorette_model_cars/images/f/f7/Mercedes-AMG_A_35_4MATIC_%28white%29_2021.jpg/revision/latest?cb=20211023121041;232H.jpg
232I;Mercedes-Benz E-Class All-Terrain;Mercedes-Benz;Majorette Mainline;2021;2021;burgundy;1:64;Year Lists;List_of_2021_Majorette;https://static.wikia.nocookie.net/majorette_model_cars/images/6/6b/Mercedes-Benz_E-Class_All-Terrain_%28red%29_2021.jpg/revision/latest?cb=20210916153436;232I.jpg
233A;Nissan Cefiro A31;Nissan;Majorette Mainline;2020;2021;black;1:64;Year Lists;List_of_2021_Majorette;https://static.wikia.nocookie.net/majorette_model_cars/images/a/ab/Nissan_Cefiro_A31_%282021%29_Racing_Cars_233A.jpg/revision/latest?cb=20210311063653;233A_1.jpg
237;Lamborghini Countach LP400;Lamborghini;Majorette Mainline;2021;2021;maroon;1:64;Year Lists;List_of_2021_Majorette;https://static.wikia.nocookie.net/majorette_model_cars/images/d/de/Lamborghini_Countach_LP400_%28red%29_2021.jpg/revision/latest?cb=20211031070507;237_12.jpg
237E;Audi A1 Sport;Audi;Majorette Mainline;2015;2021;red;1:64;Year Lists;List_of_2021_Majorette;https://static.wikia.nocookie.net/majorette_model_cars/images/4/40/Audi_A1_2020_Bayern_Muenchen_10_Coutinho.jpg/revision/latest?cb=20200611191800;237E_6.jpg
237F;Audi R8 Mk2 Coupé;Audi;Majorette Mainline;2017;2021;blue;1:64;Year Lists;List_of_2021_Majorette;https://static.wikia.nocookie.net/majorette_model_cars/images/4/44/Audi_R8_Mk2_light_blue_Street_Cars_2020.jpg/revision/latest?cb=20200716054929;237F_3.jpg
237H;Audi S5 Coupe;Audi;Majorette Mainline;2018;2021;red;1:64;Year Lists;List_of_2021_Majorette;https://static.wikia.nocookie.net/majorette_model_cars/images/8/8f/Audi_S5_Coupe_237H_2021_red_Bayern_M%C3%BCnchen.jpg/revision/latest?cb=20210424113159;237H_3.jpg
237I;Audi A1 Sportback;Audi;Majorette Mainline;2021;2021;red;1:64;Year Lists;List_of_2021_Majorette;https://static.wikia.nocookie.net/majorette_model_cars/images/8/87/Audi_A1_Sportback_237I_2021_red_Bayern_M%C3%BCnchen.jpg/revision/latest?cb=20210424105657;237I.jpg
238E;Dodge Charger R/T;Dodge;Majorette Mainline;2021;2021;purple;1:64;Year Lists;List_of_2021_Majorette;https://static.wikia.nocookie.net/majorette_model_cars/images/6/66/Dodge_Charger_RT_238E_untuned.jpg/revision/latest?cb=20210422192902;238E.jpg
241A;Volkswagen Beetle;Volkswagen;Majorette Mainline;2017;2021;purple metallic;1:64;Year Lists;List_of_2021_Majorette;https://static.wikia.nocookie.net/majorette_model_cars/images/d/db/Volkswagen_Beetle_2020_Vintage_Deluxe_241A_purple_metallic.jpg/revision/latest?cb=20210308163459;241A_4.jpg
243A;Volkswagen T1;Volkswagen;Majorette Mainline;2017;2021;metal;1:64;Year Lists;List_of_2021_Majorette;https://static.wikia.nocookie.net/majorette_model_cars/images/2/29/Volkswagen_T1_243A_2021_Metal_Series_Asia_Food_silver.jpg/revision/latest?cb=20210617095001;243A_3.jpg
247C;Porsche 917;Porsche;Majorette Mainline;2021;2021;red;1:64;Year Lists;List_of_2021_Majorette;https://static.wikia.nocookie.net/majorette_model_cars/images/4/49/Porsche_917_%28red%29_2021.jpg/revision/latest?cb=20220319181807;247C.jpg
248C;Mc Laren Senna;Mc Laren;Majorette Mainline;2021;2021;orange;1:64;Year Lists;List_of_2021_Majorette;https://static.wikia.nocookie.net/majorette_model_cars/images/7/7b/Mc_Laren_Senna_%28red%29_2021.jpg/revision/latest?cb=20211031070703;248C.jpg
250B;Brabus B63s (Mercedes AMG-G63);Brabus;Majorette Mainline;2017;2021;white;1:64 / 1:87;Year Lists;List_of_2021_Majorette;https://static.wikia.nocookie.net/majorette_model_cars/images/9/97/Brabus_B63s_%28white%29_2021.jpg/revision/latest?cb=20210914133151;250B_1.jpg
250D;Mercedes-AMG G500;Mercedes-Benz;Majorette Mainline;2021;2021;matt blue metallic;1:64;Year Lists;List_of_2021_Majorette;https://static.wikia.nocookie.net/majorette_model_cars/images/b/b7/Mercedes-AMG_G500_2021_250D_matt_blue.jpg/revision/latest?cb=20210423174122;250D_1.jpg
252B;BENTLEY Continental GT V8 S;Bentley;Majorette Mainline;2016;2021;pink;1:64;Year Lists;List_of_2021_Majorette;https://static.wikia.nocookie.net/majorette_model_cars/images/9/97/Bentley_Continental_GT_V8_S_%28pink_%282021%29.png/revision/latest?cb=20210914130902;252B_3.jpg
266B;Land Rover Defender 110;Land Rover;Majorette Mainline;2018;2021;white;1:64;Year Lists;List_of_2021_Majorette;https://static.wikia.nocookie.net/majorette_model_cars/images/1/1f/Land_Rover_Defender_110_Racing_Cars_2018-2019_white_blue-red_deco.jpg/revision/latest?cb=20200702053849;266B_1.jpg
266C;Land Rover Defender 110 Deluxe;Land Rover;Majorette Mainline;2019;2021;white;1:64;Year Lists;List_of_2021_Majorette;https://static.wikia.nocookie.net/majorette_model_cars/images/9/97/Land_Rover_Defender_110_%28white%2C_deluxe_cars%29.jpg/revision/latest?cb=20210404100812;266C_2.jpg
266D;Land Rover Defender 90;Land Rover;Majorette Mainline;2021;2021;metallic green;1:64;Year Lists;List_of_2021_Majorette;https://static.wikia.nocookie.net/majorette_model_cars/images/3/36/Land_Rover_Defender_%28metallic_green%29_2021.jpg/revision/latest?cb=20210403225629;266D.jpg
271C;Alfa Romeo 4C Spider;Alfa Romeo;Majorette Mainline;2016;2021;blue;1:64;Year Lists;List_of_2021_Majorette;https://static.wikia.nocookie.net/majorette_model_cars/images/b/b2/Alfa_Romeo_4C_Spider_%28blue%29.jpg/revision/latest?cb=20210914103401;271C_3.jpg
279B;Chevrolet Camaro (2021);Chevrolet;Majorette Mainline;2021;2021;black;1:64;Year Lists;List_of_2021_Majorette;https://static.wikia.nocookie.net/majorette_model_cars/images/b/bd/Chevrolet_camaro_%28black%29_2021.jpg/revision/latest?cb=20210914155327;279B.jpg
290A;Ford Mustang;Ford;Majorette Mainline;2017;2021;silver;1:64;Year Lists;List_of_2021_Majorette;https://static.wikia.nocookie.net/majorette_model_cars/images/5/57/Ford_Mustang_290A_silver_2021_metal_Series_Police.jpg/revision/latest?cb=20210615150025;290A_2.jpg
292K;Toyota Hilux Revo;Toyota;Majorette Mainline;2018;2021;white metallic;1:64;Year Lists;List_of_2021_Majorette;https://static.wikia.nocookie.net/majorette_model_cars/images/6/6a/Toyota_Hilux_Revo_2020_white_street_292K.jpg/revision/latest?cb=20201123180354;292K_2.jpg
292M;Toyota GR Supra;Toyota;Majorette Mainline;2021;2021;yellow;1:64;Year Lists;List_of_2021_Majorette;https://static.wikia.nocookie.net/majorette_model_cars/images/3/34/Toyota_GR_Supra_%28yellow%29_2021.jpg/revision/latest?cb=20211029074144;292M.jpg
294H;Volvo V90;Volvo;Majorette Mainline;2021;2021;gray;1:64;Year Lists;List_of_2021_Majorette;https://static.wikia.nocookie.net/majorette_model_cars/images/0/05/Volvo_V90_%28gray%29_2021.jpg/revision/latest?cb=20210914184633;294H.jpg
299F;MAN TGS Tow Truck;MAN;Majorette Mainline;2018;2021;yellow;1:64 / 1:87;Year Lists;List_of_2021_Majorette;https://static.wikia.nocookie.net/majorette_model_cars/images/6/63/2021_ADAC_Serviceflotte_MAN_TGS_Tow_Truck_299F.JPG/revision/latest?cb=20210717190427;299F_9.jpg
9609;Chevrolet Camaro SS;Chevrolet;Majorette Mainline;2020;2021;yellow;1:64;Year Lists;List_of_2021_Majorette;https://static.wikia.nocookie.net/majorette_model_cars/images/b/b3/Chevrolet_Camaro_SS_%28yellow%29_2021.jpg/revision/latest?cb=20220324150636;9609_1.jpg
9610;Chevrolet Corvette GMTM;Chevrolet;Majorette Mainline;2020;2021;matt gray;1:64;Year Lists;List_of_2021_Majorette;https://static.wikia.nocookie.net/majorette_model_cars/images/1/13/Chevrolet_Corvette_%28mat_grey%29_2021.jpg/revision/latest?cb=20210914165208;9610_1.jpg
322B;Eurocopter EC145;Majorette;Majorette Mainline;2020;2021;;1:64;Year Lists;List_of_2021_Majorette;https://static.wikia.nocookie.net/majorette_model_cars/images/a/a0/2021_ADAC_Serviceflotte_Eurocopter_EC145_322B.jpg/revision/latest?cb=20210717185138;322B_1.jpg
201E;Ford Fiesta WRC;Ford;Majorette Mainline;2019;2022;white;1:64;Year Lists;List_of_2022_Majorette;https://static.wikia.nocookie.net/majorette_model_cars/images/5/5a/Ford_Fiesta_WRC_%28Gus_Greensmith%29_2022.jpg/revision/latest?cb=20230603182123;201E_1.jpg
204C;Ford Mustang GT;Ford;Majorette Mainline;2019;2022;blue;1:64;Year Lists;List_of_2022_Majorette;https://static.wikia.nocookie.net/majorette_model_cars/images/4/42/Ford_Mustang_GT_%28blue%2C_racing_cars%29_2021.jpg/revision/latest?cb=20220322135208;204C_1.jpg
209F;Porsche 918 Spyder;Porsche;Majorette Mainline;2015;2022;Blue;1:64;Year Lists;List_of_2022_Majorette;https://static.wikia.nocookie.net/majorette_model_cars/images/f/fb/Porsche_918_spyder_blue_2022.jpg/revision/latest?cb=20250319102847;209F_3.jpg
209H;Porsche 911 GT3 RS;Porsche;Majorette Mainline;2018;2022;green;1:64;Year Lists;List_of_2022_Majorette;https://static.wikia.nocookie.net/majorette_model_cars/images/3/36/Porsche_911_GT3_RS_%28racing_cars%2C_2020%2C_green%29.jpg/revision/latest?cb=20201229192309;209H_3.jpg
210B;Renault 5 Turbo;Renault;Majorette Mainline;2020;2022;yellow;1:64;Year Lists;List_of_2022_Majorette;https://static.wikia.nocookie.net/majorette_model_cars/images/f/f0/Renault_5_Turbo_%28yellow%29_2022.jpg/revision/latest?cb=20230603153241;210B_2.jpg
210D;Dacia 1300;Dacia;Majorette Mainline;2022;2022;red;1:64;Year Lists;List_of_2022_Majorette;https://static.wikia.nocookie.net/majorette_model_cars/images/2/21/Dacia_1300_%28red%29.jpg/revision/latest?cb=20230203200055;210D.jpg
214H;Nissan GT-R Nismo GT3;Nissan;Majorette Mainline;2020;2022;white;1:64;Year Lists;List_of_2022_Majorette;https://static.wikia.nocookie.net/majorette_model_cars/images/5/5a/Nissan_GT-R_Nismo_GT3_%282021%29_214H_Racing_Cars.jpg/revision/latest?cb=20210311062845;214H_1.jpg
215A;Suzuki Jimny;Suzuki;Majorette Mainline;2020;2022;blue;1:64;Year Lists;List_of_2022_Majorette;https://static.wikia.nocookie.net/majorette_model_cars/images/b/b7/Suzuki_Jimny_%28blue%29_2022.jpg/revision/latest?cb=20220512190558;215A_1.jpg
216C;Toyota Hiace;Toyota;Majorette Mainline;2019;2022;green;1:64;Year Lists;List_of_2022_Majorette;https://static.wikia.nocookie.net/majorette_model_cars/images/b/ba/2022_Street_Cars_Toyota_Hiace_216C_green.jpg/revision/latest?cb=20230227090046;216C_2.jpg
218D;Toyota GT86;Toyota;Majorette Mainline;2021;2022;orange;1:64;Year Lists;List_of_2022_Majorette;https://static.wikia.nocookie.net/majorette_model_cars/images/4/44/Toyota_GT86_%28orange%29_2022.jpg/revision/latest?cb=20220325190809;218D_1.jpg
219E;Lamborghini Aventador;Lamborghini;Majorette Mainline;2015;2022;red;1:64;Year Lists;List_of_2022_Majorette;https://static.wikia.nocookie.net/majorette_model_cars/images/2/27/Lamborghini_aventador_red_orange.JPG/revision/latest?cb=20250327194253;219E_3.jpg
219H;Lamborghini Urus;Lamborghini;Majorette Mainline;2018;2022;green;1:64;Year Lists;List_of_2022_Majorette;https://static.wikia.nocookie.net/majorette_model_cars/images/9/9f/Lamborghini_Urus_2020_SUV_4x4_Giftpack_green.jpg/revision/latest?cb=20220507202919;219H_1.jpg
222F;Renault Megane RS;Renault;Majorette Mainline;2019;2022;white;1:64;Year Lists;List_of_2022_Majorette;https://static.wikia.nocookie.net/majorette_model_cars/images/6/6b/Renault_Megane_4_RS_racing_2023.JPG/revision/latest?cb=20250328090451;222F_1.jpg
224A;Jeep Wrangler Rubicon;Jeep;Majorette Mainline;2016;2022;blue;1:64;Year Lists;List_of_2022_Majorette;https://static.wikia.nocookie.net/majorette_model_cars/images/c/ce/Jeep_Wrangler_Rubicon_%28blue%29_2021.jpg/revision/latest?cb=20220324155053;224A_4.jpg
233A;Nissan Cefiro A31;Nissan;Majorette Mainline;2020;2022;black;1:64;Year Lists;List_of_2022_Majorette;https://static.wikia.nocookie.net/majorette_model_cars/images/c/c0/Nissan_Cefiro_%28black%29_2022.jpg/revision/latest?cb=20220325164823;233A_2.jpg
237;Lamborghini Countach LP400;Lamborghini;Majorette Mainline;2021;2022;yellow;1:64;Year Lists;List_of_2022_Majorette;https://static.wikia.nocookie.net/majorette_model_cars/images/0/0f/Lamborghini_Countach_LP400_%28yellow%29.jpg/revision/latest?cb=20220506125904;237_13.jpg
237F;Audi R8 Mk2 Spyder;Audi;Majorette Mainline;2019;2022;dark purple;1:64;Year Lists;List_of_2022_Majorette;https://static.wikia.nocookie.net/majorette_model_cars/images/d/dc/Audi_r8_sypder_bleu.webp/revision/latest?cb=20250312130717;237F_4.jpg
237J;Audi Q4 e-tron;Audi;Majorette Mainline;2022;2022;yellow;1:64;Year Lists;List_of_2022_Majorette;https://static.wikia.nocookie.net/majorette_model_cars/images/5/5b/237J_Audi_Q4_E-tron.jpg/revision/latest?cb=20230609152829;237J.jpg
238B;Dodge SRT Viper;Dodge;Majorette Mainline;2016;2022;green;1:64;Year Lists;List_of_2022_Majorette;https://static.wikia.nocookie.net/majorette_model_cars/images/5/5f/Dodge_SRT_Viper_%28green%29_2022.jpg/revision/latest?cb=20230613153827;238B_2.jpg
238C;Dodge Challenger SRT;Dodge;Majorette Mainline;2017;2022;red/black;1:64;Year Lists;List_of_2022_Majorette;https://static.wikia.nocookie.net/majorette_model_cars/images/2/2d/Dodge_Challenger_-_Demon_%28red%2C_premium_cars_cars%2C_2020%29.jpg/revision/latest?cb=20200627112827;238C_3.jpg
238E;Dodge Charger R/T;Dodge;Majorette Mainline;2021;2022;black;1:64;Year Lists;List_of_2022_Majorette;https://static.wikia.nocookie.net/majorette_model_cars/images/f/fb/Dodge_Charger_RT_%28black%29_2022.jpg/revision/latest?cb=20230603162048;238E_1.jpg
243F;Volkswagen T1 Pritsche;Volkswagen;Majorette Mainline;2022;2022;mint;1:64;Year Lists;List_of_2022_Majorette;https://static.wikia.nocookie.net/majorette_model_cars/images/0/0b/2022_Volkswagen_T1_Pritsche_243F_mint_green.jpg/revision/latest?cb=20221021071856;243F.jpg
243H;Volkswagen T3;Volkswagen;Majorette Mainline;2022;2022;orange;1:64;Year Lists;List_of_2022_Majorette;https://static.wikia.nocookie.net/majorette_model_cars/images/a/ac/2022_VW_T3_243H_orange_Camper.jpg/revision/latest?cb=20221021103445;243H.jpg
247C;Porsche 917;Porsche;Majorette Mainline;2021;2022;blue;1:64;Year Lists;List_of_2022_Majorette;https://static.wikia.nocookie.net/majorette_model_cars/images/0/0b/Porsche_917_%28blue%29_2021.jpg/revision/latest?cb=20221013155938;247C_1.jpg
250C;Mercedes-Maybach G 650 Landaulet;Mercedes-Benz;Majorette Mainline;2019;2022;yellow;1:64;Year Lists;List_of_2022_Majorette;https://static.wikia.nocookie.net/majorette_model_cars/images/8/8d/Mercedes-Maybach_Landaulet_%28yellow%29.jpg/revision/latest?cb=20230614150249;250C_1.jpg
253A;Citroën 2CV;Citroën;Majorette Mainline;2018;2022;metal;1:64;Year Lists;List_of_2022_Majorette;https://static.wikia.nocookie.net/majorette_model_cars/images/a/a1/Citro%C3%ABn_2CV_253A_2021_Vintage_metal.jpg/revision/latest?cb=20210621143843;253A_3.jpg
253C;Citroën DS 19;Citroën;Majorette Mainline;2022;2022;turquoise;1:64;Year Lists;List_of_2022_Majorette;https://static.wikia.nocookie.net/majorette_model_cars/images/8/80/Citro%C3%ABn_DS_19_%28turquoise%29.jpg/revision/latest?cb=20230203175505;253C.jpg
264E;Volkswagen Golf GTi (Mk I);Volkswagen;Majorette Mainline;2022;2022;yellow;1:64;Year Lists;List_of_2022_Majorette;https://static.wikia.nocookie.net/majorette_model_cars/images/6/69/2022_VW_Golf_GTI_MKI_264F_Bilstein_yellow.jpg/revision/latest?cb=20221021101356;264E.jpg
264F;Volkswagen Golf (264F) (MK I);Volkswagen;Majorette Mainline;2022;2022;white;1:64;Year Lists;List_of_2022_Majorette;https://static.wikia.nocookie.net/majorette_model_cars/images/c/c5/2022_Volkswagen_Golf_GTi_%28Mk_I%29_264E_white_GOLF.jpg/revision/latest?cb=20221021132807;264F.jpg
269C;Porsche 934;Porsche;Majorette Mainline;2017;2022;white;1:64;Year Lists;List_of_2022_Majorette;https://static.wikia.nocookie.net/majorette_model_cars/images/0/01/Porsche_934_%28white_%26_blue%2C_burton%29.jpg/revision/latest?cb=20211023155501;269C_3.jpg
271D;Alfa Romeo Giulia;Alfa Romeo;Majorette Mainline;2020;2022;blue;1:64;Year Lists;List_of_2022_Majorette;https://static.wikia.nocookie.net/majorette_model_cars/images/6/66/Alfa_Romeo_Giulia_%28blue%29_2022.jpg/revision/latest?cb=20220324191733;271D_1.jpg
280A;Hyundai i20 Coupe WRC;Hyundai;Majorette Mainline;2019;2022;purple;1:64;Year Lists;List_of_2022_Majorette;https://static.wikia.nocookie.net/majorette_model_cars/images/a/a0/Hyunda_i20_Coupe_WRC_%28Thierry_Neuville%29.jpg/revision/latest?cb=20230603183749;280A_1.jpg
280C;Hyundai i30 N;Hyundai;Majorette Mainline;2020;2022;white;1:64;Year Lists;List_of_2022_Majorette;https://static.wikia.nocookie.net/majorette_model_cars/images/8/87/Hyundai_i30_N_%28white%29_2022.jpg/revision/latest?cb=20230603190058;280C_1.jpg
285A;Isuzu D-Max Spark;Isuzu;Majorette Mainline;2022;2022;burgund;1:64;Year Lists;List_of_2022_Majorette;https://static.wikia.nocookie.net/majorette_model_cars/images/6/6f/2022_Street_Cars_Isuzu_D-Max_285A_burgund.jpg/revision/latest?cb=20230227090722;285A.jpg
286E;Fiat 500 Icon;Fiat;Majorette Mainline;2022;2022;red;1:64;Year Lists;List_of_2022_Majorette;https://static.wikia.nocookie.net/majorette_model_cars/images/e/ec/Fiat_500_Icon_Cabriolet_286E_red.jpg/revision/latest?cb=20230227083716;286E.jpg
290A;Ford Mustang;Ford;Majorette Mainline;2017;2022;metal;1:64;Year Lists;List_of_2022_Majorette;https://static.wikia.nocookie.net/majorette_model_cars/images/5/57/Ford_Mustang_290A_silver_2021_metal_Series_Police.jpg/revision/latest?cb=20210615150025;290A_2.jpg
293B;Jaguar F-Type;Jaguar;Majorette Mainline;2016;2022;metallic orange;1:64;Year Lists;List_of_2022_Majorette;https://static.wikia.nocookie.net/majorette_model_cars/images/b/b9/Jaguar_F-Type_%28metallic_orange%2C_2020%29.jpg/revision/latest?cb=20200919193347;293B_2.jpg
294H;Volvo V90;Volvo;Majorette Mainline;2021;2022;red;1:64;Year Lists;List_of_2022_Majorette;https://static.wikia.nocookie.net/majorette_model_cars/images/5/5c/Volvo_V90_%28red%29.jpg/revision/latest?cb=20220506130752;294H_1.jpg
9613;Mercedes-AMG GT R;Mercedes-Benz;Majorette Mainline;2020;2022;green;1:64;Year Lists;List_of_2022_Majorette;https://static.wikia.nocookie.net/majorette_model_cars/images/0/0a/Mercedes_AMG_GT_R_%28green%29_2022.jpg/revision/latest?cb=20230602153625;9613_1.jpg
253A;Citroën 2cv;Citroën;Majorette Mainline;2018;2023;Black & Burgundy;1:64;Year Lists;List_of_2023_Majorette;https://static.wikia.nocookie.net/majorette_model_cars/images/2/28/Citro%C3%ABn_2CV_%28black_%26_burgundy%29_2019.jpg/revision/latest?cb=20200714073416;253A_1.jpg
220D;Honda E;Honda;Majorette Mainline;2023;2023;Yellow;1:64;Year Lists;List_of_2023_Majorette;https://static.wikia.nocookie.net/majorette_model_cars/images/c/c8/Honda_E_yellow.jpg/revision/latest?cb=20250325125519;220D.jpg
227F;Renault Megane RS;Renault;Majorette Mainline;2019;2023;white;1:64;Year Lists;List_of_2023_Majorette;https://static.wikia.nocookie.net/majorette_model_cars/images/6/6b/Renault_Megane_4_RS_racing_2023.JPG/revision/latest?cb=20250328090451;222F_1.jpg
237F;Audi R8 Mk2 Spyder;Audi;Majorette Mainline;2019;2023;blue;1:64;Year Lists;List_of_2023_Majorette;https://static.wikia.nocookie.net/majorette_model_cars/images/d/dc/Audi_r8_sypder_bleu.webp/revision/latest?cb=20250312130717;237F_4.jpg
210B;Renault 5 Turbo;Renault;Majorette Mainline;2020;2023;Yellow;1:64;Year Lists;List_of_2023_Majorette;https://static.wikia.nocookie.net/majorette_model_cars/images/8/88/Renault_5_turbo_yellow.webp/revision/latest?cb=20250309104605;210B_3.jpg
237I;Audi A1 Sportback;Audi;Majorette Mainline;2021;2023;red;1:64;Year Lists;List_of_2023_Majorette;https://static.wikia.nocookie.net/majorette_model_cars/images/b/bf/Audi_A1_Sportback_%28red%29_2021.jpg/revision/latest?cb=20210914104731;237I_1.jpg
201I;Ford Focus ST;Ford;Majorette Mainline;2023;2023;green;1:64;Year Lists;List_of_2023_Majorette;https://static.wikia.nocookie.net/majorette_model_cars/images/2/2f/Ford.FocusST2023.jpg/revision/latest?cb=20241105105201;201I.jpg
204B;Ford GT;Ford;Majorette Mainline;2017;2023;red;1:64;Year Lists;List_of_2023_Majorette;https://static.wikia.nocookie.net/majorette_model_cars/images/c/cd/Ford_gt_racing_cars.jpg/revision/latest?cb=20250309122202;204B_4.jpg
221K;Renault Clio 16S;Renault;Majorette Mainline;2023;2023;blue;1:64;Year Lists;List_of_2023_Majorette;https://static.wikia.nocookie.net/majorette_model_cars/images/e/e0/Renault_Clio_16S_221K_Blue.jpg/revision/latest?cb=20231210024238;221K.jpg
232L;Mercedes-AMG SL 63;Mercedes-Benz;Majorette Mainline;2023;2023;red;1:64;Year Lists;List_of_2023_Majorette;https://static.wikia.nocookie.net/majorette_model_cars/images/b/b9/Spaceholder.jpg/revision/latest?cb=20221228210449;232L.jpg
233A;Nissan Cefiro A31;Nissan;Majorette Mainline;2020;2023;white;1:64;Year Lists;List_of_2023_Majorette;https://static.wikia.nocookie.net/majorette_model_cars/images/c/cb/Nissan_Cefiro_A31_233A_White_Black.jpg/revision/latest?cb=20231210022000;233A_3.jpg
234A;Volkswagen ID.BUZZ;Volkswagen;Majorette Mainline;2023;2023;yellow;1:64;Year Lists;List_of_2023_Majorette;https://static.wikia.nocookie.net/majorette_model_cars/images/a/a0/VW.ID.Buzz2023.jpg/revision/latest?cb=20241105105331;234A.jpg
237J;Audi Q4 e-tron;Audi;Majorette Mainline;2022;2023;matt black;1:64;Year Lists;List_of_2023_Majorette;https://static.wikia.nocookie.net/majorette_model_cars/images/6/6f/Audi_Q4_e-tron_%28matt_black%29_2023.jpg/revision/latest?cb=20230613152705;237J_1.jpg
241A;Volkswagen Beetle;Volkswagen;Majorette Mainline;2017;2023;black;1:64;Year Lists;List_of_2023_Majorette;https://static.wikia.nocookie.net/majorette_model_cars/images/7/75/VW_Beetle_-_2023_Punch_Buggy_Wave6_for_Jada_Toys_black_241A.jpg/revision/latest?cb=20231105141111;241A_5.jpg
243A;Volkswagen T1;Volkswagen;Majorette Mainline;2017;2023;yellow;1:64;Year Lists;List_of_2023_Majorette;https://static.wikia.nocookie.net/majorette_model_cars/images/4/43/VWT1_-_2023_Punch_Buggy_Wave6_for_Jada_Toys_yellow_black_243A.jpg/revision/latest?cb=20231105135113;243A_4.jpg
243G;Volkswagen T3;Volkswagen;Majorette Mainline;2022;2023;bordeaux;1:64;Year Lists;List_of_2023_Majorette;https://static.wikia.nocookie.net/majorette_model_cars/images/9/98/VW.T32023.jpg/revision/latest?cb=20241107130913;243G.jpg
254M;Citroën C3 (2017);Citroën;Majorette Mainline;2018;2023;red;1:64;Year Lists;List_of_2023_Majorette;https://static.wikia.nocookie.net/majorette_model_cars/images/c/c6/Citro%C3%ABn_C3_%282017%29_254M_Red.jpg/revision/latest?cb=20240109203351;254M_1.jpg
260A;Mercedes-Benz 190 E 2.5-16 Evolution II;Mercedes-Benz;Majorette Mainline;2023;2023;black;1:64;Year Lists;List_of_2023_Majorette;https://static.wikia.nocookie.net/majorette_model_cars/images/e/ed/Mercedes-Benz_190_E_2.5-16_Evolution_II_260A_Black.jpg/revision/latest?cb=20231210021156;260A.jpg
264C;Volkswagen Golf GTI (MKVII);Volkswagen;Majorette Mainline;2015;2023;green;1:64;Year Lists;List_of_2023_Majorette;https://static.wikia.nocookie.net/majorette_model_cars/images/5/55/VW.Golf72023-2.jpg/revision/latest?cb=20241107131130;264C_2.jpg
264E;Volkswagen Golf GTI (Mk I);Volkswagen;Majorette Mainline;2022;2023;red;1:64;Year Lists;List_of_2023_Majorette;https://static.wikia.nocookie.net/majorette_model_cars/images/9/93/Volkswagen_Golf_GTi_%28Mk_I%29_264E_2023_Premium_Cars.jpg/revision/latest?cb=20231030182335;264E_1.jpg
264F;Volkswagen Golf (264F) (MK I);Volkswagen;Majorette Mainline;2022;2023;blue;1:64;Year Lists;List_of_2023_Majorette;https://static.wikia.nocookie.net/majorette_model_cars/images/7/73/Volkswagen_Golf_%28264F%29_%28Mk_I%29_264F_2023_Vintage.jpg/revision/latest?cb=20231030181906;264F_1.jpg
271È;Alfa Romeo Tonale;Alfa Romeo;Majorette Mainline;2023;2023;green;1:64;Year Lists;List_of_2023_Majorette;https://static.wikia.nocookie.net/majorette_model_cars/images/a/ab/Tonale_green.jpeg/revision/latest?cb=20250308061604;271È.jpg
279C;Chevrolet Corvette C4;Chevrolet;Majorette Mainline;2023;2023;yellow;1:64;Year Lists;List_of_2023_Majorette;https://static.wikia.nocookie.net/majorette_model_cars/images/0/0c/Chevrolet_Corvette_C4_279C_Yellow.jpg/revision/latest?cb=20231210014541;279C.jpg
279C;Chevrolet Corvette C4 Convertible;Chevrolet;Majorette Mainline;2023;2023;red;1:64;Year Lists;List_of_2023_Majorette;https://static.wikia.nocookie.net/majorette_model_cars/images/6/68/Chevrolet_Corvette_C4_Convertible_279C_Red.jpg/revision/latest?cb=20231210020017;279C_1.jpg
280C;Hyundai i30 N;Hyundai;Majorette Mainline;2020;2023;yellow;1:64;Year Lists;List_of_2023_Majorette;https://static.wikia.nocookie.net/majorette_model_cars/images/d/d4/Hyundai.i30N2023.jpg/revision/latest?cb=20241105105443;280C_2.jpg
286E;Fiat 500 Icon;Fiat;Majorette Mainline;2022;2023;blue;1:64;Year Lists;List_of_2023_Majorette;https://static.wikia.nocookie.net/majorette_model_cars/images/6/6d/Fiat_500_Icon_286E_blue.jpg/revision/latest?cb=20230227085351;286E_1.jpg
290A;Ford Mustang;Ford;Majorette Mainline;2017;2023;blue;1:64;Year Lists;List_of_2023_Majorette;https://static.wikia.nocookie.net/majorette_model_cars/images/e/e9/Ford_Mustang_290A_blue_Vintage_2019.jpg/revision/latest?cb=20240317051001;290A_3.jpg
292M;Toyota GR Supra;Toyota;Majorette Mainline;2021;2023;gunmetal;1:64;Year Lists;List_of_2023_Majorette;https://static.wikia.nocookie.net/majorette_model_cars/images/1/12/Toyota_Supra2023.jpg/revision/latest?cb=20241107131319;292M_1.jpg
271C;Alfa Romeo 4C Spider;Alfa Romeo;Street Car - Giftpack 9+4 Limited Edition 10;2016;2024;red;1:64;Year Lists;List_of_2024_Majorette;https://static.wikia.nocookie.net/majorette_model_cars/images/c/c8/Alfa_romeo_8c_spider.jpg/revision/latest?cb=20250408220307;271C_4.jpg
271C;Alfa Romeo 4C Spider;Alfa Romeo;Giftpack Dream Car Italy;2016;2024;black;1:64;Year Lists;List_of_2024_Majorette;https://static.wikia.nocookie.net/majorette_model_cars/images/7/7a/Alfa_Romeo_4C_Spider_%28black%29_2022.jpg/revision/latest?cb=20220507201238;271C_5.jpg
271D;Alfa Romeo Giulia;Alfa Romeo;60Th Anniversary Premium Cars;2020;2024;red;1:64;Year Lists;List_of_2024_Majorette;https://static.wikia.nocookie.net/majorette_model_cars/images/5/52/AlfaRomeo.Giulia2024.jpg/revision/latest?cb=20241105102802;271D_2.jpg
271D;Alfa Romeo Giulia;Alfa Romeo;Giftpack Dream Car Italy;2020;2024;white;1:64;Year Lists;List_of_2024_Majorette;https://static.wikia.nocookie.net/majorette_model_cars/images/f/fe/Alfa_Romeo_Giulia_racing_%28white%29.jpg/revision/latest?cb=20220507194430;271D_3.jpg
271E;Alfa Romeo Tonale;Alfa Romeo;Racing Cars;2022;2024;red;1:64;Year Lists;List_of_2024_Majorette;https://static.wikia.nocookie.net/majorette_model_cars/images/c/ca/Alfa_romeo_tonale_racing_cars.JPG/revision/latest?cb=20250407091436;271E.jpg
271E;Alfa Romeo Tonale;Alfa Romeo;Premium Cars;2022;2024;green - red;1:64;Year Lists;List_of_2024_Majorette;https://static.wikia.nocookie.net/majorette_model_cars/images/f/fb/Alfa_romeo_tonale_green.jpg/revision/latest?cb=20250319124705;271E_1.jpg
221N;Alpine A110R;Alpine;Anniversary Edition Giftpack Global Emmergency vehicles;2024;2024;blue;1:64;Year Lists;List_of_2024_Majorette;https://static.wikia.nocookie.net/majorette_model_cars/images/d/d0/Giftpack_emmergency_Alpine_gendarmerie.JPG/revision/latest?cb=20250330164405;221N.jpg
221N;Alpine A110R;Alpine;Racing Cars;2024;2024;white;1:64;Year Lists;List_of_2024_Majorette;https://static.wikia.nocookie.net/majorette_model_cars/images/5/5b/Alpine_A110R_racing_cars.JPG/revision/latest?cb=20250408082752;221N_1.jpg
229D;Aston Martin Vantage GT8;Aston Martin;Racing Cars;2018;2024;green;1:64;Year Lists;List_of_2024_Majorette;https://static.wikia.nocookie.net/majorette_model_cars/images/1/1b/Aston_Martin_Vantage_GT8_racing_car.JPG/revision/latest?cb=20250408222248;229D_2.jpg
229D;Aston Martin Vantage GT8;Aston Martin;Premium Cars;2018;2024;yellow;1:64;Year Lists;List_of_2024_Majorette;https://static.wikia.nocookie.net/majorette_model_cars/images/3/3a/Aston_Martin_Vantage_GT8_premium.JPG/revision/latest?cb=20250408222001;229D_3.jpg
229D;Aston Martin Vantage GT8;Aston Martin;Anniversary Edition Giftpack Global Emmergency vehicles;2018;2024;yellow;1:64;Year Lists;List_of_2024_Majorette;https://static.wikia.nocookie.net/majorette_model_cars/images/d/d7/Giftpack_emmergency_Aston_Martin_Vantage_GT8.JPG/revision/latest?cb=20250330165912;229D_4.jpg
237J;Audi Q4 e-tron;Audi;Premium Cars;2022;2024;white;1:64;Year Lists;List_of_2024_Majorette;https://static.wikia.nocookie.net/majorette_model_cars/images/a/a2/Audi_q4_blanc.jpeg/revision/latest?cb=20250310212102;237J_2.jpg
237H;Ausi S5 coupe;Audi;change colors;2018;2024;blue/purple;1:64;Year Lists;List_of_2024_Majorette;https://static.wikia.nocookie.net/majorette_model_cars/images/f/f9/Audi_S5_Coupe_purple_colour_changers%29.jpg/revision/latest?cb=20200811163123;237H_4.jpg
237F;Audi R8 Mk2 Coupé;Audi;Street Cars;2017;2024;yellow;1:64;Year Lists;List_of_2024_Majorette;https://static.wikia.nocookie.net/majorette_model_cars/images/e/eb/Audi_R8_lemon.JPG/revision/latest?cb=20250408223316;237F_5.jpg
237F;Audi R8 Mk2 Coupé;Audi;City;2017;2024;yellow;1:64;Year Lists;List_of_2024_Majorette;https://static.wikia.nocookie.net/majorette_model_cars/images/d/dc/Audi_R8_Mk2_taxi.JPG/revision/latest?cb=20250408223315;237F_6.jpg
237F;Audi R8 Mk2 Coupé;Audi;Racing Cars;2017;2024;grey;1:64;Year Lists;List_of_2024_Majorette;https://static.wikia.nocookie.net/majorette_model_cars/images/e/ea/Audi_R8_Mk2_RAcing.JPG/revision/latest?cb=20250408223316;237F_7.jpg
237F;Audi R8 Mk2 Coupé;Audi;Black Edition Giftpack;2017;2024;matt black;1:64;Year Lists;List_of_2024_Majorette;https://static.wikia.nocookie.net/majorette_model_cars/images/a/ac/Audi_R8_Mk2_matt_black_2020_black_edition_237F.jpg/revision/latest?cb=20201020194926;237F_8.jpg
237F;Audi R8 Mk2 Spyder;Audi;Advent Calendar;2018;2024;light green;1:64;Year Lists;List_of_2024_Majorette;https://static.wikia.nocookie.net/majorette_model_cars/images/3/3c/R8_spider_light_green.JPG/revision/latest?cb=20250408224809;237F_9.jpg
237F;Audi R8 Mk2 Spyder;Audi;Street Cars;2018;2024;green;1:64;Year Lists;List_of_2024_Majorette;https://static.wikia.nocookie.net/majorette_model_cars/images/f/f7/Audi_R8_green_2020_gift_pack_series_6.jpg/revision/latest?cb=20200624152718;237F_1.jpg
237K-2;Audi RS e-tron GT;Audi;Premium Cars;2022;2024;red;1:64;Year Lists;List_of_2024_Majorette;https://static.wikia.nocookie.net/majorette_model_cars/images/a/a5/Audi_e-tron_GT_red.JPG/revision/latest?cb=20250407104739;237K-2.jpg
237K-2;Audi RS e-tron GT;Audi;Deluxe Cars;2022;2024;black;1:64;Year Lists;List_of_2024_Majorette;https://static.wikia.nocookie.net/majorette_model_cars/images/c/c9/Audi_e-tron_GT_Delux_Cars.JPG/revision/latest?cb=20250407104738;237K-2_1.jpg
237I;Audi A1 Sporback;Audi;Street Cars;2021;2024;purple;1:64;Year Lists;List_of_2024_Majorette;https://static.wikia.nocookie.net/majorette_model_cars/images/5/5e/Audi_A1_dark_nue.JPG/revision/latest?cb=20250403080042;237I_2.jpg
250B;Brabus B63 S;Brabus;Giftpack Black Edition;2019;2024;black;1:64 / 1:87;Year Lists;List_of_2024_Majorette;https://static.wikia.nocookie.net/majorette_model_cars/images/9/91/Brabus_B63s_%28black%29_2021.jpg/revision/latest?cb=20210914133225;250B_2.jpg
213D;Bugatti Chiron Pur Sport;Bugatti;Premium Cars;2021;2024;yellow;1:64;Year Lists;List_of_2024_Majorette;https://static.wikia.nocookie.net/majorette_model_cars/images/4/47/Bugatti_chiron_premium_2024.JPG/revision/latest?cb=20250328113748;213D_1.jpg
213D;Bugatti Chiron Pur Sport;Bugatti;Racing Cars;2021;2024;black;1:64;Year Lists;List_of_2024_Majorette;https://static.wikia.nocookie.net/majorette_model_cars/images/5/5a/Bugatti_chiron_noir_orange_racing_2023.JPG/revision/latest?cb=20250328113748;213D_2.jpg
213D;Bugatti Chiron Pur Sport;Bugatti;Deluxe Cars;2021;2024;chrome;1:64;Year Lists;List_of_2024_Majorette;https://static.wikia.nocookie.net/majorette_model_cars/images/6/6c/Bugatti_chiron_deluxe_2024_chrome.JPG/revision/latest?cb=20250328113748;213D_3.jpg
213D;Bugatti Chiron Pur Sport;Bugatti;Deluxe Cars;2021;2024;beige;1:64;Year Lists;List_of_2024_Majorette;https://static.wikia.nocookie.net/majorette_model_cars/images/1/1c/Bugatti_chiron_delux2024_sand.JPG/revision/latest?cb=20250328113748;213D_4.jpg
213D;Bugatti Chiron Pur Sport;Bugatti;Limited Edition 10;2021;2024;white;1:64;Year Lists;List_of_2024_Majorette;https://static.wikia.nocookie.net/majorette_model_cars/images/d/dc/Bugatti_chiron_ltd_serie_10_white.JPG/revision/latest?cb=20250328113747;213D_5.jpg
279B;Chevrolet Camaro Mk6;Chevrolet;Premium Cars;2021;2024;white;1:64;Year Lists;List_of_2024_Majorette;https://static.wikia.nocookie.net/majorette_model_cars/images/f/f6/Camaro_Mk6_racing.jpg/revision/latest?cb=20250407210935;279B_1.jpg
279B;Chevrolet Camaro Mk6;Chevrolet;Police Force Giftpack;2021;2024;white;1:64;Year Lists;List_of_2024_Majorette;https://static.wikia.nocookie.net/majorette_model_cars/images/f/fc/Chevrolet_Camaro_Mk6_Police.JPG/revision/latest?cb=20250409081434;279B_2.jpg
279B;Chevrolet Camaro Mk6;Chevrolet;Limited Edition 10;2021;2024;black;1:64;Year Lists;List_of_2024_Majorette;https://static.wikia.nocookie.net/majorette_model_cars/images/f/f5/Chevrolet_camaro_6th_limited_10.jpg/revision/latest?cb=20250318205002;279B_3.jpg
9609;Chevrolet Camaro SS;Chevrolet;Street Cars;2018;2024;green;1:64;Year Lists;List_of_2024_Majorette;https://static.wikia.nocookie.net/majorette_model_cars/images/6/63/Camaro_ss.jpg/revision/latest?cb=20250409083500;9609_2.jpg
9609;Chevrolet Camaro SS;Chevrolet;Advent Calendar;2018;2024;matt yellow;1:64;Year Lists;List_of_2024_Majorette;https://static.wikia.nocookie.net/majorette_model_cars/images/1/1c/Chevrolet_camaro_transformer_advent_calendar.JPG/revision/latest?cb=20250401203014;9609_3.jpg
279C;Chevrolet Corvette C4 Convertible;Chevrolet;60Th Anniversary Premium Cars;2023;2024;red;1:64;Year Lists;List_of_2024_Majorette;https://static.wikia.nocookie.net/majorette_model_cars/images/6/63/Chevy.C42024.jpg/revision/latest?cb=20241105102557;279C_2.jpg
279C;Chevrolet Corvette C4 Convertible;Chevrolet;Castheads premium Cars;2023;2024;blue;1:64;Year Lists;List_of_2024_Majorette;https://static.wikia.nocookie.net/majorette_model_cars/images/2/2b/Chevrolet_corvette_C4_cab_castheads.JPG/revision/latest?cb=20250402123533;279C_3.jpg
279C;Chevrolet Corvette C4;Chevrolet;Racing Cars;2023;2024;white;1:64;Year Lists;List_of_2024_Majorette;https://static.wikia.nocookie.net/majorette_model_cars/images/f/f3/Corvette_C4_ZR-1_Racing_cars.JPG/revision/latest?cb=20250603182736;279C_4.jpg
217E;Chevrolet Silverado;Chevrolet;Street Cars;2013;2024;green;1:64;Year Lists;List_of_2024_Majorette;https://static.wikia.nocookie.net/majorette_model_cars/images/d/d6/Screenshot_2024-05-03_at_18.52.04-removebg-preview.png/revision/latest?cb=20240506135949;217E_5.jpg
253C;Citroën DS 19;Citroën;VIntage Cars;2022;2024;Green;1:64;Year Lists;List_of_2024_Majorette;https://static.wikia.nocookie.net/majorette_model_cars/images/8/80/Citro%C3%ABn_DS_19_%28turquoise%29.jpg/revision/latest?cb=20230203175505;253C.jpg
253C;Citroën DS 21;Citroën;60Th Anniversary Giftpack;2024;2024;white;1:64;Year Lists;List_of_2024_Majorette;https://static.wikia.nocookie.net/majorette_model_cars/images/7/74/Anniversary_Edition_DS_19.JPG/revision/latest?cb=20250330162133;253C_1.jpg
253C;Citroën DS 21;Citroën;French Touch Premium Cars;2024;2024;white;1:64;Year Lists;List_of_2024_Majorette;https://static.wikia.nocookie.net/majorette_model_cars/images/8/81/Majo_french_touch_ds_19.JPG/revision/latest?cb=20250326221436;253C_2.jpg
254M;CItroën C3 Mk3;Citroën;Street Cars;2018;2024;Red;1:64;Year Lists;List_of_2024_Majorette;https://static.wikia.nocookie.net/majorette_model_cars/images/c/c6/Citro%C3%ABn_C3_%282017%29_254M_Red.jpg/revision/latest?cb=20240109203351;254M_1.jpg
245N;Citroën C3 WRC;Citroën;WRC Cars;2018;2024;red;1:64;Year Lists;List_of_2024_Majorette;https://static.wikia.nocookie.net/majorette_model_cars/images/e/eb/Citro%C3%ABn_C3_WRC_2018_-_2020_WRC_Cars_Series_rubber_tires_red.jpg/revision/latest?cb=20200710122519;254N.jpg
255A;Citroën HY;Citroën;60Th Anniversary Premium Cars;2024;2024;silver;1:64;Year Lists;List_of_2024_Majorette;https://static.wikia.nocookie.net/majorette_model_cars/images/c/ce/Citro%C3%ABn_HY_255A_2024_Aniversary_Edition.jpg/revision/latest?cb=20240317054443;255A.jpg
255A;Citroën HY;Citroën;French Touch Deluxe Cars;2024;2024;yellow;1:64;Year Lists;List_of_2024_Majorette;https://static.wikia.nocookie.net/majorette_model_cars/images/e/ea/Citroen.HY2024.jpg/revision/latest?cb=20241209112126;255A_1.jpg
255A;Citroën HY;Citroën;French Touch Deluxe Cars;2024;2024;beige;1:64;Year Lists;List_of_2024_Majorette;https://static.wikia.nocookie.net/majorette_model_cars/images/6/65/Citroen.HY2024-2.jpg/revision/latest?cb=20241209112151;255A_2.jpg
255A;Citroën HY;Citroën;Vintage Cars;2024;2024;yellow;1:64;Year Lists;List_of_2024_Majorette;https://static.wikia.nocookie.net/majorette_model_cars/images/0/0b/Citroen_type_hy_citroen_service.JPG/revision/latest?cb=20250330020241;255A_3.jpg
253A;Citroën 2CV;Citroën;French Touch Premium Cars;2018;2024;white;1:64;Year Lists;List_of_2024_Majorette;https://static.wikia.nocookie.net/majorette_model_cars/images/c/c7/Majo_french_touch_premium_2cv.JPG/revision/latest?cb=20250326221437;253A_4.jpg
253A;Citroën 2CV;Citroën;French Touch Deluxe Cars;2018;2024;white;1:64;Year Lists;List_of_2024_Majorette;https://static.wikia.nocookie.net/majorette_model_cars/images/b/b2/French_Touch_2cv_caf%C3%A9.JPG/revision/latest?cb=20250330003845;253A_5.jpg
253A;Citroën 2CV;Citroën;Vintage Cars;2018;2024;white;1:64;Year Lists;List_of_2024_Majorette;https://static.wikia.nocookie.net/majorette_model_cars/images/1/11/2cv_vintage_cars.JPG/revision/latest?cb=20250409113148;253A_6.jpg
208B;Class Xerion 5000;Class;Farm;2016;2024;green;1:64;Year Lists;List_of_2024_Majorette;https://static.wikia.nocookie.net/majorette_model_cars/images/4/4d/Class_xerion_5000.JPG/revision/latest?cb=20250409132111;208B_1.jpg
225A;Dacia Duster;Dacia;S.O.S;2011;2024;white;1:64;Year Lists;List_of_2024_Majorette;https://static.wikia.nocookie.net/majorette_model_cars/images/9/9d/Duster_police_municipale.JPG/revision/latest?cb=20250409173035;225A_4.jpg
210D;Dacia Duster;Dacia;Vintage Cars;2011;2024;white;1:64;Year Lists;List_of_2024_Majorette;https://static.wikia.nocookie.net/majorette_model_cars/images/2/21/Dacia_1300_%28red%29.jpg/revision/latest?cb=20230203200055;210D.jpg
235B;Datsun 260Z;Datsun;60Th Anniversary Giftpack;2024;2024;yellow;1:64;Year Lists;List_of_2024_Majorette;https://static.wikia.nocookie.net/majorette_model_cars/images/a/a5/Datsun.260Z2024.jpg/revision/latest?cb=20241105102449;235B.jpg
208A;Deutz -Fahr 9340 TTv;Deutz - Fahr;Farm;2016;2024;green;1:64;Year Lists;List_of_2024_Majorette;https://static.wikia.nocookie.net/majorette_model_cars/images/2/22/Deutz_-_Fahr_9340_TTV.JPG/revision/latest?cb=20250410083514;208A_1.jpg
238B;Dodge Viper SRT;Dodge;Change Colors;2016;2024;red/brown;1:64;Year Lists;List_of_2024_Majorette;https://static.wikia.nocookie.net/majorette_model_cars/images/5/53/Dodge_Viper_SRT_2020_color_changers_cold_dark_red-brown.jpg/revision/latest?cb=20200611200354;238B_3.jpg
238C;Dodge Challenger SRT - Demon;Dodge;Black Edition Giftpack;2019;2024;black;1:64;Year Lists;List_of_2024_Majorette;https://static.wikia.nocookie.net/majorette_model_cars/images/a/a4/Dodge_Challenger_SRT_-_Demon_Versions_2020_black_edition_238C.jpg/revision/latest?cb=20201020202407;238C_4.jpg
238C;Dodge Challenger SRT - Hellcat Police/Ambulance;Dodge;Anniversary Edition Giftpack Global Emmergency vehicles;2019;2024;black;1:64;Year Lists;List_of_2024_Majorette;https://static.wikia.nocookie.net/majorette_model_cars/images/1/12/Giftpack_emmergency_Dodge_challenger.JPG/revision/latest?cb=20250330175645;238C_5.jpg
245B;DS4;DS Automobiles;Street Cars;2016;2024;green;1:64;Year Lists;List_of_2024_Majorette;https://static.wikia.nocookie.net/majorette_model_cars/images/3/36/DS4_orange_metal.jpg/revision/latest?cb=20250319144122;245B_3.jpg
245B;DS4;DS Automobiles;Street Cars Chase Cars;2016;2024;Blue;1:64;Year Lists;List_of_2024_Majorette;https://static.wikia.nocookie.net/majorette_model_cars/images/5/5f/DS4_chase_car_2024.JPG/revision/latest?cb=20250406140239;245B_4.jpg
245B;DS4;DS Automobiles;French Touch Series;2016;2024;Red;1:64;Year Lists;List_of_2024_Majorette;https://static.wikia.nocookie.net/majorette_model_cars/images/2/23/DS4_french_touch.jpg/revision/latest?cb=20250319144535;245B_5.jpg
245E;DS7;DS Automobiles;Premium Cars;2023;2024;dark blue;1:64;Year Lists;List_of_2024_Majorette;https://static.wikia.nocookie.net/majorette_model_cars/images/9/9f/DS7_dark_blue.jpg/revision/latest?cb=20250326153716;245E.jpg
245E;DS7;DS Automobiles;French Touch Premium;2023;2024;Blue;1:64;Year Lists;List_of_2024_Majorette;https://static.wikia.nocookie.net/majorette_model_cars/images/4/41/Majo_DS7_french_touch_premium.JPG/revision/latest?cb=20250326215526;245E_1.jpg
245E;DS7;DS Automobiles;Limited Edition 11;2023;2024;metallic pink;1:64;Year Lists;List_of_2024_Majorette;https://static.wikia.nocookie.net/majorette_model_cars/images/b/bb/DS7_limited_edition_11.JPG/revision/latest?cb=20250408101508;245E_2.jpg
282D;BRM (2024 edition);F1 BRM;60Th Anniversary First Ever;2024;2024;chrome;1:64;Year Lists;List_of_2024_Majorette;https://static.wikia.nocookie.net/majorette_model_cars/images/d/de/First_Ever_Chrome.jpg/revision/latest?cb=20241230200550;282D.jpg
286E;Fiat 500 Icon;Fiat;Street Cars;2022;2024;yellow;1:64;Year Lists;List_of_2024_Majorette;https://static.wikia.nocookie.net/majorette_model_cars/images/3/3a/Fiat_500_icon_yellow.JPG/revision/latest?cb=20250403080043;286E_2.jpg
286E;Fiat 500 Icon;Fiat;City Cars;2022;2024;white;1:64;Year Lists;List_of_2024_Majorette;https://static.wikia.nocookie.net/majorette_model_cars/images/4/45/Fiat_500_icon_pizzeria_city.JPG/revision/latest?cb=20250407081241;286E_3.jpg
201F;Ford Bronco MkVI;Ford;Racing Cars;2022;2024;White;1:64;Year Lists;List_of_2024_Majorette;https://static.wikia.nocookie.net/majorette_model_cars/images/f/ff/Ford_Bronco_racing_car_2023.JPG/revision/latest?cb=20250329094735;201F.jpg
201F;Ford Bronco MkVI;Ford;Advent Calendar;2022;2024;green wood;1:64;Year Lists;List_of_2024_Majorette;https://static.wikia.nocookie.net/majorette_model_cars/images/0/09/Ford_Bronco_Mk6_advent_calendar_2023-2024.JPG/revision/latest?cb=20250329122304;201F_1.jpg
2026;Ford Bronco MkVI;Ford;Monster Rockerz / Limited Edition Series 10;2022;2024;White;1:64;Year Lists;List_of_2024_Majorette;https://static.wikia.nocookie.net/majorette_model_cars/images/b/bc/Ford_Bronco_Mk6_limited_serie_edition_10.JPG/revision/latest?cb=20250329120827;2026.jpg
201F;Ford Bronco MkVI;Ford;Castheads Giftpack;2022;2024;Cream;1:64;Year Lists;List_of_2024_Majorette;https://static.wikia.nocookie.net/majorette_model_cars/images/b/b0/Ford_Bronco_Mk6_castheads.JPG/revision/latest?cb=20250329075732;201F_2.jpg
201F;Ford Bronco MkVI;Ford;Limited Edition Serie 11;2022;2024;light Blue;1:64;Year Lists;List_of_2024_Majorette;https://static.wikia.nocookie.net/majorette_model_cars/images/6/6f/Ford_Bronco_Mk6_limited_11.JPG/revision/latest?cb=20250329101646;201F_3.jpg
290B;Ford Escort Mk2 RS;Ford;Vintage Cars;2024;2024;white;1:64;Year Lists;List_of_2024_Majorette;https://static.wikia.nocookie.net/majorette_model_cars/images/f/fd/Ford_escort_MkII_RS_1800.jpeg/revision/latest?cb=20250423090513;290B.jpg
201D;Ford F-150 Mk14;Ford;Premium Cars;2023;2024;orange;1:64;Year Lists;List_of_2024_Majorette;https://static.wikia.nocookie.net/majorette_model_cars/images/1/19/Ford_F150_Raptor_orange.JPG/revision/latest?cb=20250330205755;201D.jpg
201D;Ford F-150 Mk14;Ford;Racing Cars;2023;2024;light blue;1:64;Year Lists;List_of_2024_Majorette;https://static.wikia.nocookie.net/majorette_model_cars/images/e/e6/Ford_F150_racing_2024.JPG/revision/latest?cb=20250330204656;201D_1.jpg
201D;Ford F-150 Mk14;Ford;Limited Edition Serie 10 - Colour Trace;2023;2024;white;1:64;Year Lists;List_of_2024_Majorette;https://static.wikia.nocookie.net/majorette_model_cars/images/2/22/Ford_F150_Limited_serie_10.JPG/revision/latest?cb=20250330204656;201D_2.jpg
201D;Ford F-150 Mk14;Ford;Anniversary Edition Giftpack Global Emmergency vehicles;2023;2024;red;1:64;Year Lists;List_of_2024_Majorette;https://static.wikia.nocookie.net/majorette_model_cars/images/b/b5/Giftpack_emmergency_Ford_F150.JPG/revision/latest?cb=20250330165911;201D_3.jpg
201E;Ford Fiesta WRC;Ford;WRC Cars;2022;2024;white;1:64;Year Lists;List_of_2024_Majorette;https://static.wikia.nocookie.net/majorette_model_cars/images/5/5a/Ford_Fiesta_WRC_%28Gus_Greensmith%29_2022.jpg/revision/latest?cb=20230603182123;201E_1.jpg
201M;Ford Focus Mk4;Ford;Street Cars - GiftPack 9+4 Limited Edition 10;2023;2024;;1:64;Year Lists;List_of_2024_Majorette;https://static.wikia.nocookie.net/majorette_model_cars/images/9/90/Ford_focus_Mk3_green.JPG/revision/latest?cb=20250328122326;201M.jpg
204B;Ford GT;Ford;Street Cars;2017;2024;light green;1:64;Year Lists;List_of_2024_Majorette;https://static.wikia.nocookie.net/majorette_model_cars/images/b/b9/Ford_gt_verte_metal.webp/revision/latest?cb=20250317195958;204B_5.jpg
204B;Ford GT;Ford;advent calendar;2017;2024;light blue;1:64;Year Lists;List_of_2024_Majorette;https://static.wikia.nocookie.net/majorette_model_cars/images/e/e4/Ford_gt_light_blue.JPG/revision/latest?cb=20251115075150;204B_6.jpg
290A;Ford Mustang;Ford;60Th Anniversary Edition Deluxe Cars;2017;2024;yellow;1:64;Year Lists;List_of_2024_Majorette;https://static.wikia.nocookie.net/majorette_model_cars/images/7/7e/Ford_Mustang_290A_yellow_2024_Aniversary_Series.jpg/revision/latest?cb=20240317051044;290A_4.jpg
290A;Ford Mustang;Ford;Casthead Giftpack;2017;2024;white;1:64;Year Lists;List_of_2024_Majorette;https://static.wikia.nocookie.net/majorette_model_cars/images/8/86/Castheads_Mustang_68.JPG/revision/latest?cb=20250402161400;290A_5.jpg
204C;Ford Mustang Boss;Ford;Street Cars;2014;2024;yellow;1:64;Year Lists;List_of_2024_Majorette;https://static.wikia.nocookie.net/majorette_model_cars/images/9/90/Mustang_boss_jaune.jpg/revision/latest?cb=20250310220641;204C_2.jpg
231C;GMC Hummer EV;GMC;Premium Cars;2023;2024;white;1:64;Year Lists;List_of_2024_Majorette;https://static.wikia.nocookie.net/majorette_model_cars/images/c/c6/GMC_Hummer_White.JPG/revision/latest?cb=20250406165934;231C.jpg
231C;GMC Hummer EV;GMC;Chase Cars;2023;2024;Rainbow;1:64;Year Lists;List_of_2024_Majorette;https://static.wikia.nocookie.net/majorette_model_cars/images/8/8e/Chase_car_2024_Hummer_EV.JPG/revision/latest?cb=20250406170824;231C_1.jpg
231C;GMC Hummer EV;GMC;Limited Edition 11;2023;2024;Purple;1:64;Year Lists;List_of_2024_Majorette;https://static.wikia.nocookie.net/majorette_model_cars/images/5/55/GMC_Hummer_graffiti_Limited_Edition.JPG/revision/latest?cb=20250406172222;231C_2.jpg
220D;Honda E;Honda;Street Cars Chase;2023;2024;metallic green;1:64;Year Lists;List_of_2024_Majorette;https://static.wikia.nocookie.net/majorette_model_cars/images/b/b9/Honda_E_chase_Cars.JPG/revision/latest?cb=20250327033049;220D_1.jpg
212C;Honda CIvic Type-R (EK9);Honda;Japan Series 1 Premium Cars;2024;2024;yellow;1:64;Year Lists;List_of_2024_Majorette;https://static.wikia.nocookie.net/majorette_model_cars/images/f/f7/Honda_civic_ek9_yellow.JPG/revision/latest?cb=20250416203321;212C.jpg
212C;Honda CIvic Type-R (EK9);Honda;Japan Series 1 Deluxe Cars;2024;2024;white;1:64;Year Lists;List_of_2024_Majorette;https://static.wikia.nocookie.net/majorette_model_cars/images/8/8b/Honda_civic_type-r_ek-_deluxe_cars.JPG/revision/latest?cb=20250416203744;212C_1.jpg
212C;Honda CIvic Type-R (EK9);Honda;Japan Series 1 Giftpack;2024;2024;white;1:64;Year Lists;List_of_2024_Majorette;https://static.wikia.nocookie.net/majorette_model_cars/images/7/7e/Honda_civic_type_R_ek9_giftpack.JPG/revision/latest?cb=20250416203322;212C_2.jpg
212C;Honda CIvic Type-R (EK9);Honda;Japan Series Prime #15;2024;2024;white;1:64;Year Lists;List_of_2024_Majorette;https://static.wikia.nocookie.net/majorette_model_cars/images/5/50/Honda_civic_type_R_ek9_white.JPG/revision/latest?cb=20250416203322;212C_3.jpg
220C;Honda Civic Type R;Honda;Anniversary Edition Giftpack Global Emmergency vehicles;2018;2024;white;1:64;Year Lists;List_of_2024_Majorette;https://static.wikia.nocookie.net/majorette_model_cars/images/e/e7/Honda_civi_tpe-R_police.JPG/revision/latest?cb=20250824162406;220C_3.jpg
278A;Hymermobil Exsis-i;Hymermobil;City;2018;2024;Silver;1:64;Year Lists;List_of_2024_Majorette;https://static.wikia.nocookie.net/majorette_model_cars/images/b/b4/Hymermobil_exis_i.JPG/revision/latest?cb=20250818101759;278A_2.jpg
280C;Hyundai i30 N;Hyundai;Street Cars;2020;2024;maroon;1:64;Year Lists;List_of_2024_Majorette;https://static.wikia.nocookie.net/majorette_model_cars/images/0/08/Hyunday_i30.jpeg/revision/latest?cb=20250409105254;280C_3.jpg
280C;Hyundai i30 N;Hyundai;Racing Cars;2020;2024;yellow;1:64;Year Lists;List_of_2024_Majorette;https://static.wikia.nocookie.net/majorette_model_cars/images/3/38/Hyunday_i30N_yellow_racing.jpg/revision/latest?cb=20251117122257;280C_4.jpg
280A;Hyundai i20 Coupe WRC;Hyundai;WRC Cars;2019;2024;white/black;1:64;Year Lists;List_of_2024_Majorette;https://static.wikia.nocookie.net/majorette_model_cars/images/b/be/Hyundai_i20_Coupe_WRC_2020_WRC_Cars_rubber_tires.jpg/revision/latest?cb=20200710115606;280A.jpg
285A;Isuzu D-Max;Isuzu;Street Cars;2022;2024;blue;1:64;Year Lists;List_of_2024_Majorette;https://static.wikia.nocookie.net/majorette_model_cars/images/b/bd/Isuzu_d-max_blue.JPG/revision/latest?cb=20250406222723;285A_1.jpg
285A;Isuzu D-Max;Isuzu;Racing Cars;2022;2024;white;1:64;Year Lists;List_of_2024_Majorette;https://static.wikia.nocookie.net/majorette_model_cars/images/c/c6/Isuzu_D-max_racing_car.JPG/revision/latest?cb=20250406221839;285A_2.jpg
293B;Jaguar F-Type;Jaguar;Limited Edition 10 - Giftpack 9+4;2016;2024;matt anthracite;1:64;Year Lists;List_of_2024_Majorette;https://static.wikia.nocookie.net/majorette_model_cars/images/6/67/Jaguar_F-type_limited_edition.JPG/revision/latest?cb=20250416065845;293B_3.jpg
293B;Jaguar F-Type;Jaguar;Racing Cars;2016;2024;matt black;1:64;Year Lists;List_of_2024_Majorette;https://static.wikia.nocookie.net/majorette_model_cars/images/b/bb/Jaguar_F-type_matt_black_racing.JPG/revision/latest?cb=20250416065845;293B_4.jpg
224E;Jeep Wrangler 4XE;Jeep;Premium Cars;2024;2024;red;1:64;Year Lists;List_of_2024_Majorette;https://static.wikia.nocookie.net/majorette_model_cars/images/4/43/Jeep_wrangler_rubicon_4xE_red.JPG/revision/latest?cb=20251117173934;224E.jpg
224E;Jeep Wrangler Rubicon;Jeep;City Trailer;2016;2024;black;1:64;Year Lists;List_of_2024_Majorette;https://static.wikia.nocookie.net/majorette_model_cars/images/1/15/Jeep_wrangler_black_city_trailer.JPG/revision/latest?cb=20251118052818;224E_1.jpg
224E;Jeep Wrangler Rubicon;Jeep;Street Cars;2016;2024;purple;1:64;Year Lists;List_of_2024_Majorette;https://static.wikia.nocookie.net/majorette_model_cars/images/6/64/Jeep_wrangler_purple.JPG/revision/latest?cb=20250406212402;224E_2.jpg
2026;Jeep Wrangler Rubicon;Jeep;Monster Rockerz Asst.;2016;2024;black;1:64;Year Lists;List_of_2024_Majorette;https://static.wikia.nocookie.net/majorette_model_cars/images/b/b4/Jeep_wrangler_rockerz_black.JPG/revision/latest?cb=20250828105433;2026_1.jpg
2026;Jeep Wrangler Rubicon;Jeep;Monster Rockerz Color Changers;2016;2024;blue;1:64;Year Lists;List_of_2024_Majorette;https://static.wikia.nocookie.net/majorette_model_cars/images/d/df/2021_Monster_Rockerz_Color_changers_Jeep_Rubicon.jpg/revision/latest?cb=20210717170153;2026_2.jpg
2026;Jeep Wrangler Rubicon;Jeep;Monster Rockerz Asst.;2016;2024;black;1:64;Year Lists;List_of_2024_Majorette;https://static.wikia.nocookie.net/majorette_model_cars/images/7/70/City_Rockerz_Jeep_Wrangler_Rubicon_police.jpg/revision/latest?cb=20201216144432;2026_3.jpg
223A;Kia Performance Car;Kia;Premium Cars;2020;2024;blue;1:64;Year Lists;List_of_2024_Majorette;https://static.wikia.nocookie.net/majorette_model_cars/images/3/37/Kia_performance_blue_premium.JPG/revision/latest?cb=20250824113808;223A_1.jpg
219E;Lamborghini Aventador;Lamborghini;Limited Edion Serie 10 - 9+4 Giftpack - Advent Calendar;2015;2024;orange;1:64;Year Lists;List_of_2024_Majorette;https://static.wikia.nocookie.net/majorette_model_cars/images/2/23/Lambor.jpg/revision/latest?cb=20250824163159;219E_4.jpg
219E;Lamborghini Aventador;Lamborghini;Street Cars - Limited Edion Serie 11 - 9+4 Giftpack;2015;2024;white;1:64;Year Lists;List_of_2024_Majorette;https://static.wikia.nocookie.net/majorette_model_cars/images/5/5f/Aventador_white.JPG/revision/latest?cb=20250405225139;219E_5.jpg
237;Lamborghini Countach LP400;Lamborghini;60Th Anniversary Edition Deluxe;2021;2024;black;1:64;Year Lists;List_of_2024_Majorette;https://static.wikia.nocookie.net/majorette_model_cars/images/f/f3/60Th_Anniversary_edition_delux_lamboghini_countach.JPG/revision/latest?cb=20250405105602;237_14.jpg
237;Lamborghini Countach LP400;Lamborghini;Racing Cars;2021;2024;red;1:64;Year Lists;List_of_2024_Majorette;https://static.wikia.nocookie.net/majorette_model_cars/images/e/e1/Lamborghini_countack_lp-400.JPG/revision/latest?cb=20250907051535;237_15.jpg
228B;Lamborghini Countach LPI 800-4;Lamborghini;Premium Cars;2023;2024;white;1:64;Year Lists;List_of_2024_Majorette;https://static.wikia.nocookie.net/majorette_model_cars/images/f/fe/Lamborghni_Countach_LPI_800-4.JPG/revision/latest?cb=20251009082845;228B_1.jpg
228B;Lamborghini Countach LPI 800-4;Lamborghini;Limited Edition 10;2023;2024;black;1:64;Year Lists;List_of_2024_Majorette;https://static.wikia.nocookie.net/majorette_model_cars/images/a/af/Lamborghini_countach_lpi_800-4_limited_edition_10.JPG/revision/latest?cb=20251108074045;228B_2.jpg
219F;Lamborghini Huracán Avio;Lamborghini;Rainbow Edition;2017;2024;Rainbow effect;1:64;Year Lists;List_of_2024_Majorette;https://static.wikia.nocookie.net/majorette_model_cars/images/e/e8/Lamnoghini_Huracan_Avio_chase_2024.JPG/revision/latest?cb=20250425094821;219F_2.jpg
219E;Lamborghini Aventador;Lamborghini;Anniversary Edition Giftpack Global Emmergency;2015;2024;black;1:64;Year Lists;List_of_2024_Majorette;https://static.wikia.nocookie.net/majorette_model_cars/images/c/cd/Giftpack_emmergency_Lamborghini_Avendator.JPG/revision/latest?cb=20250330165912;219E_6.jpg
219E;Lamborghini Aventador;Lamborghini;Dream Cars Italy;2015;2024;blue;1:64;Year Lists;List_of_2024_Majorette;https://static.wikia.nocookie.net/majorette_model_cars/images/d/dc/Lamborghini_Hurac%C3%A1n_Avio_%282020%2C_blue%29.jpg/revision/latest?cb=20220507202650;219F_1.jpg
219E;Lamborghini Aventador;Lamborghini;Dream Cars Italy - Racing Cars;2018;2024;green;1:64;Year Lists;List_of_2024_Majorette;https://static.wikia.nocookie.net/majorette_model_cars/images/9/9f/Lamborghini_Urus_2020_SUV_4x4_Giftpack_green.jpg/revision/latest?cb=20220507202919;219H_1.jpg
219E;Lamborghini Aventador;Lamborghini;Police Force Giftpack;2018;2024;black;1:64;Year Lists;List_of_2024_Majorette;https://static.wikia.nocookie.net/majorette_model_cars/images/8/8f/Urus_police_force.JPG/revision/latest?cb=20250507184735;219E_7.jpg
266D;Land Rover Defender 90;Land Rover;French Touch Trailer;2021;2024;Red;1:64;Year Lists;List_of_2024_Majorette;https://static.wikia.nocookie.net/majorette_model_cars/images/5/53/Land_rover_trailer_franch_touch.jpg/revision/latest?cb=20250317203222;266D_1.jpg
266D;Land Rover Defender 90;Land Rover;Anniversary Edition Giftpack Global Emmergency vehicles;2021;2024;Yellow;1:64;Year Lists;List_of_2024_Majorette;https://static.wikia.nocookie.net/majorette_model_cars/images/2/22/Land_rover_90_emergency.jpg/revision/latest?cb=20250317204351;266D_2.jpg
266D;Land Rover Defender 90;Land Rover;Castheads Giftpack;2021;2024;beige;1:64;Year Lists;List_of_2024_Majorette;https://static.wikia.nocookie.net/majorette_model_cars/images/7/71/Land_Rover_90_casthead.jpg/revision/latest?cb=20250317204352;266D_3.jpg
266B;Land Rover Defender 110;Land Rover;S.O.S. Cars;2021;2024;blue;1:64;Year Lists;List_of_2024_Majorette;https://static.wikia.nocookie.net/majorette_model_cars/images/1/12/Land_Rover_Defender_110_blue_France_Police_266B.jpg/revision/latest?cb=20201207205321;266B_2.jpg
266B;Land Rover Defender 110;Land Rover;Deluxe Cars;2021;2024;green;1:64;Year Lists;List_of_2024_Majorette;https://static.wikia.nocookie.net/majorette_model_cars/images/0/0a/Land_rover_defender_110_green_deluxe.JPG/revision/latest?cb=20251009142500;266B_3.jpg
266B;Land Rover Defender 110;Land Rover;Race Trailer;2021;2024;black;1:64;Year Lists;List_of_2024_Majorette;https://static.wikia.nocookie.net/majorette_model_cars/images/5/5e/Land_Rover_110_race_trailer.JPG/revision/latest?cb=20250907054258;266B_4.jpg
289E;Mack Granite;Mack;City Trailer;2023;2024;orange;1:64;Year Lists;List_of_2024_Majorette;https://static.wikia.nocookie.net/majorette_model_cars/images/f/f8/Mack_granite_tipper_truck_%2B_trailer.JPG/revision/latest?cb=20250404210444;289E.jpg
289E;Mack Granite;Mack;City Premium Vehicles;2023;2024;black;1:64;Year Lists;List_of_2024_Majorette;https://static.wikia.nocookie.net/majorette_model_cars/images/5/54/Mack_granite_cargo_container.JPG/revision/latest?cb=20250404210444;289E_1.jpg
289E;Mack Granite;Mack;Police Force Giftpack;2023;2024;black;1:64;Year Lists;List_of_2024_Majorette;https://static.wikia.nocookie.net/majorette_model_cars/images/a/a7/Mack_granite_police.JPG/revision/latest?cb=20250404210443;289E_2.jpg
289E;Mack Granite;Mack;Race Trailer;2023;2024;black;1:64;Year Lists;List_of_2024_Majorette;https://static.wikia.nocookie.net/majorette_model_cars/images/d/db/Mack_Granite.JPG/revision/latest?cb=20250404173306;289E_3.jpg
289E;Mack Granite;Mack;Europa Park Series;2023;2024;black;1:64;Year Lists;List_of_2024_Majorette;https://static.wikia.nocookie.net/majorette_model_cars/images/7/72/Mack_granite_europa_parc.JPG/revision/latest?cb=20250404211254;289E_4.jpg
299F;MAN TGS Fire Truck;MAN;S.O.S. Cars;2015;2024;red;1:64 / 1:87;Year Lists;List_of_2024_Majorette;https://static.wikia.nocookie.net/majorette_model_cars/images/c/cb/Majorette_Man_TGS_Fire_Truck_%28redsapeurs_pompiers%29_299F.jpg/revision/latest?cb=20201101083252;299F_10.jpg
299F;MAN TGS Tow Truck;MAN;City Trailer Asst.;2016;2024;red;1:64 / 1:87;Year Lists;List_of_2024_Majorette;https://static.wikia.nocookie.net/majorette_model_cars/images/b/b6/Man_TGS_towing_service.jpg/revision/latest?cb=20250924172121;299F_11.jpg
248C;Mc Laren Senna;Mc Laren;Premium Cars;2021;2024;Dark Green;1:64;Year Lists;List_of_2024_Majorette;https://static.wikia.nocookie.net/majorette_model_cars/images/6/6b/McLaren_Senna_Dark_Green.JPG/revision/latest?cb=20250824115750;248C_1.jpg
260A;Mercedes-Benz 190E 2.5 EVO II;Mercedes-Benz;Youngster 90's Giftpack;2023;2024;black;1:64;Year Lists;List_of_2024_Majorette;https://static.wikia.nocookie.net/majorette_model_cars/images/b/b4/Mercedes_190E_2.5-16_EVO_II.JPG/revision/latest?cb=20250402171430;260A_1.jpg
MAJ-MERCEDES-BEN;Mercedes-Benz 190E 2.5 EVO II;Mercedes-Benz;Vintage Cars;2023;2024;silver;1:64;Year Lists;List_of_2024_Majorette;https://static.wikia.nocookie.net/majorette_model_cars/images/a/a1/Mercedes-AMG_190E_2.5_EVO_2_grey.JPG/revision/latest?cb=20250417211309;MAJ-MERCEDES-BEN.jpg
260A;Mercedes-Benz 190E 2.5 EVO II;Mercedes-Benz;Castheads Premium;2023;2024;yellow;1:64;Year Lists;List_of_2024_Majorette;https://static.wikia.nocookie.net/majorette_model_cars/images/8/80/Mercedes_190E_2.5-16_EVO_II_castheads.JPG/revision/latest?cb=20250402171428;260A_2.jpg
260A;Mercedes-Benz 190E 2.5 EVO II;Mercedes-Benz;Limited Edition Serie 11;2023;2024;white;1:64;Year Lists;List_of_2024_Majorette;https://static.wikia.nocookie.net/majorette_model_cars/images/0/07/Mercedes_190E_2.5-16_EVO_II_limited_edition_serie_11.JPG/revision/latest?cb=20250402171429;260A_3.jpg
297H;Mercedes-Benz Arocs;Mercedes-Benz;City Cars;2021;2024;blue;1:64;Year Lists;List_of_2024_Majorette;https://static.wikia.nocookie.net/majorette_model_cars/images/c/c8/Mercedes_Benz_Arocs.png/revision/latest?cb=20251006215022;297H.jpg
260B;Mercedes-Benz 450 SEL;Mercedes-Benz;Anniversary Edition Premium;2024;2024;yellow;1:64;Year Lists;List_of_2024_Majorette;https://static.wikia.nocookie.net/majorette_model_cars/images/9/90/Anniversary_Edition_Mercedes_450_SEL.JPG/revision/latest?cb=20250330132329;260B.jpg
250D;Mercedes-AMG G500;Mercedes-Benz;Europa Park Series;2020;2024;matt black;1:64;Year Lists;List_of_2024_Majorette;https://static.wikia.nocookie.net/majorette_model_cars/images/5/52/Mercedes-amg_g500_black_europa_park.JPG/revision/latest?cb=20251014044442;250D_2.jpg
250D;Mercedes-AMG G500;Mercedes-Benz;Castheads series;2020;2024;green;1:64;Year Lists;List_of_2024_Majorette;https://static.wikia.nocookie.net/majorette_model_cars/images/0/0e/Mercedes_-AMG_G500_castheads.JPG/revision/latest?cb=20250402162307;250D_3.jpg
250D;Mercedes-AMG G63;Mercedes-Benz;City Trailer Asst.;2017;2024;white;1:64;Year Lists;List_of_2024_Majorette;https://static.wikia.nocookie.net/majorette_model_cars/images/4/43/Mercedes-AMG_G63_german_police_white_city_trailer_2020_series.jpg/revision/latest?cb=20201031134322;250D_4.jpg
250B;Brabus B63s;Brabus;Black Edition Giftpack;2017;2024;black;1:64 / 1:87;Year Lists;List_of_2024_Majorette;https://static.wikia.nocookie.net/majorette_model_cars/images/5/5b/Mercedes-AMG_G63_-_black_edition_2020_Brabus_B63s.jpg/revision/latest?cb=20201020204323;250B_3.jpg
250B;Mercedes-AMG G63;Mercedes-Benz;Europa Park Series;2017;2024;blue;1:64;Year Lists;List_of_2024_Majorette;https://static.wikia.nocookie.net/majorette_model_cars/images/9/91/Mercedes_rulantica_%2B_boat.JPG/revision/latest?cb=20250427070747;250B_4.jpg
9613;Mercedes-AMG GT R;Mercedes-Benz;Premium Cars;2020;2024;orange;1:64;Year Lists;List_of_2024_Majorette;https://static.wikia.nocookie.net/majorette_model_cars/images/5/58/AMG_GTR_ORANGE.JPG/revision/latest?cb=20250409104708;9613_2.jpg
9613;Mercedes-AMG GT R;Mercedes-Benz;Gigtpack Black Edition;2020;2024;black;1:64;Year Lists;List_of_2024_Majorette;https://static.wikia.nocookie.net/majorette_model_cars/images/9/91/Mercedes-AMG_GT_R_black_2020_black_edition_9613.jpg/revision/latest?cb=20201020200808;9613_3.jpg
232L;Mercedes-AMG SL63;Mercedes-Benz;Premium Cars;2023;2024;red;1:64;Year Lists;List_of_2024_Majorette;https://static.wikia.nocookie.net/majorette_model_cars/images/a/ac/Mercedes-AMG_SL63_red.JPG/revision/latest?cb=20250425101715;232L_1.jpg
232L;Mercedes-AMG SL63;Mercedes-Benz;Premium Cars;2023;2024;yellow;1:64;Year Lists;List_of_2024_Majorette;https://static.wikia.nocookie.net/majorette_model_cars/images/0/06/Mercedes-AMG_SL63_yellow.JPG/revision/latest?cb=20250425101715;232L_2.jpg
232L;Mercedes-AMG SL63;Mercedes-Benz;Rainbow Edition;2023;2024;Rainbow effect;1:64;Year Lists;List_of_2024_Majorette;https://static.wikia.nocookie.net/majorette_model_cars/images/a/a5/Mercedes-AMG_SL63.JPG/revision/latest?cb=20250425093434;232L_3.jpg
250E;Mercedes-Benz Sprinter;Mercedes-Benz;S.O.S.;2023;2024;white;1:64;Year Lists;List_of_2024_Majorette;https://static.wikia.nocookie.net/majorette_model_cars/images/0/0b/Mercedes_sprinter_ambulance.JPG/revision/latest?cb=20251001113502;250E.jpg
250E;Mercedes-Benz Sprinter;Mercedes-Benz;Europa Park;2023;2024;white;1:64;Year Lists;List_of_2024_Majorette;https://static.wikia.nocookie.net/majorette_model_cars/images/b/bf/Mercedes_sprinter_ambulance_center_park.JPG/revision/latest?cb=20251001111316;250E_1.jpg
259B;Mitsubishi Lancer EVO 9;Mitsubishi;Japan Series 1 Premium Cars - Japan Series Set 1;2024;2024;blue;1:64;Year Lists;List_of_2024_Majorette;https://static.wikia.nocookie.net/majorette_model_cars/images/a/af/Mitsubishi_Lancer_EVO_9.JPG/revision/latest?cb=20250416210009;259B.jpg
259B;Mitsubishi Lancer EVO 9;Mitsubishi;Giftpack Japan Series 1;2024;2024;yellow;1:64;Year Lists;List_of_2024_Majorette;https://static.wikia.nocookie.net/majorette_model_cars/images/4/4f/Mitsubishi_Lancer_Evo_9_japan_series_giftpack.JPG/revision/latest?cb=20250416210800;259B_1.jpg
259B;Mitsubishi Lancer EVO 9;Mitsubishi;Limited Edition Serie 11;2024;2024;black;1:64;Year Lists;List_of_2024_Majorette;https://static.wikia.nocookie.net/majorette_model_cars/images/b/be/Mitsubishi_Lancer_EVO_9_limited_serie_11.JPG/revision/latest?cb=20250416210008;259B_2.jpg
233A;Nissan Cefiro A31;Nissan;Japan Series 1 Premium Cars;2020;2024;green;1:64;Year Lists;List_of_2024_Majorette;https://static.wikia.nocookie.net/majorette_model_cars/images/b/b2/Nissan_cefiro_japan_series_1_premium_cars.JPG/revision/latest?cb=20250408184117;233A_4.jpg
233A;Nissan Cefiro A31;Nissan;Giftpack Japan Series;2020;2024;green;1:64;Year Lists;List_of_2024_Majorette;https://static.wikia.nocookie.net/majorette_model_cars/images/5/58/Nissan_Cefiro_A31_japan_seies_gifacktp.JPG/revision/latest?cb=20250416220752;233A_5.jpg
233A;Nissan Cefiro A31;Nissan;Castheads Premium;2020;2024;light blue;1:64;Year Lists;List_of_2024_Majorette;https://static.wikia.nocookie.net/majorette_model_cars/images/4/43/Nissan_Silvia_castheads.JPG/revision/latest?cb=20250402123922;233A_6.jpg
233A;Nissan Cefiro A31;Nissan;Japan Series Deluxe Cars;2020;2024;green;1:64;Year Lists;List_of_2024_Majorette;https://static.wikia.nocookie.net/majorette_model_cars/images/2/2c/Nissan_cefiro_deluxe.jpg/revision/latest?cb=20250423201115;233A_7.jpg
233A;Nissan Cefiro A31;Nissan;Youngster 90's Giftpack;2020;2024;white;1:64;Year Lists;List_of_2024_Majorette;https://static.wikia.nocookie.net/majorette_model_cars/images/2/21/Nissan_cefiro_A31_white_black_hood.JPG/revision/latest?cb=20260104124848;233A_8.jpg
233D;Nissan Skyline GT-R R34;Nissan;Japan Series 1 Giftpack;2024;2024;blue;1:64;Year Lists;List_of_2024_Majorette;https://static.wikia.nocookie.net/majorette_model_cars/images/a/af/Nissan_Skyline_GT-R_R34_blue_gitpack_manga.JPG/revision/latest?cb=20250408111826;233D.jpg
233D;Nissan Skyline GT-R R34;Nissan;Japan Series 1 Premium Cars;2024;2024;light green;1:64;Year Lists;List_of_2024_Majorette;https://static.wikia.nocookie.net/majorette_model_cars/images/1/16/Nissan_Skyline_GT-R_R34_green_japan_series.JPG/revision/latest?cb=20250408111827;233D_1.jpg
233D;Nissan Skyline GT-R R34;Nissan;Japan Series 1 Premium Cars Chase;2024;2024;dark purple;1:64;Year Lists;List_of_2024_Majorette;https://static.wikia.nocookie.net/majorette_model_cars/images/1/1f/Nissan_Skyline_GT-R_R34_dark_purple.JPG/revision/latest?cb=20250408115801;233D_2.jpg
233D;Nissan Skyline GT-R R34;Nissan;Japan Serie 1 Bonus Box;2024;2024;blue;1:64;Year Lists;List_of_2024_Majorette;https://static.wikia.nocookie.net/majorette_model_cars/images/8/82/Nissan_Skyline_GT-R_R34_blue_japan_serie_set.JPG/revision/latest?cb=20250408112742;233D_3.jpg
233D;Nissan Skyline GT-R R34;Nissan;Japan Serie 1 Bonus Box;2024;2024;white;1:64;Year Lists;List_of_2024_Majorette;https://static.wikia.nocookie.net/majorette_model_cars/images/8/8b/Nissan_Skyline_GT-R_R34_white%29.JPG/revision/latest?cb=20250408115300;233D_4.jpg
233D;Nissan Skyline GT-R R34;Nissan;Japan Serie 1 Bonus Box;2024;2024;red;1:64;Year Lists;List_of_2024_Majorette;https://static.wikia.nocookie.net/majorette_model_cars/images/5/5c/Nissan_Skyline_GT-R_R34red_japan_serie_set.jpg/revision/latest?cb=20250408112740;233D_5.jpg
233D;Nissan Skyline GT-R R34;Nissan;60Th Anniversary Edition Deluxe Cars;2024;2024;red;1:64;Year Lists;List_of_2024_Majorette;https://static.wikia.nocookie.net/majorette_model_cars/images/7/70/Nissan_Skyline_GT-R_R34_60Th_edition.JPG/revision/latest?cb=20250408113818;233D_6.jpg
233D;Nissan Skyline GT-R R34;Nissan;Japan Serie Prime #15;2024;2024;light blue;1:64;Year Lists;List_of_2024_Majorette;https://static.wikia.nocookie.net/majorette_model_cars/images/9/9c/Nissan_Skyline_GT-R_R34_blue_2025.JPG/revision/latest?cb=20250416212957;233D_7.jpg
233D;Nissan Skyline GT-R R34;Nissan;Japan Series Prime 15;2024;2024;dark blue;1:64;Year Lists;List_of_2024_Majorette;https://static.wikia.nocookie.net/majorette_model_cars/images/8/8a/Nisaan_skyline_GTR34_dark_blue_jdm_prime_15.jpg/revision/latest?cb=20260104130401;233D_8.jpg
233D;Nissan Skyline GT-R R34;Nissan;Japan Series 1 Deluxe Cars;2024;2024;blue;1:64;Year Lists;List_of_2024_Majorette;https://static.wikia.nocookie.net/majorette_model_cars/images/7/77/Nissan_Skyline_GT-R_R34_japan_series_deluxe_cars.JPG/revision/latest?cb=20250408124908;233D_9.jpg
214F;Nissan GT-R R35;Nissan;Deluxe Cars;2019;2024;blue;1:64;Year Lists;List_of_2024_Majorette;https://static.wikia.nocookie.net/majorette_model_cars/images/4/45/Nissan_GT-R_deluxe_cars_2024.JPG/revision/latest?cb=20250408103540;214F_1.jpg
214F;Nissan GT-R R35;Nissan;Limited Edition 10;2019;2024;white;1:64;Year Lists;List_of_2024_Majorette;https://static.wikia.nocookie.net/majorette_model_cars/images/c/c4/Nissan_GT-R_limited_edition_10.JPG/revision/latest?cb=20250408103424;214F_2.jpg
214F;Nissan GT-R R35;Nissan;Japan Serie Prime #16;2019;2024;metallic light green;1:64;Year Lists;List_of_2024_Majorette;https://static.wikia.nocookie.net/majorette_model_cars/images/7/7a/Nissan_GT-R_R35_metallic_green.JPG/revision/latest?cb=20260104125456;214F_3.jpg
214I;Nissan Z;Nissan;Japan Series Deluxe Cars;2023;2024;pink;1:64;Year Lists;List_of_2024_Majorette;https://static.wikia.nocookie.net/majorette_model_cars/images/e/e2/NissanRZ34Tuneup.png/revision/latest?cb=20250321120943;214I.jpg
214I;Nissan Z;Nissan;Premium Cars;2023;2024;blue;1:64;Year Lists;List_of_2024_Majorette;https://static.wikia.nocookie.net/majorette_model_cars/images/b/b2/Nissan_Z_blue_diff_wheel.JPG/revision/latest?cb=20250402222117;214I_1.jpg
214I;Nissan Z;Nissan;Castheads Premium Cars;2023;2024;red;1:64;Year Lists;List_of_2024_Majorette;https://static.wikia.nocookie.net/majorette_model_cars/images/6/6a/NissanRZ34Castheads.png/revision/latest?cb=20250321121038;214I_2.jpg
214I;Nissan Z;Nissan;Racing Cars;2023;2024;black;1:64;Year Lists;List_of_2024_Majorette;https://static.wikia.nocookie.net/majorette_model_cars/images/c/ca/Nissan_Z_racing_cars.JPG/revision/latest?cb=20250407211946;214I_3.jpg
214I;Nissan Z;Nissan;Limited Edition Serie 11 - 5 Pieces Gitpack;2023;2024;yellow;1:64;Year Lists;List_of_2024_Majorette;https://static.wikia.nocookie.net/majorette_model_cars/images/5/5c/Nissan_z_limited_edition_11_grafitti.JPG/revision/latest?cb=20251108100556;214I_4.jpg
214I;Nissan Z;Nissan;Advent Calendar;2023;2024;red;1:64;Year Lists;List_of_2024_Majorette;https://static.wikia.nocookie.net/majorette_model_cars/images/f/f5/Nissan_z_red_advent_calendar_nacked.JPG/revision/latest?cb=20251115090152;214I_5.jpg
214H;Nissan GT-R Nismo GT3;Nissan;Black Edition Giftpack;2020;2024;matt black;1:64;Year Lists;List_of_2024_Majorette;https://static.wikia.nocookie.net/majorette_model_cars/images/7/72/Nissan_GT-R_Nismo_GT3_matt_black_2020_black_edition_214H.jpg/revision/latest?cb=20201020200208;214H_2.jpg
214H;Nissan GT-R Nismo GT3;Nissan;Race Trailer;2020;2024;white;1:64;Year Lists;List_of_2024_Majorette;https://static.wikia.nocookie.net/majorette_model_cars/images/3/3f/Nissan_GT-R_Nismo_GT3_Racing_Cars_214H_2020_21.jpg/revision/latest?cb=20200906062845;214H_3.jpg
205I;Peugeot 508 SW;Peugeot;Premium Cars;2020;2024;red;1:64;Year Lists;List_of_2024_Majorette;https://static.wikia.nocookie.net/majorette_model_cars/images/c/cc/Peugeot_508_SW_red.jpg/revision/latest?cb=20250424210003;205I_3.jpg
205L;Peugeot 3008 G;Peugeot;Premium Cars;2018;2024;olive/black;1:64;Year Lists;List_of_2024_Majorette;https://static.wikia.nocookie.net/majorette_model_cars/images/f/fc/Peugeot_3008_GT_2018_dark_olive_metallic_Premium_Cars.jpg/revision/latest?cb=20200605201132;205L.jpg
205L;Peugeot 3008 G;Peugeot;S.O.S. Cars;2018;2024;Silver;1:64;Year Lists;List_of_2024_Majorette;https://static.wikia.nocookie.net/majorette_model_cars/images/3/34/Peugeot_3008_police_silver.JPG/revision/latest?cb=20260104142407;205L_1.jpg
205L;Peugeot 3008 G;Peugeot;French Touch Trailer;2018;2024;White;1:64;Year Lists;List_of_2024_Majorette;https://static.wikia.nocookie.net/majorette_model_cars/images/3/3f/Peugeot_3008_bretagne_french_touch_trailer.jpeg/revision/latest?cb=20260104142406;205L_2.jpg
209F;Porsche 918 Spyder;Porsche;Racing Pit Stop Pack;2015;2024;Silver;1:64;Year Lists;List_of_2024_Majorette;https://static.wikia.nocookie.net/majorette_model_cars/images/a/a1/Porsche_918_silver.jpg/revision/latest?cb=20250319102847;209F_4.jpg
209H;Porsche GT3 RS;Porsche;Europa Park Series;2018;2024;Pink;1:64;Year Lists;List_of_2024_Majorette;https://static.wikia.nocookie.net/majorette_model_cars/images/0/04/Europapark_porsche_gt3.JPG/revision/latest?cb=20250405084318;209H_4.jpg
209H;Porsche GT3 RS;Porsche;Color Changers 6 asst.;2018;2024;black/red;1:64;Year Lists;List_of_2024_Majorette;https://static.wikia.nocookie.net/majorette_model_cars/images/5/59/Porsche_911_GT3_RS_209H_Color_Changers_2020_COLD_view.jpg/revision/latest?cb=20200624080022;209H_5.jpg
209R;Porsche 911 GT3 Cup (992);Porsche;Limited Edition Serie 10 - Colour Trace;2023;2024;silver;1:64;Year Lists;List_of_2024_Majorette;https://static.wikia.nocookie.net/majorette_model_cars/images/6/65/Majorette_porsche_911_GT3_cup_limited_editon_10.JPG/revision/latest?cb=20250414060055;209R.jpg
209P;Porsche Taycan Turbo S;Porsche;Deluxe Cars Series;2021;2024;chrome blue;1:64;Year Lists;List_of_2024_Majorette;https://static.wikia.nocookie.net/majorette_model_cars/images/8/87/Porsche_Taycan_Delux_car_blue_chrome.JPG/revision/latest?cb=20250418105000;209P_1.jpg
269E;Porsche 911 Carrera;Porsche;Casthead Premium Cars;2023;2024;light blue;1:64;Year Lists;List_of_2024_Majorette;https://static.wikia.nocookie.net/majorette_model_cars/images/f/f7/Porsche_carrera_RS_2.7_castheads.JPG/revision/latest?cb=20250402123531;269E.jpg
266A;Range Rover Evoque;Land Rover;Premium Cars;2014;2024;red;1:64;Year Lists;List_of_2024_Majorette;https://static.wikia.nocookie.net/majorette_model_cars/images/f/fd/Range_rover_evoque_dark_red.JPG/revision/latest?cb=20250508113905;266A_2.jpg
210A;Renault Alpine A110;Alpine;VIntage Cars;2018;2024;orange;1:64;Year Lists;List_of_2024_Majorette;https://static.wikia.nocookie.net/majorette_model_cars/images/a/a1/Alpine_a110_orange.jpg/revision/latest?cb=20250320215054;210A_2.jpg
253A;Renault Kangoo Mk2;Renault;French Touch Trailer;2010;2024;pink;1:64;Year Lists;List_of_2024_Majorette;https://static.wikia.nocookie.net/majorette_model_cars/images/6/69/French_Touch_Renault_Kangoo_macarons.JPG/revision/latest?cb=20250330003536;253A_7.jpg
239B;Renault Trafic;Renault;French Touch Deluxe Cars;2014;2024;Green;1:64;Year Lists;List_of_2024_Majorette;https://static.wikia.nocookie.net/majorette_model_cars/images/9/96/French_Touch_Renault_Trafic_huile_d%27olive.JPG/revision/latest?cb=20250330003539;239B_3.jpg
239B;Renault Trafic;Renault;French Touch Trailer;2014;2024;yellow;1:64;Year Lists;List_of_2024_Majorette;https://static.wikia.nocookie.net/majorette_model_cars/images/e/e6/French_Touch_Trailer_Renault_Trafic.JPG/revision/latest?cb=20250330085958;239B_4.jpg
239C;Renault Master;Renault;Construction VOLVO;2011;2024;white;1:64;Year Lists;List_of_2024_Majorette;https://static.wikia.nocookie.net/majorette_model_cars/images/9/95/Renault_Master_%28white%2C_volvo_construction%29_2021.jpg/revision/latest?cb=20210916175702;239C_2.jpg
210B;Renault 5 Turbo;Renault;60Th Anniversary Edition Deluxe Cars;2020;2024;blue;1:64;Year Lists;List_of_2024_Majorette;https://static.wikia.nocookie.net/majorette_model_cars/images/8/81/R5_turbo_anniversary_edition.jpg/revision/latest?cb=20250309113951;210B_4.jpg
210B;Renault 5 Turbo;Renault;French Touch Giftpack;2020;2024;red;1:64;Year Lists;List_of_2024_Majorette;https://static.wikia.nocookie.net/majorette_model_cars/images/0/03/Renault_5_Turbo_French_Touch.JPG/revision/latest?cb=20250330001734;210B_5.jpg
210C;Renault 12;Renault;Racing Cars;2022;2024;blue;1:64;Year Lists;List_of_2024_Majorette;https://static.wikia.nocookie.net/majorette_model_cars/images/8/8f/Renault_12.png/revision/latest?cb=20250904210019;210C.jpg
221K;Renault Clio 16S;Renault;Vintage Cars;2023;2024;black;1:64;Year Lists;List_of_2024_Majorette;https://static.wikia.nocookie.net/majorette_model_cars/images/7/7f/Renault.Clio16S2024.jpg/revision/latest?cb=20241209112010;221K_1.jpg
221K;Renault Clio 16S;Renault;Vintage Cars;2023;2024;blue;1:64;Year Lists;List_of_2024_Majorette;https://static.wikia.nocookie.net/majorette_model_cars/images/6/61/Renault_Clio_16S_blue.JPG/revision/latest?cb=20250327031155;221K_2.jpg
221K;Renault Clio 16S;Renault;Castheads Premium Cars;2023;2024;green;1:64;Year Lists;List_of_2024_Majorette;https://static.wikia.nocookie.net/majorette_model_cars/images/1/1a/Renault_Clio_16s_green.JPG/revision/latest?cb=20250327031151;221K_3.jpg
221K;Renault Clio 16S;Renault;Limited Edition Serie 10 - Colour Trace;2023;2024;noire;1:64;Year Lists;List_of_2024_Majorette;https://static.wikia.nocookie.net/majorette_model_cars/images/b/b0/Renault_Clio_16S_limited_10.png/revision/latest?cb=20250327032326;221K_4.jpg
222F;Renault Megane Rs;Renault;French Touch Premium Cars;2019;2024;blue;1:64;Year Lists;List_of_2024_Majorette;https://static.wikia.nocookie.net/majorette_model_cars/images/3/39/Renault_megane_rs_french_touch2.JPG/revision/latest?cb=20250328101047;222F_2.jpg
222F;Renault Megane Rs;Renault;Limited Edition 11;2019;2024;yellow;1:64;Year Lists;List_of_2024_Majorette;https://static.wikia.nocookie.net/majorette_model_cars/images/3/30/MeganeRSLMS11.png/revision/latest?cb=20250109082217;222F_3.jpg
222F;Renault Megane Rs;Renault;Racing Cars;2019;2024;white;1:64;Year Lists;List_of_2024_Majorette;https://static.wikia.nocookie.net/majorette_model_cars/images/4/4a/Renault_megane_4_racing_cars_2024.JPG/revision/latest?cb=20250328093830;222F_4.jpg
206C;Renault Twingo Mk3;Renault;French Touch Premium Cars;2016;2024;red;1:64;Year Lists;List_of_2024_Majorette;https://static.wikia.nocookie.net/majorette_model_cars/images/f/f5/Twingo_french_touch.jpeg/revision/latest?cb=20250408184857;206C_3.jpg
215A;Suzuki Jimny;Suzuki;Street Cars;2021;2024;white;1:64;Year Lists;List_of_2024_Majorette;https://static.wikia.nocookie.net/majorette_model_cars/images/0/0c/Suzuki_jimmy_white.JPG/revision/latest?cb=20250403080208;215A_2.jpg
215A;Suzuki Jimny;Suzuki;S.O.S. Cars;2021;2024;;1:64;Year Lists;List_of_2024_Majorette;https://static.wikia.nocookie.net/majorette_model_cars/images/c/c5/Suzuki_jimmi_police_blue.jpg/revision/latest?cb=20250421183010;215A_3.jpg
261A;Suzuki Carry;Suzuki;Japan Serie 1 Deluxe Cars;2024;2024;blue;1:64;Year Lists;List_of_2024_Majorette;https://static.wikia.nocookie.net/majorette_model_cars/images/6/69/Suzuki_Carry_Blue.jpg/revision/latest?cb=20241230195325;261A.jpg
215B;Suzuki Swift Sport;Suzuki;Street Cars;2021;2024;orange;1:64;Year Lists;List_of_2024_Majorette;https://static.wikia.nocookie.net/majorette_model_cars/images/6/61/Suzuji_swft_sport_orange.JPG/revision/latest?cb=20250425090136;215B_1.jpg
215B;Suzuki Swift Sport;Suzuki;Racing Cars;2021;2024;yellow;1:64;Year Lists;List_of_2024_Majorette;https://static.wikia.nocookie.net/majorette_model_cars/images/0/0b/Suzuli_swift_racing.JPG/revision/latest?cb=20250425090135;215B_2.jpg
230C;Toyota 2000 GT;Toyota;Vintage Cars;2021;2024;red;1:64;Year Lists;List_of_2024_Majorette;https://static.wikia.nocookie.net/majorette_model_cars/images/b/bf/Toyota_2000_GT_red_vintage_cars.JPG/revision/latest?cb=20250408075837;230C_1.jpg
230C;Toyota 2000 GT;Toyota;Toyota Racing Giftpack;2021;2024;white;1:64;Year Lists;List_of_2024_Majorette;https://static.wikia.nocookie.net/majorette_model_cars/images/a/a2/Toyota_2000_GT_white_toyota_giftpack.JPG/revision/latest?cb=20250407225717;230C_2.jpg
216C;Toyota Hiace;Toyota;Japan Series 1 Deluxe Cars;2019;2024;yellow;1:64;Year Lists;List_of_2024_Majorette;https://static.wikia.nocookie.net/majorette_model_cars/images/c/c0/Toyota_Hiace_Mk5_deluxe_cars.JPG/revision/latest?cb=20250421175605;216C_3.jpg
267A;Volvo 240 GL;Volvo;60Th Anniversary Premium Cars;2024;2024;white;1:64;Year Lists;List_of_2024_Majorette;https://static.wikia.nocookie.net/majorette_model_cars/images/1/19/Volvo.240GL2024.jpg/revision/latest?cb=20241105102527;267A.jpg
294H;Volvo V90;Volvo;Racing Cars;2021;2024;white;1:64;Year Lists;List_of_2024_Majorette;https://static.wikia.nocookie.net/majorette_model_cars/images/1/19/Volvo_V90_%28white%2C_racing%29_2020.jpg/revision/latest?cb=20220512191814;294H_2.jpg
294H;Advent Calendar;Volvo;Advent Calendar;2021;2024;white;1:64;Year Lists;List_of_2024_Majorette;https://static.wikia.nocookie.net/majorette_model_cars/images/3/3a/Volvo_v90_white_advent_calendar_2023_nacked.JPG/revision/latest?cb=20251115091624;294H_3.jpg
294H;Volvo V90;Volvo;Anniversary Edition Giftpack Global Emmergency vehicles;2021;2024;yellow;1:64;Year Lists;List_of_2024_Majorette;https://static.wikia.nocookie.net/majorette_model_cars/images/d/d7/Giftpack_emmergency_Volvo_V90.JPG/revision/latest?cb=20250330164405;294H_4.jpg
294H;Volvo V90;Volvo;Tull Custom;2021;2024;blue;1:64;Year Lists;List_of_2024_Majorette;https://static.wikia.nocookie.net/majorette_model_cars/images/1/19/Volvo_V90_tull_customs.JPG/revision/latest?cb=20250401193337;294H_5.jpg
294G;Volvo EX90;Volvo;Premium Cars;2024;2024;blue;1:64;Year Lists;List_of_2024_Majorette;https://static.wikia.nocookie.net/majorette_model_cars/images/8/83/Volvo_E90.JPG/revision/latest?cb=20250402072025;294G.jpg
234A;Volkswagen ID.BUZZ;Volkswagen;Premium Cars;2023;2024;white;1:64;Year Lists;List_of_2024_Majorette;https://static.wikia.nocookie.net/majorette_model_cars/images/a/a0/VW.ID.Buzz2023.jpg/revision/latest?cb=20241105105331;234A.jpg
234A;Volkswagen ID.BUZZ Cargo;Volkswagen;Racing Cars;2023;2024;blue;1:64;Year Lists;List_of_2024_Majorette;https://static.wikia.nocookie.net/majorette_model_cars/images/2/27/Volkswagen_ID-buzz_racing.JPG/revision/latest?cb=20250408182458;234A_1.jpg
243A;Volkswagen T1;Volkswagen;French Touch Deluxe Cars;2017;2024;yellow;1:64;Year Lists;List_of_2024_Majorette;https://static.wikia.nocookie.net/majorette_model_cars/images/a/a6/VW.T1.Foodtruck2024.jpg/revision/latest?cb=20241107130221;243A_5.jpg
243A;Volkswagen T1;Volkswagen;60Th Anniversary Edition Deluxe Cars;2017;2024;light blue;1:64;Year Lists;List_of_2024_Majorette;https://static.wikia.nocookie.net/majorette_model_cars/images/e/e8/60Th_Anniversary_edition_delux_vw_combi_T1.JPG/revision/latest?cb=20250405105601;243A_6.jpg
228B;Lamborghini Countach LPI 800-4;Lamborghini;Majorette Mainline;2023;2024;red;1:64;Year Lists;List_of_2024_Majorette;https://static.wikia.nocookie.net/majorette_model_cars/images/9/98/Lamborghini_countack_LP_pink_slips.JPG/revision/latest?cb=20250416223234;228B_3.jpg
209J;Porsche Cayenne Turbo S;Porsche;Majorette Mainline;2020;2024;silver + pink + white;1:64;Year Lists;List_of_2024_Majorette;https://static.wikia.nocookie.net/majorette_model_cars/images/f/f8/Porsche_Cayenne_Mk3_turbo_jada.JPG/revision/latest?cb=20250416221722;209J_1.jpg
209F;Porsche 918 Spyder;Porsche;Majorette Mainline;2015;2024;pink + yellow;1:64;Year Lists;List_of_2024_Majorette;https://static.wikia.nocookie.net/majorette_model_cars/images/6/63/Porsche_918_spyder_pink_slips.JPG/revision/latest?cb=20250416224116;209F_5.jpg
214H;Nissan GT-R Nismo GT3;Nissan;Majorette Mainline;2020;2024;neon green;1:64;Year Lists;List_of_2024_Majorette;https://static.wikia.nocookie.net/majorette_model_cars/images/d/d8/Nissan_GT-R_Nismo_GT3_pink_slips.JPG/revision/latest?cb=20250416064349;214H_4.jpg
229D;Aston Martin Vantage GT8;Aston Martin;Majorette Mainline;2018;2024;sky blue;1:64;Year Lists;List_of_2024_Majorette;https://static.wikia.nocookie.net/majorette_model_cars/images/0/0f/Aston_Martin_Vantage_GT8_Pink_slips.JPG/revision/latest?cb=20250416224515;229D_5.jpg
204C;Ford Mustang GT;Ford;Majorette Mainline;2019;2024;blue;1:64;Year Lists;List_of_2024_Majorette;https://static.wikia.nocookie.net/majorette_model_cars/images/7/75/Mustang_pink_slips.JPG/revision/latest?cb=20250815115649;204C_3.jpg
293B;Jaguar F-Type;Jaguar;Majorette Mainline;2016;2024;orange;1:64;Year Lists;List_of_2024_Majorette;https://static.wikia.nocookie.net/majorette_model_cars/images/2/2a/Jaguar_F-type_orange.JPG/revision/latest?cb=20250416065843;293B_5.jpg
248C;Mc Laren Senna;Mc Laren;Majorette Mainline;2021;2024;Dark Green;1:64;Year Lists;List_of_2024_Majorette;https://static.wikia.nocookie.net/majorette_model_cars/images/e/e6/McLaren_Senna_green_pink_slips.JPG/revision/latest?cb=20251009191216;248C_2.jpg
209K;Porsche 911 Carrera S;Porsche;Majorette Mainline;2020;2024;pink;1:64;Year Lists;List_of_2024_Majorette;https://static.wikia.nocookie.net/majorette_model_cars/images/f/f2/Porsche_911_%28992%29_Carrera_S_jada.JPG/revision/latest?cb=20250416221723;209K_2.jpg
209P;Porsche Taycan Turbo S;Porsche;Porsche Motorsport Deluxe Cars;2021;2024;white/blue;1:64;Year Lists;List_of_2024_Majorette;https://static.wikia.nocookie.net/majorette_model_cars/images/a/a1/Porsche_Taycan_safety_car.JPG/revision/latest?cb=20250418105001;209P_2.jpg
211B;Porsche Vision Gran Turismo;Porsche;Porsche Motorsport Deluxe Cars;2023;2024;white;1:64;Year Lists;List_of_2024_Majorette;https://static.wikia.nocookie.net/majorette_model_cars/images/0/0e/Porsche_vision_gran_turismo.JPG/revision/latest?cb=20251112205814;211B.jpg
269F;Porsche 935 K3;Porsche;Porsche Motorsport Deluxe Cars;2023;2024;green;1:64;Year Lists;List_of_2024_Majorette;https://static.wikia.nocookie.net/majorette_model_cars/images/7/79/Porsche_935k_vaillant_green.JPG/revision/latest?cb=20250418073847;269F.jpg
269E;Porsche 911 Carrera RS 2.7;Porsche;Porsche Motorsport Deluxe Cars;2023;2024;yellow/red;1:64;Year Lists;List_of_2024_Majorette;https://static.wikia.nocookie.net/majorette_model_cars/images/5/5e/Porsche_911_Carrera_RS_2_7.jpg/revision/latest?cb=20241230202820;269E_1.jpg
209R;Porsche 911 GT3 Cup (992);Porsche;Porsche Motorsport Deluxe Cars;2023;2024;silver;1:64;Year Lists;List_of_2024_Majorette;https://static.wikia.nocookie.net/majorette_model_cars/images/8/8c/Porsche_911_GT3_cup_chrome.jpg/revision/latest?cb=20250414060458;209R_1.jpg
211B;Porsche Vision Grand Turismo;Porsche;Porsche Motorsport Deluxe Cars;2023;2024;blue;1:64;Year Lists;List_of_2024_Majorette;https://static.wikia.nocookie.net/majorette_model_cars/images/b/b0/Porsche_vision_gran_turismo_blue.JPG/revision/latest?cb=20251112205812;211B_1.jpg
269E;Porsche 911 Carrera RS 2.7;Porsche;Porsche Motorsport Premium Cars - Porsche Edition Giftpack 2023;2023;2024;black;1:64;Year Lists;List_of_2024_Majorette;https://static.wikia.nocookie.net/majorette_model_cars/images/f/f1/Porsche_Black.jpg/revision/latest?cb=20250131093415;269E_2.jpg
269E;Porsche 911 Carrera RS 2.7;Porsche;Porsche Motorsport Premium Cars;2023;2024;yellow;1:64;Year Lists;List_of_2024_Majorette;https://static.wikia.nocookie.net/majorette_model_cars/images/e/e8/Porsche_911_carrera_RS_2.7_premium_cars_yellow.JPG/revision/latest?cb=20250418065227;269E_3.jpg
247C;Porsche 917;Porsche;Porsche Motorsport Premium Cars - Porsche Edition Giftpack 2023;2021;2024;blue;1:64;Year Lists;List_of_2024_Majorette;https://static.wikia.nocookie.net/majorette_model_cars/images/9/99/Porsche_917_blue.jpg/revision/latest?cb=20250131113057;247C_2.jpg
209R;Porsche 911 GT3 Cup (992);Porsche;Porsche Motorsport Premium Cars;2023;2024;black;1:64;Year Lists;List_of_2024_Majorette;https://static.wikia.nocookie.net/majorette_model_cars/images/2/23/Porsche_911_GT3_cup.JPG/revision/latest?cb=20251112173956;209R_2.jpg
209J;Porsche Panamera Turbo;Porsche;Porsche Motorsport Premium Cars;2019;2024;white;1:64;Year Lists;List_of_2024_Majorette;https://static.wikia.nocookie.net/majorette_model_cars/images/3/3e/Porsche_Panamera_Race_Trailer.JPG/revision/latest?cb=20250418143608;209J_2.jpg
209K;Porsche 911 Carrera S;Porsche;Porsche Motorsport Premium Cars - Porsche Edition Giftpack 2023;2020;2024;green;1:64;Year Lists;List_of_2024_Majorette;https://static.wikia.nocookie.net/majorette_model_cars/images/2/2d/Porsche_911_Carrera_S_Green.jpg/revision/latest?cb=20250131105053;209K_3.jpg
209J;Porsche Cayenne Turbo S E-Hybrid;Porsche;Porsche Motorsport Race Trailer;2020;2024;light blue;1:64;Year Lists;List_of_2024_Majorette;https://static.wikia.nocookie.net/majorette_model_cars/images/3/38/Porsche_cayenne_turbo_race_trailer.JPG/revision/latest?cb=20250419114623;209J_3.jpg
209F;Porsche 918 Spyder;Porsche;Porsche Motorsport Race Trailer;2015;2024;light blue;1:64;Year Lists;List_of_2024_Majorette;https://static.wikia.nocookie.net/majorette_model_cars/images/d/d9/Porsche_918_spyder_Race_trailer.JPG/revision/latest?cb=20250417222640;209F_6.jpg
209P;Porsche Taycan Turbo S;Porsche;Porsche Motorsport Race Trailer;2021;2024;red;1:64;Year Lists;List_of_2024_Majorette;https://static.wikia.nocookie.net/majorette_model_cars/images/5/51/Porsche_Taycan_red_Race_trailer.JPG/revision/latest?cb=20250418105001;209P_3.jpg
209I;Porsche Taycan Turbo S;Porsche;Porsche Motorsport Race Trailer;2021;2024;white;1:64;Year Lists;List_of_2024_Majorette;https://static.wikia.nocookie.net/majorette_model_cars/images/3/3e/Porsche_Panamera_Race_Trailer.JPG/revision/latest?cb=20250418143608;209J_2.jpg
269F;Porsche 935 K3;Porsche;Porsche Motorsport Race Trailer - Porsche Edition Giftpack 2023;2023;2024;white;1:64;Year Lists;List_of_2024_Majorette;https://static.wikia.nocookie.net/majorette_model_cars/images/1/13/Porsche935K3.jpg/revision/latest?cb=20250124183941;269F_1.jpg
209R;Porsche 911 GT3 Cup (992);Porsche;Porsche Edition Giftpack 2023;2023;2024;light blue;1:64;Year Lists;List_of_2024_Majorette;https://static.wikia.nocookie.net/majorette_model_cars/images/b/bb/Porsche_911_GT3_Cup.jpg/revision/latest?cb=20250131101650;209R_3.jpg
209H;Porsche 911 GT3 RS;Porsche;Porsche Experience Truck;2018;2024;green;1:64;Year Lists;List_of_2024_Majorette;https://static.wikia.nocookie.net/majorette_model_cars/images/a/a9/Porsche_911_GT3_RS_green.JPG/revision/latest?cb=20250419093819;209H_6.jpg
209P;Porsche Taycan Turbo S;Porsche;Porsche Experience Truck;2021;2024;light blue;1:64;Year Lists;List_of_2024_Majorette;https://static.wikia.nocookie.net/majorette_model_cars/images/e/e1/Porsche_Taycan_blue_Porsche_experience_truck.JPG/revision/latest?cb=20250418105000;209P_4.jpg
211N;Alpine A110 R;Alpine;Majorette Mainline;2024;2025;;1:64;Year Lists;List_of_2025_Majorette;https://static.wikia.nocookie.net/majorette_model_cars/images/b/b6/2025a110r.webp/revision/latest?cb=20250525135615;211N.jpg
237I;Audi A1 Sportback;Audi;Majorette Mainline;2021;2025;purple;1:64;Year Lists;List_of_2025_Majorette;https://static.wikia.nocookie.net/majorette_model_cars/images/5/5e/Audi_A1_dark_nue.JPG/revision/latest?cb=20250403080042;237I_2.jpg
237K-2;Audi e-tron GT;Audi;Majorette Mainline;2022;2025;gray;1:64;Year Lists;List_of_2025_Majorette;https://static.wikia.nocookie.net/majorette_model_cars/images/d/d9/Audi_e-tron_dark_grey.JPG/revision/latest?cb=20250407104740;237K-2_2.jpg
229D;Aston Martin Vantage GT8;Aston Martin;Majorette Mainline;2018;2025;light blue;1:64;Year Lists;List_of_2025_Majorette;https://static.wikia.nocookie.net/majorette_model_cars/images/0/0f/Aston_Martin_Vantage_GT8_Pink_slips.JPG/revision/latest?cb=20250416224515;229D_5.jpg
271D;Alfa Romeo Giulia;Alfa Romeo;Majorette Mainline;2020;2025;red / blue;1:64;Year Lists;List_of_2025_Majorette;https://static.wikia.nocookie.net/majorette_model_cars/images/8/8f/Giulia_color_changers.JPG/revision/latest?cb=20250407092445;271D_4.jpg
271E;Alfa Romeo Tonale;Alfa Romeo;Majorette Mainline;2023;2025;green;1:64;Year Lists;List_of_2025_Majorette;https://static.wikia.nocookie.net/majorette_model_cars/images/f/f9/Alfa_romeo_tonale_limited_edition_11_graffiti.JPG/revision/latest?cb=20250407091201;271E_2.jpg
279C;Chevrolet Corvette ZR-1;Chevrolet;Racing Cars;2023;2025;white;1:64;Year Lists;List_of_2025_Majorette;https://static.wikia.nocookie.net/majorette_model_cars/images/f/f3/Corvette_C4_ZR-1_Racing_cars.JPG/revision/latest?cb=20250603182736;279C_4.jpg
290B;Ford Escort MK2 RS 1800;Ford;Vintage Cars;2024;2025;white;1:64;Year Lists;List_of_2025_Majorette;https://static.wikia.nocookie.net/majorette_model_cars/images/b/b9/Ford_escort_Mk2_RS_1800.jpg/revision/latest?cb=20250603182041;290B_1.jpg
266D;Land Rover Defender 90;Land Rover;Majorette Mainline;2021;2025;silver;1:64;Year Lists;List_of_2025_Majorette;https://static.wikia.nocookie.net/majorette_model_cars/images/6/6c/Land_rover_silver.jpg/revision/latest?cb=20250317211148;266D_4.jpg
256A;Rimac Nevera;Rimac;Majorette Mainline;2025;2025;rainbow;1:64;Year Lists;List_of_2025_Majorette;https://static.wikia.nocookie.net/majorette_model_cars/images/2/22/Rimac_Nevera.jpg/revision/latest?cb=20250326163340;256A.jpg
267A;Volvo 240 GL;Volvo;Vintage Cars;2024;2025;red;1:64;Year Lists;List_of_2025_Majorette;https://static.wikia.nocookie.net/majorette_model_cars/images/8/8a/Volvo_240_GL_red.JPG/revision/latest?cb=20250327025945;267A_1.jpg
248C;Mc Laren Senna;Mc Laren;Racing Cars;2021;2025;white;1:64;Year Lists;List_of_2025_Majorette;;
224E;Jeep Wrangler 4XE;Jeep;Racing Cars;2024;2025;purple;1:64;Year Lists;List_of_2025_Majorette;https://static.wikia.nocookie.net/majorette_model_cars/images/1/17/Jeep_wrangler_4xE_blue_racing.JPG/revision/latest?cb=20251117221620;224E_3.jpg
276B;Toyota Tacoma TRD Pro;Toyota;Racing Cars;2025;2025;metallic green;1:64;Year Lists;List_of_2025_Majorette;https://static.wikia.nocookie.net/majorette_model_cars/images/7/76/Toyota_tacoma_racing_green.JPG/revision/latest?cb=20250930222238;276B.jpg
238C;Dodge Challenger SRT;Dodge;Racing Cars;2017;2025;white;1:64;Year Lists;List_of_2025_Majorette;;
286E;Fiat 500 Icon;Fiat;Racing Cars;2022;2025;silver;1:64;Year Lists;List_of_2025_Majorette;https://static.wikia.nocookie.net/majorette_model_cars/images/5/56/Fiat_500_Icon.png/revision/latest?cb=20251027115745;286E_4.jpg
271E;Alfa Romeo Tonale;Alfa Romeo;Premium Cars - Alfa Romeo Serie - Limited Edition Serie 11 - Racing Cars - Showroom Premium Cars;2023 • 2024 - 2025 - 2026;;;1:64;Vehicles List;Alfa_Romeo_Vehicles;https://static.wikia.nocookie.net/majorette_model_cars/images/7/7f/AlfaRomeoTonale.png/revision/latest?cb=20240309001543;271E_3.jpg
271D;Alfa Romeo Giulia;Alfa Romeo;Premium Cars - Dream Cars Italy - Alfa Romeo Serie;2020 • 2021 • 2022 - 2023 - 2024 - 2025;;;1:64;Vehicles List;Alfa_Romeo_Vehicles;https://static.wikia.nocookie.net/majorette_model_cars/images/e/ef/Alfa_Giulia.jpeg/revision/latest?cb=20201122142813;271D.jpg
271C;Alfa Romeo 4C Spider;Alfa Romeo;Street Cars - Discovery Pack - Dream Cars Italy - Alfa Romeo Serie;2016 • 2017 • 2018 • 2019 • 2020 • 2021 • 2022 - 2023 - 2024 - 2025;;;1:64;Vehicles List;Alfa_Romeo_Vehicles;https://static.wikia.nocookie.net/majorette_model_cars/images/5/5c/Alfa_Romeo_4C_Spider_271C_yellow_metallic.jpg/revision/latest?cb=20200610130842;271C_2.jpg
271B;Alfa Romeo Giulietta;Alfa Romeo;Premium Cars;2014 • 2015 • 2016 • 2017 • 2018;;;1:64;Vehicles List;Alfa_Romeo_Vehicles;https://static.wikia.nocookie.net/majorette_model_cars/images/9/93/Alfa_Romeo_Giulietta_2016_red_Premium_Cars.jpg/revision/latest?cb=20200605161336;271B.jpg
271;Alfa Romeo 75;Alfa Romeo;200 serie;1988 • 1989 • 1990 • 1991 / 1999 - 2000 - 2001;;;1:64;Vehicles List;Alfa_Romeo_Vehicles;https://static.wikia.nocookie.net/majorette_model_cars/images/a/a8/Majorette_Alfa_Romeo_75_%28red%2C_no_tampo%29.jpg/revision/latest?cb=20201114132014;271_2.jpg
271;Alfa Romeo Giulietta (Type 116);Alfa Romeo;200 serie;1985 • 1986 • 1987;;;1:64;Vehicles List;Alfa_Romeo_Vehicles;https://static.wikia.nocookie.net/majorette_model_cars/images/7/7d/Majorette_Alfa_Romeo_Giulietta_%28Type_116%29_%28red%2C_3S_wheels%29.jpg/revision/latest?cb=20200712192814;271.jpg
229D;Aston Martin Vantage GT8;Aston Martin;Chrome Cars Set - Premium Cars - Racing Cars - Pink Slips - Showroom Premium Cars - Color Changers - 60Th Anniversary Edition Giftpack Global Emmergency vehicles - Rescue World Gitpack;2018 • 2019 • 2020 • 2021 • 2022 - 2023 - 2024 - 2025;;;1:64;Vehicles List;Aston_Martin_Vehicles;https://static.wikia.nocookie.net/majorette_model_cars/images/f/fb/Aston_Martin_Vantage_GT8_Premium_Cars.jpg/revision/latest?cb=20200605162010;229D.jpg
229B;Aston Martin DB9;Aston Martin;200 serie;2005 - 2006 - 2007 - 2008 - 2009;;;1:64;Vehicles List;Aston_Martin_Vehicles;https://static.wikia.nocookie.net/majorette_model_cars/images/9/9b/Aston_martin_db9.jpg/revision/latest?cb=20250309180328;229B.jpg
229;Aston Martin DB7;Aston Martin;200 serie - Speed Wheelers - Monsters;1994 • 1995 • 1996 • 1997 • 1998 • 1999 • 2000 • 2001 • 2003 • 2004;;;1:64;Vehicles List;Aston_Martin_Vehicles;https://static.wikia.nocookie.net/majorette_model_cars/images/d/d0/Majorette_Aston_Martin_DB7_%28metalflake_blue%29.jpg/revision/latest?cb=20201201133448;229_11.jpg
237M;Audi RS6 Avant (C8);Audi;Ride Now;2025 • 2026;;;1:64;Vehicles List;Audi_Vehicles;https://static.wikia.nocookie.net/majorette_model_cars/images/7/7f/Audi_RS6_Avant.png/revision/latest?cb=20250904210714;237M.jpg
237J;Audi Q4 e-tron;Audi;Premium Cars - Limited edition 9 - Showroom Premium Cars;2022 • 2023 • 2024 • 2025;;;1:64;Vehicles List;Audi_Vehicles;https://static.wikia.nocookie.net/majorette_model_cars/images/5/5b/237J_Audi_Q4_E-tron.jpg/revision/latest?cb=20230609152829;237J.jpg
237K;Audi RS e-tron GT;Audi;Premium Cars - Müller Series - Deluxe Cars - Pink Slips - Color Changers - Showroom Premium Cars - Adventure Force;2022 • 2023 • 2024 • 2025 • 2026;;;1:64;Vehicles List;Audi_Vehicles;https://static.wikia.nocookie.net/majorette_model_cars/images/a/a6/Audi_RS_GT_e-tron_red.JPG/revision/latest?cb=20250824104224;237K.jpg
237I;Audi A1 Sportback;Audi;Street Cars - FC Bayern München Premium Cars - FC Bayern München Giftpack 2021 - Limited Edition Serie 11 - Giftpack 9+4;2021 • 2022 • 2023 • 2024 • 2025;;;1:64;Vehicles List;Audi_Vehicles;https://static.wikia.nocookie.net/majorette_model_cars/images/8/87/Audi_A1_Sportback_237I_2021_red_Bayern_M%C3%BCnchen.jpg/revision/latest?cb=20210424105657;237I.jpg
237F;Audi R8 Mk2 Spyder;Audi;Street Cars - Limited Edition 5 - Limited Edition 6 - Limited Edition 7 - Limited Edition 8 - Discovery Pack - FC Bayern München Serie - Pink Slips - Advent Calendar;2019 • 2020 • 2021 • 2022 • 2023 • 2024 • 2025;;;1:64;Vehicles List;Audi_Vehicles;https://static.wikia.nocookie.net/majorette_model_cars/images/f/f7/Audi_R8_green_2020_gift_pack_series_6.jpg/revision/latest?cb=20200624152718;237F_1.jpg
237H;Audi S5 Coupe;Audi;Premium Cars - FC Bayern München Serie - Limited Edition 6 - Color Changers - Essen Motor Show;2018 • 2019 • 2020 • 2021 • 2022 • 2023 • 2024 • 2025;;;1:64;Vehicles List;Audi_Vehicles;https://static.wikia.nocookie.net/majorette_model_cars/images/0/0f/Audi_S5_red_2018.jpg/revision/latest?cb=20200605162541;237H_1.jpg
237F;Audi R8 Mk2 Coupé;Audi;Street Cars - Limited Edition 5 - S.O.S. Flashers Giftpack 2018 - Discovery Pack - FC Bayern München Serie - Black Edition Giftpack - Light Racer Giftpack - Tune Up´s Series 2 - Tune Up's Serie 3 - City - Racing Cars - Chase Cars - Polizei Giftpack - Adventure Force;2017 • 2018 • 2019 • 2020 • 2021 • 2022 • 2023 • 2024 • 2025 • 2026;;;1:64;Vehicles List;Audi_Vehicles;https://static.wikia.nocookie.net/majorette_model_cars/images/9/93/Audi_R8_2018_yellow_gift_pack_glowing_wheels.jpg/revision/latest?cb=20200605163653;237F.jpg
237E;Audi A1 Sport;Audi;Pullback Motor Cars - Racing Cars - FC Bayern München Serie;2015 • 2016 • 2017 • 2018 • 2019 • 2020;;;1:64;Vehicles List;Audi_Vehicles;https://static.wikia.nocookie.net/majorette_model_cars/images/4/49/Audi_A1_Racing_Cars_2015_1_white.jpg/revision/latest?cb=20200620184054;237E_3.jpg
237E;Audi A1;Audi;Single Asst - Pullback Motor Cars - Premium Cars - Holyday Set;2012 • 2013 • 2014 • 2015 • 2016 • 2017 • 2018 • 2019 • 2020;;;1:64;Vehicles List;Audi_Vehicles;https://static.wikia.nocookie.net/majorette_model_cars/images/1/1e/Audi_A1_%28blue%292015.jpg/revision/latest?cb=20200624144433;237E_2.jpg
237C;Audi A5 Coupe;Audi;Single. Asst. - Majorette 50 Years Car Pack - Premium Cars - Dream Cars Giftpack;2011 • 2012 • 2013 • 2014 • 2015 • 2016 • 2017;;;1:64;Vehicles List;Audi_Vehicles;https://static.wikia.nocookie.net/majorette_model_cars/images/8/8f/Majorette_Audi_A5_Coupe_%28metalflake_dark_grey%2C_5DS_wheels%29.jpg/revision/latest?cb=20210919122434;237c_1.jpg
237D;Audi R8 Mk1;Audi;Single Asst - Street Cars - Limited Edition 1 - Limited Edition 2 - Limited Edition 3;2011 • 2012 • 2013 • 2014 • 2015 • 2016 • 2017;;;1:64;Vehicles List;Audi_Vehicles;https://static.wikia.nocookie.net/majorette_model_cars/images/c/ce/Audi_R8_%282011%2C_red%29.jpg/revision/latest?cb=20200624225417;237D.jpg
237B;Audi TT Convertible;Audi;200 serie - Pullback Motor Cars;2002 • 2003 • 2004 • 2005 • 2006 • 2007;;;1:64;Vehicles List;Audi_Vehicles;https://static.wikia.nocookie.net/majorette_model_cars/images/e/e4/Audi_TT_Convertible_%28metallic_silver%2C_red_interior%2C_MOTOR%29.jpg/revision/latest?cb=20210805221002;237B_1.jpg
237A;Audi TT;Audi;200 serie - Speed Wheelers - Pullback Motor Cars;1999 • 2000 • 2001 • 2002 • 2003 • 2004 • 2005 • 2006 • 2007;;;1:64;Vehicles List;Audi_Vehicles;https://static.wikia.nocookie.net/majorette_model_cars/images/f/f3/Audi_TT_%28silver%2C_5RDL%29.jpg/revision/latest?cb=20201103221234;237A.jpg
239;Audi 90;Audi;200 serie;1989 • 1990 • 1991 • 1992 • 1993;;;1:64;Vehicles List;Audi_Vehicles;https://static.wikia.nocookie.net/majorette_model_cars/images/f/ff/Majorette_Audi_90_%28yellow%29.jpg/revision/latest?cb=20201225153804;239_7.jpg
221;Audi Quattro;Audi;200 serie;1983 • 1984 • 1985 • 1986 • 1987 • 1988;;;1:64;Vehicles List;Audi_Vehicles;https://static.wikia.nocookie.net/majorette_model_cars/images/e/e8/Majorette_Audi_Quattro_%28white%2C_12_audi_sport_on_sides%2C_audi_logo_castrol_rallye_monte_carlo_on_hood%2C_6S_wheels%29.jpg/revision/latest?cb=20210919122824;221_6.jpg
270;Autobianchi A112;Autobianchi;200 serie;1984 • 1985 • 1986 • 1987 • 1988 • 1989;;;1:64;Vehicles List;Autobianchi_Vehicles;https://static.wikia.nocookie.net/majorette_model_cars/images/5/56/Majorette_Autobianchi_A112_%28red%2C_A112%2C_dark_orange_windows%29.jpg/revision/latest?cb=20200724212113;270.jpg
252B;BENTLEY Continental GT V8 S;Bentley;Premium Cars Dubai Police Super Cars Giftpack;2016 • 2017 • 2018 • 2019 • 2020 • 2021 • 2022;;;1:64;Vehicles List;Bentley_Vehicles;https://static.wikia.nocookie.net/majorette_model_cars/images/f/f4/BENTLEY_Continental_GT_V8_S_weiss_2016_Premium_Cars.jpg/revision/latest?cb=20200605165646;252B.jpg
257I;BMW M4 GT3 Evo;BMW;BMW Edition - DTM Motorsport;2026;;;1:64;Vehicles List;BMW_Vehicles;https://static.wikia.nocookie.net/majorette_model_cars/images/6/6a/BMWM4GT3Evo.png/revision/latest?cb=20260304142223;257I.jpg
257H;BMW 2002 Turbo;BMW;BMW Edition - Vintage;2026;;;1:64;Vehicles List;BMW_Vehicles;https://static.wikia.nocookie.net/majorette_model_cars/images/c/cb/BMW_2002_turbo_orange.JPG/revision/latest?cb=20260413210057;257H.jpg
244H;BMW X5M Competition;BMW;BMW Edition - Showroom Premium Cars - Rescue Premium Cars;2026;;;1:64;Vehicles List;BMW_Vehicles;https://static.wikia.nocookie.net/majorette_model_cars/images/f/ff/BMWX5MComp.png/revision/latest?cb=20260304142635;244H.jpg
257G;BMW M3 (G20);BMW;Racing Cars - Showroom Premium Cars - Polizei Giftpack - BMW Edition;2025 • 2026;;;1:64;Vehicles List;BMW_Vehicles;https://static.wikia.nocookie.net/majorette_model_cars/images/4/41/Bmw_M3_%28G20%29_green.JPG/revision/latest?cb=20251120211325;257G.jpg
MAJ-BMW_3.0_CSL;BMW 3.0 CSL;BMW;Collection;2025 • 2026;;;1:64;Vehicles List;BMW_Vehicles;https://static.wikia.nocookie.net/majorette_model_cars/images/1/1b/BMW_3.0_CSL.png/revision/latest?cb=20251003103756;MAJ-BMW_3.0_CSL.jpg
257F;BMW M3 (E30);BMW;Vintage - BMW Edition;2025 • 2026;;;1:64;Vehicles List;BMW_Vehicles;https://static.wikia.nocookie.net/majorette_model_cars/images/d/de/Bmw_m3_g30_black.jpg/revision/latest?cb=20260413210443;257F.jpg
257E;BMW M3 Touring (G20);BMW;Ride Now - Street Cars;2025 • 2026;;;1:64;Vehicles List;BMW_Vehicles;https://static.wikia.nocookie.net/majorette_model_cars/images/d/d3/BMW_M3_Touring.png/revision/latest?cb=20250904211428;257E.jpg
244F;BMW Z4 Roadster;BMW;Single Asst;2012 • 2013 • 2014 • 2015 • 2016;;;1:64;Vehicles List;BMW_Vehicles;https://static.wikia.nocookie.net/majorette_model_cars/images/1/1f/BMW_Z4_Roadster_%28black%2C_5YO%29.jpg/revision/latest?cb=20201106081319;244F.jpg
REF:8;BMW X5;BMW;Street Cars;2011;;;1:64;Vehicles List;BMW_Vehicles;https://static.wikia.nocookie.net/majorette_model_cars/images/1/16/BMW_X5_%28blue%29.png/revision/latest?cb=20250823183518;REF-8_1.jpg
244E;BMW X6;BMW;Premium Cars;2010 • 2011 • 2012 • 2013 • 2014 • 2015 • 2016;;;1:64;Vehicles List;BMW_Vehicles;https://static.wikia.nocookie.net/majorette_model_cars/images/5/5b/BMW_X6_matt_schwarz.jpg/revision/latest?cb=20200711125534;244E_1.jpg
244D;BMW Serie 5 Touring;BMW;Street Cars;2007 • 2008 • 2009 • 2010 • 2011 • 2012 • 2013 • 2014 • 2015 • 2016;;;1:64;Vehicles List;BMW_Vehicles;https://static.wikia.nocookie.net/majorette_model_cars/images/0/06/BMW_5_Series_Touring_dark_blue_2016_gift_pack.jpg/revision/latest?cb=20220518130828;244D_4.jpg
244C;BMW Serie 1;BMW;Single Asst. - Street Cars;2006 • 2007 • 2008 • 2009 • 2010 • 2011 • 2012 • 2013 • 2014 • 2015 • 2016;;;1:64;Vehicles List;BMW_Vehicles;https://static.wikia.nocookie.net/majorette_model_cars/images/f/ff/BMW_Series_1_black_2016_gift_pack.jpg/revision/latest?cb=20220518130314;244C_4.jpg
257D;BMW M3 cabriolet;BMW;200 serie;2002 • 2003 • 2004 • 2005 • 2006 • 2014;;;1:64;Vehicles List;BMW_Vehicles;https://static.wikia.nocookie.net/majorette_model_cars/images/3/3d/BMW_325_M3_Convertible_%28red%29.jpg/revision/latest?cb=20220517210358;257D.jpg
244B;BMW Z8;BMW;200 serie;2001 • 2002 • 2003 • 2004 • 2005 • 2006 • 2007 • 2008 • 2009 • 2010 • 2011 • 2012 • 2013 • 2014;;;1:64;Vehicles List;BMW_Vehicles;https://static.wikia.nocookie.net/majorette_model_cars/images/c/c2/Majorette_BMW_Z8_%28silver%2C_red_interior%29.jpg/revision/latest?cb=20220424185809;244B.jpg
257C;BMW M3(E46);BMW;200 serie;2000 • 2001 • 2002 • 2003 • 2004 • 2005 • 2006 • 2007 • 2008 • 2009 • 2010 • 2011 • 2012 • 2013 • 2014;;;1:64;Vehicles List;BMW_Vehicles;https://static.wikia.nocookie.net/majorette_model_cars/images/2/25/BMW_M3_%28silver%29_2000.jpg/revision/latest?cb=20200926203907;257C.jpg
244A - 226S;BMW Z3 Coupé;BMW;200 serie;1999 • 2001 • 2002 • 2003 • 2004 • 2005 • 2006 • 2007 • 2008 • 2009 • 2010 • 2011 • 2012;;;1:64;Vehicles List;BMW_Vehicles;https://static.wikia.nocookie.net/majorette_model_cars/images/f/fd/Majorette_BMW_Z3_Coupe_%28red%2C_black_interior%2C_5S_wheels%29.jpg/revision/latest?cb=20200820110218;244A_2.jpg
257;BMW 325i (E36);BMW;200 serie;1993 • 1994 • 1995 • 1996 • 1997 • 1998 • 1999 • 2000 • 2001 • 2002 • 2003 • 2004;;;1:64;Vehicles List;BMW_Vehicles;https://static.wikia.nocookie.net/majorette_model_cars/images/8/89/Majorette_BMW_325i_%28E36%29_%28metallic_dark_green%2C_8DOT_wheels%29_%282%29.jpg/revision/latest?cb=20200830213405;257_11.jpg
MAJ-BMW_750I;BMW 750i;BMW;Sonic Flashers;1990 • 1991 • 1992 • 1993 • 1994;;;1:64;Vehicles List;BMW_Vehicles;https://static.wikia.nocookie.net/majorette_model_cars/images/5/5a/BMW_750i_blue_sonic_lashers.JPG/revision/latest?cb=20260224125233;MAJ-BMW_750I.jpg
229;BMW 325i (E30);BMW;200 serie;1987 • 1988 • 1989 • 1990 • 1991 • 1992 / 2001 • 2002;;;1:64;Vehicles List;BMW_Vehicles;https://static.wikia.nocookie.net/majorette_model_cars/images/9/9d/Majorette_BMW_325i_%28E30%29_%28metallic_silver%2C_325i_black_%26_red_stripes_on_sides%29.jpg/revision/latest?cb=20220320184005;229_9.jpg
MAJ-TURBO_BMW_(M;Turbo BMW (MOTOR);BMW;MOTOR Serie;1980 • 1981 • 1982 • 1983 • 1984 • 1985 • 1986 • 1987 • 1988 • 1989 • 1990 • 1991 • 1992 • 1993 • 1994 • 1995 • 1996 • 1997;;;1:64;Vehicles List;BMW_Vehicles;https://static.wikia.nocookie.net/majorette_model_cars/images/e/e6/Majorette_Turbo_BMW_%28motor%29_%28black%2C_5%29.jpg/revision/latest?cb=20201028131121;MAJ-TURBO_BMW_(M.jpg
256;BMW 733;BMW;200 Serie;1979 • 1980 • 1981 • 1982 • 1983 • 1984 • 1985 • 1986 • 1988 • 1989 / 2002 • 2003;;;1:64;Vehicles List;BMW_Vehicles;https://static.wikia.nocookie.net/majorette_model_cars/images/f/fa/Majorette_BMW_733_%28light_green%2C_NUC_wheels%29.jpg/revision/latest?cb=20200829234005;256_8.jpg
217 - 258A;Turbo BMW;BMW;200 serie;1976 • 1977 • 1978 • 1979 • 1980 • 1981 • 1982 • 1983 / 2001 • 2002 • 2003;;;1:64;Vehicles List;BMW_Vehicles;https://static.wikia.nocookie.net/majorette_model_cars/images/d/d5/Turbo_BMW_%28red%2C_black_doors%2C_3S%29.jpg/revision/latest?cb=20200614170244;217.jpg
235;BMW 3.0 CSI;BMW;200 serie;1973 • 1974 • 1975 • 1976 • 1977;;;1:64;Vehicles List;BMW_Vehicles;https://static.wikia.nocookie.net/majorette_model_cars/images/3/3e/Majorette_BMW_3.0_CSI_%28red%2C_NUC_tires%29.jpg/revision/latest?cb=20200830191755;235_13.jpg
250B;Brabus B63s;Brabus;Premium Cars;2019 • 2020 • 2021 - 2022 - 2023 - 2024;;;1:64 / 1:87;Vehicles List;Brabus_Vehicles;https://static.wikia.nocookie.net/majorette_model_cars/images/9/97/Brabus_B63s_%28white%29_2021.jpg/revision/latest?cb=20210914133151;250B_1.jpg
MAJ-BUGATTI_VEYR;Bugatti Veyron 16.4 Super Sport;Bugatti;Collection;2025;;;1:64;Vehicles List;Bugatti_Vehicles;https://static.wikia.nocookie.net/majorette_model_cars/images/e/ec/Bugatti_Veyron_16.4_Super_Sport.png/revision/latest?cb=20251011215702;MAJ-BUGATTI_VEYR.jpg
213D;Bugatti Chiron Pur Sport;Bugatti;Deluxe Cars - Premium Cars - Limited Edition 10 - Swat Giftpack - Black Edition - Racing Cars - Pink Slips;2021 - 2022 - 2023 - 2024 -2025;;;1:64;Vehicles List;Bugatti_Vehicles;https://static.wikia.nocookie.net/majorette_model_cars/images/8/83/Bugatti_Chiron_Pur_Sport_%28blue%29.jpg/revision/latest?cb=20220331140846;213D.jpg
253;Cadillac Allante;Cadillac;200 serie;1989 • 1990 • 1991 • 1992 • 1993 • 1994 • 1995;;;1:64;Vehicles List;Cadillac_Vehicles;https://static.wikia.nocookie.net/majorette_model_cars/images/7/73/Cadillac_Allante_%28silver%29.jpg/revision/latest?cb=20201112224229;253_4.jpg
339;Cadillac Stretch Limousine;Cadillac;300 serie;1987 • 1988 • 1989 • 1990 • 1991 • 1992 • 1993 • 1994 • 1995;;;1:64;Vehicles List;Cadillac_Vehicles;https://static.wikia.nocookie.net/majorette_model_cars/images/0/02/Majorette_Cadillac_Stretch_Limousine_%28white%2C_France_version%29.jpg/revision/latest?cb=20210313110725;339_2.jpg
279E;Chevrolet Corvette C8;Chevrolet;Showroom Premium Cars - Adventure Force;2025 • 2026;;;1:64;Vehicles List;Chevrolet_Vehicles;https://static.wikia.nocookie.net/majorette_model_cars/images/5/54/Chevrolet_corvette_c8.JPG/revision/latest?cb=20250903210415;279E.jpg
217F;Chevrolet C10 (1963);Chevrolet;Ride Now;2025 • 2026;;;1:64;Vehicles List;Chevrolet_Vehicles;https://static.wikia.nocookie.net/majorette_model_cars/images/5/52/Chevrolet_C10_1963.JPG/revision/latest?cb=20250903210231;217F.jpg
240A;Chevrolet Bel AIr (1955);Chevrolet;Collection;2025;;;1:64;Vehicles List;Chevrolet_Vehicles;https://static.wikia.nocookie.net/majorette_model_cars/images/5/59/Bel_air_55.JPG/revision/latest?cb=20250815113956;240A.jpg
279G;Chevrolet Corvette C6-R;Chevrolet;Collection;2025;;;1:64;Vehicles List;Chevrolet_Vehicles;https://static.wikia.nocookie.net/majorette_model_cars/images/2/28/Chevrolet_Corvette_C6-R_2005.JPG/revision/latest?cb=20250815112818;279G.jpg
279F;Chevrolet Camaro (1985);Chevrolet;Collection;2025;;;1:64;Vehicles List;Chevrolet_Vehicles;https://static.wikia.nocookie.net/majorette_model_cars/images/1/1d/Chevrolet_Camaro_1985.JPG/revision/latest?cb=20250815112818;279F.jpg
279C;Chevrolet Corvette C4 ZR-1;Chevrolet;Youngster 90's Giftpack - Racing Cars - Vintage Cars - Castheads Premium Cars - Anniversary Edition Premium Cars - Deluxe Cars;2023 - 2024 - 2025;;;1:64;Vehicles List;Chevrolet_Vehicles;https://static.wikia.nocookie.net/majorette_model_cars/images/0/0c/Chevrolet_Corvette_C4_279C_Yellow.jpg/revision/latest?cb=20231210014541;279C.jpg
279B;Chevrolet Camaro (2021);Chevrolet;Premium Cars - S.O.S. Cars - Limited Edition 8 - Light Racer Giftpack - Police Force Giftpack - Limited Serie 10 - Colour Trace;2021 • 2022 • 2023 • 2024 • 2025 • 2026;;;1:64;Vehicles List;Chevrolet_Vehicles;https://static.wikia.nocookie.net/majorette_model_cars/images/b/bd/Chevrolet_camaro_%28black%29_2021.jpg/revision/latest?cb=20210914155327;279B.jpg
9609;Chevrolet Camaro SS;Chevrolet;Street Cars - Limited Edition Serie 8, 9, 10, 11 - Adventure Force;2020 • 2021 • 2022 • 2023 • 2024 • 2025 • 2026;;;1:64;Vehicles List;Chevrolet_Vehicles;https://static.wikia.nocookie.net/majorette_model_cars/images/6/6e/Chevrolet_Camaro_SS_blue_2020_street_cars_9609.jpg/revision/latest?cb=20201207180543;9609.jpg
9610;Chevrolet Corvette C7 GMTM;Chevrolet;Racing Cars - Premium Cars - Gold Edition 2020 - Limited Edition 7 - Limited Edition 8 - Deluxe Cars;2020 • 2021 • 2022 / 2025;;;1:64;Vehicles List;Chevrolet_Vehicles;https://static.wikia.nocookie.net/majorette_model_cars/images/b/bd/Chevrolet_Corvette_GMTM_Racing_Cars_2020_yellow_3.jpg/revision/latest?cb=20200703195640;9610_2.jpg
217E;Chevrolet Silverado;Chevrolet;Street Cars - S.O.S. Cars - S.O.S. Flashers Asst. - Majorette 50 Years Car Pack - Holyday Set - Discovery Pack -;2013 • 2014 • 2015 • 2016 • 2017 • 2018 • 2019 • 2020 • 2021 • 2022 • 2023 • 2024 • 2025 • 2026;;;1:64;Vehicles List;Chevrolet_Vehicles;https://static.wikia.nocookie.net/majorette_model_cars/images/5/51/Chevrolet_silverado_%28blue%2C_5YO_wheels%2C_2014%29.jpg/revision/latest?cb=20200625215114;217E_1.jpg
279A;Chevrolet Camaro 2010;Chevrolet;Racing Cars - Premium Cars - Limited Edition 2 - Limited Edition 3 - Dubai Police Super Car - Limited Edition 5 - American Muscle Cars;2012 • 2013 • 2014 • 2015 • 2016 • 2017 • 2018 • 2019 • 2020;;;1:64;Vehicles List;Chevrolet_Vehicles;https://static.wikia.nocookie.net/majorette_model_cars/images/5/5e/Chevrolet_Camaro_2010_-_2016_gelb.jpg/revision/latest?cb=20200605170849;279A_2.jpg
217B/C/D;Chevrolet AK Series (1946);Chevrolet;200 serie;2002 • 2003 • 2004 • 2005 • 2006 • 2007 • 2008 • 2009 • 2010;;;1:64;Vehicles List;Chevrolet_Vehicles;https://static.wikia.nocookie.net/majorette_model_cars/images/9/97/Chevrolet_1946_green.JPG/revision/latest?cb=20260227084314;217B-C-D.jpg
279;Chevrolet Corvette '58;Chevrolet;200 serie - Coca Cola - Pepsi Cola - Driver 2 - Monsters;1999 • 2000 • 2001 • 2002 • 2003 • 2004 • 2005 • 2006 • 2007 • 2008 • 2009 • 2010 • 2011;;;1:64;Vehicles List;Chevrolet_Vehicles;https://static.wikia.nocookie.net/majorette_model_cars/images/e/e5/Chevrolet_Corvette_58_%28light_blue%29_1999.jpg/revision/latest?cb=20200722182242;279_6.jpg
MAJ-CHEVROLET_CO;Chevrolet Corvette C3;Chevrolet;Novacar;1995;;;1:64;Vehicles List;Chevrolet_Vehicles;https://static.wikia.nocookie.net/majorette_model_cars/images/b/b1/Chevrolet_corvette_c3.JPG/revision/latest?cb=20260227115221;MAJ-CHEVROLET_CO.jpg
217;Chevrolet Pick Up;Chevrolet;200 serie - Novacar - Super Crystal;1994 • 1995 • 1996 • 1997 • 1998 • 1999 • 2000 • 2001 • 2002 • 2003;;;1:64;Vehicles List;Chevrolet_Vehicles;https://static.wikia.nocookie.net/majorette_model_cars/images/c/cd/Chevrolet_Pick_Up_%28black%2C_sheriff%29_1997.jpg/revision/latest?cb=20200814123332;217_11.jpg
223;Chevy '57;Chevrolet;200 serie - Road Eaters - Top Chromes;1991 • 1992 • 1993 • 1994 • 1995 • 1996 • 1997 • 1998 • 1999 • 2000 • 2001 • 2002 • 2003 • 2004 • 2005 • 2006 / 2010 • 2011 • 2012 • 2013;;;1:64;Vehicles List;Chevrolet_Vehicles;https://static.wikia.nocookie.net/majorette_model_cars/images/1/11/Majorette-chevy-57_%28yellow%29.jpg/revision/latest?cb=20200531204724;223_10.jpg
294;El Camino SS;Majorette;200 serie - Road Eaters - Top Chromes - Driver 2 - Jungle Mission;1988 • 1989 • 1990 • 1991 • 1992 • 1993 • 1994 • 1995 • 1996 • 1997 • 1998 • 1999 • 2000 • 2001 • 2002 • 2003 • 2004 • 2005 • 2006 • 2007 / 2010 • 2011 • 2012 • 2013;;;1:64;Vehicles List;Chevrolet_Vehicles;https://static.wikia.nocookie.net/majorette_model_cars/images/1/11/Majorette_El_Camino_SS_%28red%2C_el_camino_ss%2C_8DOT_wheels%29.jpg/revision/latest?cb=20200718214435;296.jpg
213 - 220.5 - 240;Chevrolet Impala;Chevrolet;200 serie - Novacar - Special Forces - Sonic Flashers;1986 • 1987 • 1988 • 1989 • 1990 • 1991 • 1992 • 1993 • 1994 • 1995 • 1996 • 1997 • 1998 • 1999 • 2000 • 2001 • 2002 • 2003 • 2004 • 2005 • 2006 • 2007 • 2008 • 2009 • 2010 • 2011 • 2012;;;1:64;Vehicles List;Chevrolet_Vehicles;https://static.wikia.nocookie.net/majorette_model_cars/images/f/f4/Chevrolet_impala_taxi_%28black_and_yellow%29.jpg/revision/latest?cb=20201114142325;213_8.jpg
215 - 268;Chevrolet Corvette C4;Chevrolet;200 serie - Color Pack - Sonic Flashers - Magic Cars - Super Crystal - Speed Wheelers - Pepsi Cola - Driver 2 -;1984 • 1985 • 1986 • 1987 • 1988 • 1989 • 1990 • 1991 • 1992 • 1993 • 1994 • 1995 • 1996 • 1997 • 1998 • 1999 • 2000 • 2001 • 2002 • 2003;;;1:64;Vehicles List;Chevrolet_Vehicles;https://static.wikia.nocookie.net/majorette_model_cars/images/5/5f/Chevrolet_Corvette_%28red_and_blue%2C_red_24_on_hood%2C_rood_and_doors%29.jpg/revision/latest?cb=20230601205952;215_14.jpg
291;Chevrolet Blazer 4x4;Chevrolet;200 serie;1984 • 1985 • 1986 • 1987 • 1988 • 1989 • 1990 • 1991 • 1992 • 1993 • 1994 • 1995 • 1996 • 1997 • 1998 • 1999 • 2000 • 2001 • 2002 • 2003 • 2004 • 2005 • 2006 • 2007 • 2008 • 2009 • 2010 • 2011;;;1:64;Vehicles List;Chevrolet_Vehicles;https://static.wikia.nocookie.net/majorette_model_cars/images/0/0a/Chevrolet_Blazer_4x4_%28red%2C_4WD%29_1984.jpg/revision/latest?cb=20201124231747;291.jpg
228;Chevrolet Blazer 4x4 Dépanneuse;Chevrolet;200 serie;1983 • 1984 • 1985 • 1986 • 1987 • 1988 • 1989 • 1990 • 1991 • 1992 • 1993 • 1994 • 1995 • 1996 • 1997;;;1:64;Vehicles List;Chevrolet_Vehicles;https://static.wikia.nocookie.net/majorette_model_cars/images/8/83/Chevrolet_Blazer_4x4_D%C3%A9panneuse_%28silver%2C_auto_assistance%29.png/revision/latest?cb=20201126170951;228_1.jpg
202;Chrysler 180;Chrysler;200 serie;1972 • 1973 • 1974 • 1975 • 1976 • 1977;;;1:64;Vehicles List;Chrysler_Vehicles;https://static.wikia.nocookie.net/majorette_model_cars/images/5/5e/Majorette_Chrysler_180_%28metallic_green%2C_3S_wheels%29.jpg/revision/latest?cb=20200725123310;208.jpg
255A;Citroën HY;Citroën;Aniversary Edition - Vintage Cars - French Touch Series;2024 - 2025 - 2026;;;1:64;Vehicles List;Citroën_Vehicles;https://static.wikia.nocookie.net/majorette_model_cars/images/c/ce/Citro%C3%ABn_HY_255A_2024_Aniversary_Edition.jpg/revision/latest?cb=20240317054443;255A.jpg
253C;Citroën DS;Citroën;Aniversary Edition - Vintage Cars - French Touch Series - Showroom Premium Cars;2022 • 2023 - 2024 - 2025 - 2026;;;1:64;Vehicles List;Citroën_Vehicles;https://static.wikia.nocookie.net/majorette_model_cars/images/8/80/Citro%C3%ABn_DS_19_%28turquoise%29.jpg/revision/latest?cb=20230203175505;253C.jpg
254N;Citroën C3 WRC;Citroën;WRC Cars;2019 • 2020 • 2021 • 2022 • 2023 • 2024;;;1:64;Vehicles List;Citroën_Vehicles;https://static.wikia.nocookie.net/majorette_model_cars/images/e/eb/Citro%C3%ABn_C3_WRC_2018_-_2020_WRC_Cars_Series_rubber_tires_red.jpg/revision/latest?cb=20200710122519;254N.jpg
253A;Citroën 2CV;Citroën;Vintage - Vintage Citroën 2CV Giftpack - Vintage S.O.S. Giftpack - Vintage Giftpack 2020 - Vintage Deluxe Metal Series - Vintage Giftpack 2022 - French Touch Monument Premium - French Touch Deluxe Cars - French Touch Deluxe Cars;2018 • 2019 • 2020 • 2021 • 2022 - 2023 - 2024 - 2025;;;1:64;Vehicles List;Citroën_Vehicles;https://static.wikia.nocookie.net/majorette_model_cars/images/0/0d/Citro%C3%ABn_2CV_yellow_Vintage_2020.jpg/revision/latest?cb=20200712171110;253A_2.jpg
254M;Citroën C3 (2017);Citroën;Street Cars;2018 • 2019 • 2020 • 2021 • 2023 • 2024 • 2025;;;1:64;Vehicles List;Citroën_Vehicles;https://static.wikia.nocookie.net/majorette_model_cars/images/f/fb/Citro%C3%ABn_C3_%282017%29_Street_Cars_red-white.jpg/revision/latest?cb=20200716060338;254M.jpg
245C;Citroën C4 Cactus;Citroën;Premium Cars Explorer Asst..;2016 • 2017 • 2018 • 2019 • 2020 • 2021 • 2022 • 2023 • 2024 / 2026;;;1:64;Vehicles List;Citroën_Vehicles;https://static.wikia.nocookie.net/majorette_model_cars/images/2/21/Majorette_Citro%C3%ABn_C4_Cactus_%28yellow%2C_2017%29.jpg/revision/latest?cb=20200626095205;245C.jpg
245B;Citroën DS4;Citroën;Street Cars;2014 • 2015 • 2016 • 2017;;;1:64;Vehicles List;Citroën_Vehicles;https://static.wikia.nocookie.net/majorette_model_cars/images/3/32/Majorette_citro%C3%ABn_DS4_%28white%2C_2016%29.jpg/revision/latest?cb=20200626172638;245B_1.jpg
245A;Citroën DS3 WRC;Citroën;Racing Cars;2012 • 2013 • 2014 • 2015 • 2016 • 2017 • 2018;;;1:64;Vehicles List;Citroën_Vehicles;https://static.wikia.nocookie.net/majorette_model_cars/images/8/8f/Citro%C3%ABn_DS4_WRC_loeb_%282013%29.jpg/revision/latest?cb=20200626160213;245A.jpg
REF:2;Citroën C2 Street;Citroën;200 serie;2011;;;1:64;Vehicles List;Citroën_Vehicles;https://static.wikia.nocookie.net/majorette_model_cars/images/4/41/Citroen_C2_Andros_%28Orange%29.png/revision/latest?cb=20250813174529;REF-2.jpg
254L;Citroën C5;Citroën;Single Asst.;2010 • 2011 • 2012 • 2013 • 2014;;;1:64;Vehicles List;Citroën_Vehicles;https://static.wikia.nocookie.net/majorette_model_cars/images/e/ec/C5.JPG/revision/latest?cb=20210405140311;254L_3.jpg
254K;Citroën Nemo;Citroën;Single Asst.;2009 • 2010 • 2011 • 2012 • 2013 • 2014;;;1:64;Vehicles List;Citroën_Vehicles;https://static.wikia.nocookie.net/majorette_model_cars/images/2/24/Renault_Kangoo_Express_%28blue%2C_5CSS_wheels%29.jpg/revision/latest?cb=20200906122104;288B_1.jpg
254J;Citroën C Crosser;Citroën;Single Asst.;2009 • 2010 • 2011 • 2012 • 2013 • 2014 • 2015 • 2016 • 2017;;;1:64;Vehicles List;Citroën_Vehicles;https://static.wikia.nocookie.net/majorette_model_cars/images/6/68/Citro%C3%ABn_C_Crosser_%28gray%29_2009.jpg/revision/latest?cb=20211022190541;254J.jpg
254I;Citroën C4 WRC;Citroën;Racing Cars;2007 • 2008 • 2009 • 2010 • 2011 • 2012 • 2013;;;1:64;Vehicles List;Citroën_Vehicles;https://static.wikia.nocookie.net/majorette_model_cars/images/9/96/Citroen_C4_WRC_Loeb_2010.jpg/revision/latest?cb=20220318211606;254I_2.jpg
254H;Citroën C1;Citroën;200 serie;2006 • 2007 • 2008 • 2009 • 2010 • 2011 • 2012 • 2013;;;1:64;Vehicles List;Citroën_Vehicles;https://static.wikia.nocookie.net/majorette_model_cars/images/4/47/Citro%C3%ABn_C1_%28yellow%29.jpg/revision/latest?cb=20220426131944;254H.jpg
254G;Citroën C2 Andros;Citroën;Racing Cars;2006 • 2007 • 2008 • 2009 • 2010 • 2011 • 2012 • 2013 • 2014;;;1:64;Vehicles List;Citroën_Vehicles;https://static.wikia.nocookie.net/majorette_model_cars/images/8/83/Citroen_C2_Andros_%28Yellow%2C_samse%2C_1B%29.png/revision/latest?cb=20250813174243;254G.jpg
254F;Citroën C4 Coupé;Citroën;200 serie;2005 • 2006 • 2007 • 2008 • 2009 • 2010 • 2011 • 2012 • 2013 • 2014;;;1:64;Vehicles List;Citroën_Vehicles;https://static.wikia.nocookie.net/majorette_model_cars/images/5/5f/Citro%C3%ABn_C4_red_metallic_D5S_wheels_2014_50_years_majorette_pack.jpg/revision/latest?cb=20200630163357;254F_5.jpg
254E;Citroën Xsara WRC;Citroën;Racing Cars;2005 • 2006 • 2007 • 2008 • 2009 • 2010 • 2011;;;1:64;Vehicles List;Citroën_Vehicles;https://static.wikia.nocookie.net/majorette_model_cars/images/3/37/Citroen_Xsara_WRC.png/revision/latest?cb=20251008164703;254E.jpg
254C;Citroën C3 Pluriel;Citroën;200 serie;2004 •2005 • 2006 • 2007 • 2008 • 2009 • 2010 • 2011 • 2012;;;1:64;Vehicles List;Citroën_Vehicles;https://static.wikia.nocookie.net/majorette_model_cars/images/9/9b/Citro%C3%ABn_C3_Pluriel_%28orange%29.jpg/revision/latest?cb=20210214143134;254C.jpg
254A;Citroën C3 (2001);Citroën;Street Cars;2002 • 2003 • 2004 •2005 • 2006 • 2007 • 2008 • 2009 • 2010 • 2011 • 2012 • 2013;;;1:64;Vehicles List;Citroën_Vehicles;https://static.wikia.nocookie.net/majorette_model_cars/images/f/f9/Citro%C3%ABn_C3_2013_blue_metallic_single_Asst.jpg/revision/latest?cb=20200703191856;254A_4.jpg
254;Citroën XM;Citroën;200 serie;1991 • 1992 • 1993 • 1994 • 1995 • 1996 • 1997 • 1998;;;1:64;Vehicles List;Citroën_Vehicles;https://static.wikia.nocookie.net/majorette_model_cars/images/e/e8/Majorette_Citro%C3%ABn_XM_%28metallic_light_green%2C_green_interior%29.jpg/revision/latest?cb=20200728181339;254_2.jpg
225;Citroën BX 4 TX;Citroën;200 serie;1987 • 1988 • 1989;;;1:64;Vehicles List;Citroën_Vehicles;https://static.wikia.nocookie.net/majorette_model_cars/images/e/ec/Majorette_Citro%C3%ABn_BX_4_TC_%28white%2C_blue_stripe_on_hood%2C_15_on_sides%29.jpg/revision/latest?cb=20201129212750;225_1.jpg
201;Visa Chrono;Majorette;200 serie;1984 • 1985 • 1986 • 1987 • 1988;;;1:64;Vehicles List;Citroën_Vehicles;https://static.wikia.nocookie.net/majorette_model_cars/images/c/c3/Majorette_Visa_Chrono_%28white%2C_blue_chrono%2C_red_%26_blue_stripes_on_sides_%26_hood%29.jpg/revision/latest?cb=20200714091744;201.jpg
235;Citroën Acadiane;Citroën;200 serie;1980 • 1981 • 1982 • 1983 • 1984 • 1985;;;1:64;Vehicles List;Citroën_Vehicles;https://static.wikia.nocookie.net/majorette_model_cars/images/b/b1/Majorette_Citro%C3%ABn_Acadiane_%28blue%2C_3S_wheels%29.jpg/revision/latest?cb=20210409121430;235_2.jpg
265;Citroën CX;Citroën;200 serie;1979 • 1980 • 1981 • 1982 • 1983 • 1984;;;1:64;Vehicles List;Citroën_Vehicles;https://static.wikia.nocookie.net/majorette_model_cars/images/8/86/Majorette_Citro%C3%ABn_CX_%28metallic_brown%29.jpg/revision/latest?cb=20200719132945;265.jpg
231;Citroën Dyane Raid;Citroën;200 serie;1977 • 1978 • 1979 • 1980 • 1981 • 1982 • 1983;;;1:64;Vehicles List;Citroën_Vehicles;https://static.wikia.nocookie.net/majorette_model_cars/images/2/2a/Citro%C3%ABn_Dyane_raid_%28orange%2C_11%2C_5BL%29%29.jpg/revision/latest?cb=20201117163420;231.jpg
237;Diane marahadjah;Majorette;200 serie;1974 • 1975 • 1976 • 1977 • 1978;;;1:64;Vehicles List;Citroën_Vehicles;https://static.wikia.nocookie.net/majorette_model_cars/images/c/c0/Diane_marahadjah_red.JPG/revision/latest?cb=20260223191649;237_16.jpg
221;Citroën GS Camargue;Citroën;200 serie;1974 • 1975 • 1976 • 1977 • 1978 • 1979 • 1980 • 1981;;;1:64;Vehicles List;Citroën_Vehicles;https://static.wikia.nocookie.net/majorette_model_cars/images/5/53/Majorette_GS_Camargue_%28red%2C_metal_base%2C_white_interior%2C_3S_wheels%29.jpg/revision/latest?cb=20210410141010;221_11.jpg
206;Citroën DS 21 Ambulance;Citroën;200 serie;1973 • 1974 • 1975 • 1976 • 1977 • 1978 • 1979 • 1980;;;1:64;Vehicles List;Citroën_Vehicles;https://static.wikia.nocookie.net/majorette_model_cars/images/1/1f/Majorette_Citro%C3%ABn_DS_21_Ambulance_%28white%2C_yellow_windows%29.jpg/revision/latest?cb=20210521142233;206_1.jpg
250;Citroën SM Maserati;Citroën;200 serie;1971 • 1972 • 1973 • 1974 • 1975 • 1976 • 1977 • 1978;;;1:64;Vehicles List;Citroën_Vehicles;https://static.wikia.nocookie.net/majorette_model_cars/images/f/fd/Majorette_Citro%C3%ABn_SM_Maserati_%28yellow%2C_THC5_wheels%29.jpg/revision/latest?cb=20210312132346;250_1.jpg
201;Citroën GS;Citroën;200 serie;1971 • 1972 • 1973;;;1:64;Vehicles List;Citroën_Vehicles;https://static.wikia.nocookie.net/majorette_model_cars/images/b/ba/Citro%C3%ABn_GS_%28red%29.jpg/revision/latest?cb=20220510203520;201_6.jpg
13 - 213;Citroën DS 21;Citroën;Rail /Route - 200 serie - 300 serie;1966 - 1967 - 1968 - 1969 -1970 - 1971 - 1972;;;1:64;Vehicles List;Citroën_Vehicles;https://static.wikia.nocookie.net/majorette_model_cars/images/a/a8/Citroen_ds21_blue_taxi.JPG/revision/latest?cb=20251212100259;13_-_213.jpg
208B;CLAAS Xerion 5000;Claas;Farm Asst.;2016 - 2017 - 2018 - 2019 - 2020 - 2021 - 2022 - 2023 - 2024 - 2025;;;1:64;Vehicles List;Claas_Vehicles;https://static.wikia.nocookie.net/majorette_model_cars/images/8/8b/CLAAS_Xerion_5000_Farm_Single_Asst_208B.jpg/revision/latest?cb=20200801090921;208B.jpg
MAJ-CLAAS_ARION_;Claas Arion 660;Claas;Farm Asst.;2025;;;1:64;Vehicles List;Claas_Vehicles;https://static.wikia.nocookie.net/majorette_model_cars/images/d/d4/Claas_arion_660_green.JPG/revision/latest?cb=20251017165808;MAJ-CLAAS_ARION.jpg
MAJ-CLAAS_TERION;Claas Terion 956-637 Sinus;Claas;Farm Claas Giftpack;2025;;;1:64;Vehicles List;Claas_Vehicles;https://static.wikia.nocookie.net/majorette_model_cars/images/a/ae/Claas_Torion_956_Sinus.JPG/revision/latest?cb=20251017173234;MAJ-CLAAS_TERION.jpg
225C;Dacia Duster III;Dacia;Showroom Premium Cars - Dacia Duster Premium Cars;2025 • 2026;;;1:64;Vehicles List;Dacia_Vehicles;https://static.wikia.nocookie.net/majorette_model_cars/images/9/95/Dacia_Duster_2025.png/revision/latest?cb=20251003103428;225C.jpg
210D;Dacia 1300;Dacia;Vintage Cars;2022 • 2023 • 2024 • 2025;;;1:64;Vehicles List;Dacia_Vehicles;https://static.wikia.nocookie.net/majorette_model_cars/images/2/21/Dacia_1300_%28red%29.jpg/revision/latest?cb=20230203200055;210D.jpg
225A;Dacia Duster;Dacia;Single Asst - Premium Cars - Racing Cars - S.OS.;2011 • 2012 • 2013 • 2014 • 2015 • 2016 • 2017 • 2018 • 2019 • 2020 • 2021 • 2022 • 2023 • 2024 • 2025;;;1:64;Vehicles List;Dacia_Vehicles;https://static.wikia.nocookie.net/majorette_model_cars/images/c/c1/Dacia_Duster_%28copper%2C_2019%29.jpg/revision/latest?cb=20220801185226;225A_3.jpg
235B;Datsun 260Z;Datsun;Vintage Cars - 60Th Anniversary Edition - Racing Premium Cars;2024 • 2025 • 2026;;;1:64;Vehicles List;Datsun_Vehicles;https://static.wikia.nocookie.net/majorette_model_cars/images/a/a5/Datsun.260Z2024.jpg/revision/latest?cb=20241105102449;235B.jpg
229;Datsun 260 Z;Datsun;200 serie;1976 • 1977 • 1978 • 1979 • 1980 • 1981 • 1982 • 1983 • 1984;;;1:64;Vehicles List;Datsun_Vehicles;https://static.wikia.nocookie.net/majorette_model_cars/images/b/bd/Datsun_260_Z_%28blue%2C_NUC%29_1978.jpg/revision/latest?cb=20200712183831;229_15.jpg
238F;Dodge Charger SRT;Dodge;Street Cars - Ride Now;2021 / 2025 • 2026;;;1:64;Vehicles List;Dodge_Vehicles;https://static.wikia.nocookie.net/majorette_model_cars/images/0/01/Dodge_Charger_SRT.png/revision/latest?cb=20250904211124;238F.jpg
238E;Dodge Charger R/T;Dodge;Tune Up´s 1, Tune Up's Car serie 2, Tune up's Car serie 3, Vintage Cars, Limited Edition 9, Racing Cars - Adventure Force;2021 • 2022 • 2023 / 2025 • 2026;;;1:64;Vehicles List;Dodge_Vehicles;https://static.wikia.nocookie.net/majorette_model_cars/images/6/66/Dodge_Charger_RT_238E_untuned.jpg/revision/latest?cb=20210422192902;238E.jpg
238C;Dodge Challenger SRT;Dodge;Premium Cars - Racing Cars - Black Edition Giftpack - Limited Edition 4 - Limited Edition 5 - Limited Edition 7 - Limited Edition 8 - American Muscle Cars - Pink Slips - Dubai Ambulance Giftpack - Anniversary Edition Giftpack Global Emmergency vehicles - Adventure Force;2017 • 2018 • 2019 • 2020 • 2021 • 2022 • 2023 • 2024 • 2025 • 2026;;;1:64;Vehicles List;Dodge_Vehicles;https://static.wikia.nocookie.net/majorette_model_cars/images/0/0e/Dodge_Challenger_-_Hellcat_%28green%2C_premium_cars%2C_2017%29.jpg/revision/latest?cb=20200627110115;238C.jpg
238B;Dodge SRT Viper;Dodge;Premium Cars - ParknShop Series - Tune Ups Cars - Series 2 - Limited Edition 3 - Limited Edition 6 - Change Color - Muscle Car Giftpack - Limited Edition 12;2016 • 2017 • 2018 • 2019 • 2020 • 2021 • 2022 • 2023 • 2024 / 2026;;;1:64;Vehicles List;Dodge_Vehicles;https://static.wikia.nocookie.net/majorette_model_cars/images/d/d2/Dodge_Viper_SRT_blue_Premium_Cars_2016.jpg/revision/latest?cb=20200605175718;238B.jpg
238A;Dodge Concept Car;Dodge;200 serie - SuperS - Speed Wheelers - Driver 2 - Digimon Digital Monsters;1999 • 2000 • 2001 • 2002 • 2003 • 2004 • 2005 • 2006 • 2007;;;1:64;Vehicles List;Dodge_Vehicles;https://static.wikia.nocookie.net/majorette_model_cars/images/e/eb/Dodge_Concept_Car_%28yellow%29_1999.jpg/revision/latest?cb=20200721110613;238A.jpg
273;Roadster (Viper);Dodge;200 Serie - SuperS - Speed Wheelers - Driver 2 -;1994 • 1995 • 1996 • 1997 • 1998 • 1999 • 2000 • 2001 • 2002 • 2003 • 2004 • 2005 • 2006;;;1:64;Vehicles List;Dodge_Vehicles;https://static.wikia.nocookie.net/majorette_model_cars/images/b/be/Majorette_Roadster_%28red%2C_ELO_wheels%29.jpg/revision/latest?cb=20200812184550;213S.jpg
204;Dodge Pompier;Dodge;200 serie;1973 • 1974 • 1975 • 1976 • 1977 • 1978;;;1:64;Vehicles List;Dodge_Vehicles;https://static.wikia.nocookie.net/majorette_model_cars/images/3/3d/Majorette_Dodge_Pompier_%28red%2C_NUC_wheels%29.jpg/revision/latest?cb=20200531153902;204_11.jpg
209;Dodge Camping Car;Dodge;200 serie;1973 • 1974 • 1975 • 1976 • 1977 • 1978 • 1979 • 1980;;;1:64;Vehicles List;Dodge_Vehicles;https://static.wikia.nocookie.net/majorette_model_cars/images/0/0f/Dodge_camping_car_metal_blue.JPG/revision/latest?cb=20251223124156;209_9.jpg
212;Dodge Wrecker;Dodge;200 serie;1973 • 1974 • 1975 • 1976 • 1977 • 1978 • 1979 • 1980 - 1981;;;1:64;Vehicles List;Dodge_Vehicles;https://static.wikia.nocookie.net/majorette_model_cars/images/2/27/Dodge_wrecker_truck_THC5_red.JPG/revision/latest?cb=20251223115155;212_11.jpg
225;Dodge Safari;Dodge;200 serie;1973 • 1974 • 1975 • 1976 • 1977 • 1978 • 1979 • 1980 • 1981;;;1:64;Vehicles List;Dodge_Vehicles;https://static.wikia.nocookie.net/majorette_model_cars/images/e/e0/Dodge_safari_multicolor.JPG/revision/latest?cb=20251223123832;225_7.jpg
242;Dodge Service;Dodge;200 serie;1973 • 1974 • 1975 • 1976 • 1977 • 1978 • 1979 • 1980;;;1:64;Vehicles List;Dodge_Vehicles;https://static.wikia.nocookie.net/majorette_model_cars/images/1/1f/Dodge_service_orange_THC5.JPG/revision/latest?cb=20251223124453;242_5.jpg
267;Excalibur;Excalibur;200 serie;1980 • 1981 • 1982 • 1983 • 1984 • 1985 • 1986 • 1993 • 1994 • 1995 • 1996 • 1997;;;1:64;Vehicles List;Excalibur_Vehicles;https://static.wikia.nocookie.net/majorette_model_cars/images/c/ce/Majorette_Excalibur_%28white%29.jpg/revision/latest?cb=20210910134330;267.jpg
210S;Racing Proto (Ferrari 456 GT);Ferrari;200 serie - Speed Wheelers;2000 • 2001 • 2002 • 2003 • 2004 • 2005 • 2006 • 2007;;;1:64;Vehicles List;Ferrari_Vehicles;https://static.wikia.nocookie.net/majorette_model_cars/images/0/07/Racing_Proto_%28white%2C_red_interior%29_2000.jpg/revision/latest?cb=20200818195017;210S_5.jpg
216S;Sports Car (Ferrari GTO);Ferrari;200 serie - Speed Wheelers;2000 • 2001 • 2002 • 2003 • 2004;;;1:64;Vehicles List;Ferrari_Vehicles;https://static.wikia.nocookie.net/majorette_model_cars/images/4/40/Sports_Car_%28green%29.jpg/revision/latest?cb=20220918150405;216S_2.jpg
204;Gran Turismo;Majorette;200 serie - Speed Wheelers;2000 • 2001 • 2002 • 2003 • 2004;;;1:64;Vehicles List;Ferrari_Vehicles;https://static.wikia.nocookie.net/majorette_model_cars/images/4/44/Gran_Turismo_%28red%29_2001.jpg/revision/latest?cb=20230902112138;204_8.jpg
280;GT Proto (Ferrari F40);Ferrari;200 serie - Speed Wheelers;2000 • 2001 • 2002 • 2003 • 2004;;;1:64;Vehicles List;Ferrari_Vehicles;https://static.wikia.nocookie.net/majorette_model_cars/images/2/2a/GT_Proto_%28light_blue_blue%2C_ELO%29_2000.jpg/revision/latest?cb=20210210090652;280.80.jpg
211;GT Racing (Ferrari Testarossa);Ferrari;200 serie - Speed Wheelers;2000 • 2001 • 2002 • 2003 • 2004;;;1:64;Vehicles List;Ferrari_Vehicles;https://static.wikia.nocookie.net/majorette_model_cars/images/6/62/GT_Racing_%28Ferrari_Testarossa%29_%28Dark_Blue%29.jpg/revision/latest?cb=20200823191001;211_8.jpg
204;Ferrari F50;Ferrari;200 serie;1997 • 1998 • 1999;;;1:64;Vehicles List;Ferrari_Vehicles;https://static.wikia.nocookie.net/majorette_model_cars/images/0/0f/Ferrari_F50_%28red%29_1997.jpg/revision/latest?cb=20210319135610;204_7.jpg
101;Ferrari 348 (GTB);Ferrari;Novacar;1994 • 1995 • 1996;;;1:64;Vehicles List;Ferrari_Vehicles;https://static.wikia.nocookie.net/majorette_model_cars/images/6/65/Ferrari_348_%28yellow%2C_Ferrari%2C_novacar%29_1994.jpg/revision/latest?cb=20230831183520;101.jpg
204 / 209S / 210S;Ferrari 456 GT;Ferrari;200 serie;1994 • 1995 • 1996 • 1997 • 1998 • 1999;;;1:64;Vehicles List;Ferrari_Vehicles;https://static.wikia.nocookie.net/majorette_model_cars/images/e/eb/Majorette_Ferrari_456_GT_%28red%2C_SuperS%2C_brown_interior%2C_6S%29.jpg/revision/latest?cb=20200817211311;209S.jpg
211;Ferrari Testarossa;Ferrari;200 serie - Novacar - Sonic Flashers;1991 • 1992 • 1993 • 1994 • 1995 • 1996 • 1997 • 1998 • 1999;;;1:64;Vehicles List;Ferrari_Vehicles;https://static.wikia.nocookie.net/majorette_model_cars/images/e/e5/Ferrari_Testarossa_%28yellow%29_1997.jpg/revision/latest?cb=20200822225104;211_5.jpg
280;Ferrari F40;Ferrari;200 serie;1989 • 1990 • 1991 • 1992 • 1993 • 1994 • 1995 • 1996 • 1997 • 1998 • 1999;;;1:64;Vehicles List;Ferrari_Vehicles;https://static.wikia.nocookie.net/majorette_model_cars/images/2/2b/Ferrari_F40_%28red%2C_ELO%29.jpg/revision/latest?cb=20201113112014;280_3.jpg
211;Ferrari GTO;Ferrari;200 serie;1987 • 1988 • 1989 • 1990 • 1991 • 1992 • 1993 • 1994 • 1995 • 1994 • 1995 • 1996 • 1997 • 1998 • 1999;;;1:64;Vehicles List;Ferrari_Vehicles;https://static.wikia.nocookie.net/majorette_model_cars/images/a/a0/Majorette_Ferrari_GTO_%28red%2C_ferrari_logo_on_hood%29.jpg/revision/latest?cb=20200725162309;211_2.jpg
284B;Fiat 500 D;Fiat;Vintage Cars;2025 • 2026;;;1:64;Vehicles List;Fiat_Vehicles;https://static.wikia.nocookie.net/majorette_model_cars/images/9/94/Fiat_500_D_vintage_Cars.JPG/revision/latest?cb=20250407085148;284B.jpg
286E;Fiat 500 Icon;Fiat;Street Cars - City Premium Vehicles - Color Changers;2022 • 2023 • 2024 • 2025 • 2026;;;1:64;Vehicles List;Fiat_Vehicles;https://static.wikia.nocookie.net/majorette_model_cars/images/e/ec/Fiat_500_Icon_Cabriolet_286E_red.jpg/revision/latest?cb=20230227083716;286E.jpg
286C;Fiat 500;Fiat;Single Asst Street Cars;2008 • 2009 • 2010 • 2011 • 2012 • 2013 • 2014 • 2015 • 2016 • 2017;;;1:64;Vehicles List;Fiat_Vehicles;https://static.wikia.nocookie.net/majorette_model_cars/images/4/46/Fiat_500_weiss_metallic_2017_rotes_dach.jpg/revision/latest?cb=20211022202416;286C_4.jpg
286B;Fiat Panda 4x4;Fiat;200 serie;2006 • 2007 • 2008 • 2009 • 2010 • 2011 • 2012 • 2013;;;1:64;Vehicles List;Fiat_Vehicles;https://static.wikia.nocookie.net/majorette_model_cars/images/b/b7/Fiat_Panda_4x4_%28dark_blue%2C_NUC2%29_2006.jpg/revision/latest?cb=20200808151946;286B_4.jpg
201S / 202S;Fiat Coupe;Fiat;SuperS 200 Serie;1995 • 1996 • 1997 • 1998 • 1999 • 2000 • 2001 • 2002 • 2003 • 2004;;;1:64;Vehicles List;Fiat_Vehicles;https://static.wikia.nocookie.net/majorette_model_cars/images/c/c7/Fiat_Coupe_%28yellow%2C_SuperS%2C_8DOT%29_1995.jpg/revision/latest?cb=20200819105654;201S.jpg
286;Fiat Tipo;Fiat;200 serie;1990 • 1991 • 1992 • 1993 • 1994 • 1995;;;1:64;Vehicles List;Fiat_Vehicles;https://static.wikia.nocookie.net/majorette_model_cars/images/d/de/Fiat_Tipo_%28blue%2C_white_interior%29_1990.jpg/revision/latest?cb=20200725181003;286.jpg
239;Fiat Ritmo;Fiat;200 serie;1981 • 1982 • 1983 • 1984 • 1985 • 1986 • 1988 • 1989;;;1:64;Vehicles List;Fiat_Vehicles;https://static.wikia.nocookie.net/majorette_model_cars/images/b/b2/Majorette_Fiat_Ritmo_%28red%2C_abarth_2000%2C_3S_wheels%29.jpg/revision/latest?cb=20200531154314;239_5.jpg
203;Fiat 127;Fiat;200 serie;1972 • 1973 • 1974 • 1975 • 1976 • 1977 • 1978;;;1:64;Vehicles List;Fiat_Vehicles;https://static.wikia.nocookie.net/majorette_model_cars/images/5/51/Majorette_Fiat_127_%28metallic_light_green%2C_NUCS_wheels%29.jpg/revision/latest?cb=20200824125541;203_4.jpg
R37;Fliegl ASW 271;Fliegl;Farm 4 pieces set Farm big theme set Farm theme set;2016 - 2017 - 2018;;;1:64;Vehicles List;Fliegl_Vehicles;https://static.wikia.nocookie.net/majorette_model_cars/images/6/6d/Fliegl_ASW_271_silver_R37.jpg/revision/latest?cb=20200814073118;R37.jpg
MAJ-FORD_F-100;Ford F-100;Ford;Collection;2026;;;1:64;Vehicles List;Ford_Vehicles;https://static.wikia.nocookie.net/majorette_model_cars/images/b/bc/Ford_F100.png/revision/latest?cb=20260224134616;MAJ-FORD_F-100.jpg
MAJ-FORD_GT40_MK;Ford GT40 MK1 (1965);Ford;Collection;2025;;;1:64;Vehicles List;Ford_Vehicles;https://static.wikia.nocookie.net/majorette_model_cars/images/a/a5/Ford_GT40_Mk1.JPG/revision/latest?cb=20251006063538;MAJ-FORD_GT40_MK.jpg
204E;Ford Mustang Mk7 Dark Horse;Ford;Showroom Premium Cars - Deluxe Cars - Racing Premium Cars - Keychain - Adventure Force;2025 • 2026;;;1:64;Vehicles List;Ford_Vehicles;https://static.wikia.nocookie.net/majorette_model_cars/images/3/38/Mustang_2024_Dark_Horse.JPG/revision/latest?cb=20250908193700;204E.jpg
201M;Ford Puma ST;Ford;Ride Now;2025 • 2026;;;1:64;Vehicles List;Ford_Vehicles;https://static.wikia.nocookie.net/majorette_model_cars/images/1/1e/Ford_Puma.JPG/revision/latest?cb=20250815090005;201M_1.jpg
290B;Ford Escort Mk2 RS;Ford;Vintage Cars - Racing Premium Cars;2024 • 2025 • 2026;;;1:64;Vehicles List;Ford_Vehicles;https://static.wikia.nocookie.net/majorette_model_cars/images/f/fd/Ford_escort_MkII_RS_1800.jpeg/revision/latest?cb=20250423090513;290B.jpg
201L;Ford Focus Mk4;Ford;Street Cars - GiftPack 9+4 Limited Edition 10;2023 • 2024 • 2025;;;1:64;Vehicles List;Ford_Vehicles;https://static.wikia.nocookie.net/majorette_model_cars/images/9/90/Ford_focus_Mk3_green.JPG/revision/latest?cb=20250328122326;201M.jpg
201D;Ford F-150 Mk14;Ford;Premium Cars - Racing Cars - Limited Edition Serie 10 - Anniversary Edition Giftpack Global Emmergency vehicles - Rescue World Premium Cars - Change Colors - Rescue Premium Cars - Keychain - Adventure Force;2023 • 2024 • 2025 • 2026;;;1:64;Vehicles List;Ford_Vehicles;https://static.wikia.nocookie.net/majorette_model_cars/images/1/19/Ford_F150_Raptor_orange.JPG/revision/latest?cb=20250330205755;201D.jpg
201F;Ford Bronco Mk6;Ford;Tune Up's Serie 2 - Racing Cars - Casthead Giftpack - Tune Up's Serie 3 - Monster Rockertz - City Trailler - Limited Edition serie 11 - Giftpack 9+4 - Showroom Premium Cars - Adventure Force;2022 • 2023 • 2024 • 2025 • 2026;;;1:64;Vehicles List;Ford_Vehicles;https://static.wikia.nocookie.net/majorette_model_cars/images/8/84/Ford_Bronco_Toy_Fair_2022.JPG/revision/latest?cb=20250328124632;201F_4.jpg
201E;Ford Fiesta WRC;Ford;WRC Cars - Racing Premium Cars;2019 • 2020 • 2021 • 2022 • 2023 • 2024 / 2026;;;1:64;Vehicles List;Ford_Vehicles;https://static.wikia.nocookie.net/majorette_model_cars/images/d/d2/Ford_Fiesta_WRC_2020_WRC_Cars_rubber_tires.jpg/revision/latest?cb=20200710124619;201E.jpg
204C;Ford Mustang Mk6 GT;Ford;American Muscle Cars - Premium Cars - Racing Cars - Deluxe Cars - Limited Edition 6 - Limited Edition 8 - Limited Edition Series 9 - Giftpack - Color Changers - Dubai Police Super Cars Giftpack - Ford Mustang GT Series - Race Trailers - ParkNShop Series - Buriram United Cars Asst. - Metallic Series - Adventure Force;2019 • 2020 • 2021 • 2022 • 2023 • 2024 • 2025 • 2026;;;1:64;Vehicles List;Ford_Vehicles;https://static.wikia.nocookie.net/majorette_model_cars/images/e/e8/Ford_Mustang_GT_wei%C3%9F_-_schwarzer_Streifen.jpg/revision/latest?cb=20200605182603;204C.jpg
290A;Ford Mustang '67;Ford;American Muscle Cars/Vintage/Vintage Deluxe /Metal Series/Vintage Deluxe Cars/Vintage Rusty Giftpack/Vintage Giftpack 2017/Vintage Giftpack 2018/Vintage Giftpack 2019/Vintage Giftpack 2021/Vintage Rusty Giftpack/60Th Aniversary Edition Deluxe/Casthead Giftpack/Pink Slips;2017 • 2018 • 2019 • 2020 • 2021 • 2022 • 2023 • 2024 • 2025;;;1:64;Vehicles List;Ford_Vehicles;https://static.wikia.nocookie.net/majorette_model_cars/images/a/a8/Ford_Mustang_Fastback_1967_290A_-_schwarz.jpg/revision/latest?cb=20220521140215;290A.jpg
204B;Ford GT;Ford;Street Cars - Racing Cars - Limited Edition Giftpack 9+4 Serie 4, 5, 6, 7, 8, 9, 10, 11 - Light Racer Giftpack - Advent Calendar - Easter Egg - Adventure Force;2017 • 2018 • 2019 • 2020 • 2021 • 2022 • 2023 • 2024 • 2025 • 2026;;;1:64;Vehicles List;Ford_Vehicles;https://static.wikia.nocookie.net/majorette_model_cars/images/5/54/Ford_GT_%282018%2C_blue%29.jpg/revision/latest?cb=20200628193128;204B.jpg
201C;Ford F-150 Mk13;Ford;Premium Cars/Racing Cars;2015 • 2016 • 2017 • 2018 • 2019 • 2020 • 2021 • 2022 • 2023 • 2024 • 2025 • 2026;;;1:64;Vehicles List;Ford_Vehicles;https://static.wikia.nocookie.net/majorette_model_cars/images/1/1d/Ford_F-150_%282015%2C_white%29.jpg/revision/latest?cb=20200628155555;201C.jpg
204A;Ford Mustang Mk5 Boss 302;Ford;Single Asst/Street Cars/Premium Cars;2014 • 2015 • 2016 • 2017 • 2018 • 2019 • 2020 / 2024 • 2025;;;1:64;Vehicles List;Ford_Vehicles;https://static.wikia.nocookie.net/majorette_model_cars/images/2/25/Ford_Mustang_Boss_302_%282014%2C_green%2C_DS5%29.jpg/revision/latest?cb=20200629135240;204A.jpg
201B;Ford Fiesta RS WRC;Ford;Racing Cars;2012 • 2013 • 2014 • 2015 • 2016 • 2017 • 2018;;;1:64;Vehicles List;Ford_Vehicles;https://static.wikia.nocookie.net/majorette_model_cars/images/1/12/Ford_Fiesta_RS_WRC_black_Abu_Dhabi_4.jpg/revision/latest?cb=20200620170531;201B.jpg
201A(B);Ford Focus Street;Ford;200 serie;2006 • 2007 • 2008 • 2009 • 2010 • 2011 • 2012 • 2013 • 2014;;;1:64;Vehicles List;Ford_Vehicles;https://static.wikia.nocookie.net/majorette_model_cars/images/9/9e/Majorette_Ford_Focus_Street_%28metallic_blue%2C_5V_wheels%29.jpg/revision/latest?cb=20210613185436;201A(B)_2.jpg
201A;Ford Focus WRC;Ford;Racing Cars;2004 • 2005 • 2006 • 2007 • 2008 • 2009 • 2010 • 2011 • 2012 • 2013 • 2014;;;1:64;Vehicles List;Ford_Vehicles;https://static.wikia.nocookie.net/majorette_model_cars/images/2/2d/Ford_Focus_WRC_Racing_Cars_2013_2014_bp_design_8.jpg/revision/latest?cb=20200702204543;201A_3.jpg
290;Ford Thunderbird '57;Ford;200 serie;1999 • 2000 • 2001 • 2002 • 2003 • 2004 • 2005 • 2006 • 2007 • 2008 • 2009 • 2010;;;1:64;Vehicles List;Ford_Vehicles;https://static.wikia.nocookie.net/majorette_model_cars/images/a/a1/Ford_Thunderbird_57_%28red%2C_white_flames%2C_white_roof%29_1999.jpg/revision/latest?cb=20200724150713;290_5.jpg
270 - 271;Ford Econoline;Ford;200 serie;1998 • 1999 • 2000 • 2001 • 2002 • 2003 • 2004 • 2005 • 2006 • 2007 • 2008 • 2009 • 2010 • 2011 • 2012 • 2013 • 2014;;;1:64;Vehicles List;Ford_Vehicles;https://static.wikia.nocookie.net/majorette_model_cars/images/4/4f/Ford_Econoline_Ambulance_%28white%2C_1998%29.jpg/revision/latest?cb=20220121115816;270_7.jpg
227;Ford Ka Mk1;Ford;200 serie;1998 • 1999 • 2000 • 2001 • 2002 • 2003 • 2004 • 2005 • 2006 • 2007;;;1:64;Vehicles List;Ford_Vehicles;https://static.wikia.nocookie.net/majorette_model_cars/images/f/fd/Majorette_Ford_Ka_%28silver%2C_dark_grey_bumpers%2C_NUC2_wheels%29.jpg/revision/latest?cb=20200731124717;227_11.jpg
203/205;Ford Mustang GT Mk4;Ford;200 serie - Super S;1995 • 1996 • 1997 • 1998 • 1999 • 2000 • 2001 • 2002 • 2003 • 2004 • 2005 • 2006;;;1:64;Vehicles List;Ford_Vehicles;https://static.wikia.nocookie.net/majorette_model_cars/images/7/74/Ford_Mustang_GT_Hard_Top_%28black%2C_SuperS%29.jpg/revision/latest?cb=20200831194425;203-205.jpg
269 / 211S / 212S / 221S;Ford Mondeo Mk1;Ford;200 serie - Super S;1994 • 1995 • 1996 • 1997 • 1998 • 1999 • 2000 • 2001 • 2002 • 2003 • 2004 • 2005 • 2006 • 2007;;;1:64;Vehicles List;Ford_Vehicles;https://static.wikia.nocookie.net/majorette_model_cars/images/2/29/Ford_Mondeo_%28red%29_1994.jpg/revision/latest?cb=20200902123714;269_5.jpg
313;Camping Car Deluxe (Gord Ranger);Majorette;300 serie;1992 • 1993 • 1994 • 1995 • 1996 • 1997 • 1998 • 1999 • 2000 • 2001 • 2002 • 2003 • 2004 • 2005 • 2006 • 2007 • 2008 • 2009 • 2010 • 2011 • 2012;;;1:64;Vehicles List;Ford_Vehicles;https://static.wikia.nocookie.net/majorette_model_cars/images/e/e1/Camping_Car_Deluxe_%28red_%26_white%29_1995.jpg/revision/latest?cb=20220702203110;313.jpg
275;Ford Escort Mk5 GT;Ford;200 serie;1992 • 1993 • 1994 • 1995 • 1996 • 1997 • 1998 • 1999 • 2000 • 2001 • 2002 • 2003;;;1:64;Vehicles List;Ford_Vehicles;https://static.wikia.nocookie.net/majorette_model_cars/images/c/cd/Ford_Escort_blue.webp/revision/latest?cb=20201122144034;275_3.jpg
201;Ford Model A Van;Ford;200 Serie/Cadbury's/Road Easters;1992 • 1993 • 1994 • 1995 • 1996 • 1997 • 1998 • 1999 • 2000;;;1:64;Vehicles List;Ford_Vehicles;https://static.wikia.nocookie.net/majorette_model_cars/images/1/1b/Ford_Model_A_Van_%28dark_blue%2C_Tea_Shop%29.jpg/revision/latest?cb=20200910142735;201_2.jpg
278;Camping Car (Ford Ranger);Ford;200 serie;1991 • 1992 • 1993 • 1994 • 1995 • 1996 • 1997 • 1998 • 1999 • 2000;;;1:64;Vehicles List;Ford_Vehicles;https://static.wikia.nocookie.net/majorette_model_cars/images/1/1b/Majorette_Camping_Car_%28fluo_green_and_white%29.jpg/revision/latest?cb=20220528131252;278_3.jpg
255;Ford Ranger Ambulance;Ford;200 serie/Sonic Flashers;1990 • 1991 • 1992 • 1993 • 1994 • 1995 • 1996 • 1997 • 1998 • 1999 • 2000 • 2001 • 2002 • 2003 • 2004 • 2005 • 2006 • 2007 • 2008 • 2009;;;1:64;Vehicles List;Ford_Vehicles;https://static.wikia.nocookie.net/majorette_model_cars/images/0/0c/Majorette_Ford_Ranger_Ambulance_%28white%2C_222%2C_nyc_ems_ambulance%2C_orange_stripe%2C_blue_flashlights%2C_8DOT_wheels%29.jpg/revision/latest?cb=20210522105008;255_8.jpg
264;Ford Transit Tug;Ford;200 serie/Sonic Flashers;1989 • 1990 • 1991 • 1992 • 1993 • 1994 • 1995 • 1996 • 1997 • 1998 • 1999 • 2000 • 2001 • 2002 • 2003 • 2004 • 2005 • 2006 • 2007;;;1:64;Vehicles List;Ford_Vehicles;https://static.wikia.nocookie.net/majorette_model_cars/images/2/2b/Majorette_Ford_Transit_Tug_%28orange%2C_racing_service%29.jpg/revision/latest?cb=20210611205618;264_6.jpg
243;Ford Transit;Ford;200 serie;1988 • 1989 • 1990 • 1991 • 1992 • 1993 • 1994 • 1995 • 1996 • 1997 • 1998;;;1:64;Vehicles List;Ford_Vehicles;https://static.wikia.nocookie.net/majorette_model_cars/images/1/17/Ford_Transit_%28white%2C_blue_and_red_deco%2C_B.1089%2C_1988%29.jpg/revision/latest?cb=20200630172732;243_3.jpg
227;227;Majorette;200 serie - Tutti Frutti;Ford Mustang Mk3 Convertible;;;1:64;Vehicles List;Ford_Vehicles;https://static.wikia.nocookie.net/majorette_model_cars/images/3/33/Ford_Mustang_Convertible_-_6S_R%C3%A4der_%28gelb%29_Official_Pace_Car.jpg/revision/latest?cb=20200605182034;227_18.jpg
251;Ford Bronco Mk3;Ford;200 serie/Sonic Flashers;1987 • 1988 • 1989 • 1990 • 1991 • 1992 • 1993 • 1994 • 1995 • 1996 • 1997 • 1998;;;1:64;Vehicles List;Ford_Vehicles;https://static.wikia.nocookie.net/majorette_model_cars/images/6/6c/Majorette_Ford_Bronco_%28white%29_1987.jpg/revision/latest?cb=20201212113231;251_6.jpg
220;Mustang SVO;Ford;200 serie;1986 • 1987 • 1988 • 1989 • 1990 • 1991 • 1992 • 1993 • 1994 • 1995;;;1:64;Vehicles List;Ford_Vehicles;https://static.wikia.nocookie.net/majorette_model_cars/images/0/08/Majorette_Mustang_SVO_%28white_%26_blue%2C_5_mustang%2C_ELO_wheels%29.jpg/revision/latest?cb=20200831173809;220_9.jpg
217;Ford Thunderbird Mk9;Ford;200 serie;1986 • 1987 • 1988 • 1989 • 1990 • 1991 • 1992 • 1993 • 1994 • 1995;;;1:64;Vehicles List;Ford_Vehicles;https://static.wikia.nocookie.net/majorette_model_cars/images/3/37/Majorette_Ford_Thunderbird_%28red%29.jpg/revision/latest?cb=20200925100706;217_5.jpg
272;Ford Sierra;Ford;200 serie;1984 • 1985 • 1986 • 1987 • 1988 • 1989 • 1990;;;1:64;Vehicles List;Ford_Vehicles;https://static.wikia.nocookie.net/majorette_model_cars/images/a/ad/Majorette_Ford_Sierra_%28silver%2C_red_stripes_on_sides_%26_hood%29.jpg/revision/latest?cb=20200925103556;272.jpg
212;Ford Escort Mk3 XR3;Ford;200 serie;1983 • 1984 • 1985 • 1986 • 1987 • 1988;;;1:64;Vehicles List;Ford_Vehicles;https://static.wikia.nocookie.net/majorette_model_cars/images/7/76/Majorette_Ford_Escort_XR3_%28red%2C_black_silver_orange_on_hood%2C_black_silver_on_sides%2C_red_interior%2C_ELO_wheels%29.jpg/revision/latest?cb=20200619193539;212_12.jpg
234;Ford E-350 (Fourgon);Ford;200 serie;1982 • 1983 • 1984 • 1985 • 1986 • 1987 • 1988 • 1989 • 1990 • 1991 • 1992 • 1993 • 1994 • 1995 • 1996 • 1997 • 1998 • 1999 • 2000 • 2001 • 2002 • 2003 • 2004 • 2005 • 2006 • 2007 • 2008 • 2009 • 2010 • 2011 • 2012 • 2013;;;1:64;Vehicles List;Ford_Vehicles;https://static.wikia.nocookie.net/majorette_model_cars/images/1/14/Majorette_Fourgon_%28Advertising%29_%28white%2C_canon%29.jpg/revision/latest?cb=20210611184126;234_2.jpg
259;Ford E-350 (Fourgon Glacier);Ford;200 serie;1982 • 1983 • 1984 • 1985 • 1986 • 1987 • 1988 • 1989 • 1996 • 1997 • 1998 • 1999 • 2000 • 2001 • 2002 • 2003 • 2004 • 2005 • 2006 • 2007 • 2008 • 2009 • 2010 • 2011 • 2012 • 2013;;;1:64;Vehicles List;Ford_Vehicles;https://static.wikia.nocookie.net/majorette_model_cars/images/7/73/Fourgon_%28Glacier%29_%28red%2C_NUC2_wheels%29.jpg/revision/latest?cb=20200910202712;259.jpg
279;Ford E-350 (Fourgon Police);Ford;200 serie;1982 • 1983 • 1984 • 1985 • 1986 • 1987 • 1988 • 1989 • 1990;;;1:64;Vehicles List;Ford_Vehicles;https://static.wikia.nocookie.net/majorette_model_cars/images/a/aa/Fourgon_Police_%28blue_windows%2C_6CR_wheels%29.jpg/revision/latest?cb=20200601154738;279.jpg
224;Ford E-350 Camping Car;Ford;200 serie;1982 • 1983 • 1984 • 1985 • 1986;;;1:64;Vehicles List;Ford_Vehicles;https://static.wikia.nocookie.net/majorette_model_cars/images/3/39/Majorette_Fourgon_%28Camping_Car%29_%28white%2C_white_rear_door%2C_3S2_wheels%29.jpg/revision/latest?cb=20210119135553;224_3.jpg
250;Ford E-350 (US Van);Ford;200 serie;1981 • 1982 • 1983 • 1984 • 1985 • 1986;;;1:64;Vehicles List;Ford_Vehicles;https://static.wikia.nocookie.net/majorette_model_cars/images/3/3a/Majorette_Fourgon_%28US_Van%29_%28black%2C_6CR_wheels%29.jpg/revision/latest?cb=20210611185919;250_3.jpg
251;Ford Capri;Ford;200 serie;1978 • 1979 • 1980 • 1981 • 1982 • 1983;;;1:64;Vehicles List;Ford_Vehicles;https://static.wikia.nocookie.net/majorette_model_cars/images/4/45/Majorette_Ford_Capri_%28blue%2C_no_tampo%2C_white_roof%29.jpg/revision/latest?cb=20200531154322;251_4.jpg
213;F1 (1995);Majorette;200 serie Speed Wheelers;1995 • 1996 • 1997 • 1998 • 1999 • 2000 • 2001 • 2002 • 2003;;;1:64;Vehicles List;Formula_1;https://static.wikia.nocookie.net/majorette_model_cars/images/9/94/F1_%281995%29_%28blue%29.jpg/revision/latest?cb=20220710100514;213_9.jpg
282;F1 (2002);Majorette;200 serie;2002 • 2003 • 2004 • 2005 • 2006;;;1:64;Vehicles List;Formula_1;https://static.wikia.nocookie.net/majorette_model_cars/images/7/7f/F1_red.jpg/revision/latest?cb=20230525202248;282.01.jpg
232;F1 Brabham;Majorette;200 serie;1986 • 1987 • 1988 • 1989;;;1:64;Vehicles List;Formula_1;https://static.wikia.nocookie.net/majorette_model_cars/images/9/96/Majorette_F1_Brabham_%28blue_%26_white%29.jpg/revision/latest?cb=20220918142339;232_7.jpg
228;F1 BRM;Majorette;200 serie;1968 • 1969 • 1970 • 1971 • 1972 • 1973 • 1974;;;1:64;Vehicles List;Formula_1;https://static.wikia.nocookie.net/majorette_model_cars/images/6/6e/Majorette_F1_BRM_%28metallic_red%29.jpg/revision/latest?cb=20200801222012;228.jpg
229;F1 Ferrari;Ferrari;200 serie;1968 • 1969 • 1970 • 1971 • 1972 • 1973 • 1974;;;1:64;Vehicles List;Formula_1;https://static.wikia.nocookie.net/majorette_model_cars/images/1/1d/F1_Ferrari_%28blue%2C_3%29.jpg/revision/latest?cb=20200802112617;229.jpg
282;F1 Ferrari (1986);Ferrari;200 serie;1986 • 1987 • 1988 • 1989 • 1990 • 1991 • 1992 • 1993 • 1994 • 1995 • 1996 • 1997 • 1998;;;1:64;Vehicles List;Formula_1;https://static.wikia.nocookie.net/majorette_model_cars/images/b/bc/F1_Ferrari_%2827%29_France.jpg/revision/latest?cb=20200809151931;282_6.jpg
227;F1 Lotus;Majorette;200 serie;1968 • 1969 • 1970 • 1971 • 1972 • 1973 • 1974;;;1:64;Vehicles List;Formula_1;https://static.wikia.nocookie.net/majorette_model_cars/images/9/9e/F1_Lotus_%28green%29.jpg/revision/latest?cb=20200802102000;227.jpg
289;F1 Mc Laren;Majorette;200 serie;1986 • 1987 • 1988 • 1989 • 1990 • 1991 • 1992;;;1:64;Vehicles List;Formula_1;https://static.wikia.nocookie.net/majorette_model_cars/images/e/e1/Majorette_F1_Mc_Laren_%28white-red%2C_8%2C_ware%29.jpg/revision/latest?cb=20211022094302;289_2.jpg
238;F1 Racing;Majorette;200 serie;1986 • 1987 • 1988 • 1989 • 1990 • 1991 • 1992 • 1993 • 1994 • 1995;;;1:64;Vehicles List;Formula_1;https://static.wikia.nocookie.net/majorette_model_cars/images/d/d1/Majorette_F1_Racing_%28green%2C_benetton_8%29.jpg/revision/latest?cb=20200808190759;238_6.jpg
226;F1 Repco Brabham;Majorette;200 serie;1968 • 1969 • 1970 • 1971 • 1972 • 1973 • 1974;;;1:64;Vehicles List;Formula_1;https://static.wikia.nocookie.net/majorette_model_cars/images/e/e3/Majorette_F1_Repco_Brabham_%28green%29.jpg/revision/latest?cb=20200801214448;226.jpg
232;Ferrari 312 T2;Ferrari;200 serie;1977 • 1978 • 1979 • 1980 • 1981 • 1982 • 1983;;;1:64;Vehicles List;Formula_1;https://static.wikia.nocookie.net/majorette_model_cars/images/5/56/Majorette_Ferrari_312_T2_%28red%29.jpg/revision/latest?cb=20211022101130;232_4.jpg
282;"Formula ""Indy""";Majorette;200 serie Speed Wheelers;1999 • 2000 • 2001 • 2002 • 2003;;;1:64;Vehicles List;Formula_1;https://static.wikia.nocookie.net/majorette_model_cars/images/f/fd/F1_Indy_%28red%29_1999.jpg/revision/latest?cb=20201101191126;282_4.jpg
243;Shadow DN5;Majorette;200 serie;1977 • 1978 • 1979 • 1980 • 1981 • 1982 • 1983 • 1984 • 1985;;;1:64;Vehicles List;Formula_1;https://static.wikia.nocookie.net/majorette_model_cars/images/d/d5/Majorette_Shadow_DN_5_%28dark_blue%2C_20_USA_flags%29.jpg/revision/latest?cb=20210217174107;243_1.jpg
282C;Formula-E Gen 2;Majorette;Formula-E Serie;2020 • 2021;;;1:64;Vehicles List;Formula-E;https://static.wikia.nocookie.net/majorette_model_cars/images/1/1d/Julius_B%C3%A4r_RACING_286C_2020.jpg/revision/latest?cb=20201220123239;282C_1.jpg
231C;GMC Hummer EV;GMC;Premium Cars - Chase Cars - Limited Edition 11 - Black Edition Giftpack - Showroom Premium Cars;2023 - 2024 - 2025 - 2026;;;1:64;Vehicles List;GMC_Vehicles;https://static.wikia.nocookie.net/majorette_model_cars/images/b/b3/GMC_Hummer_matt_black.JPG/revision/latest?cb=20250406165934;231C_3.jpg
249;GMC Jimmy;GMC;200 serie;1995 • 1996 • 1997 • 1998 • 1999 • 2000 • 2001 • 2002 • 2003 • 2004 • 2005 • 2006 • 2007 • 2008 • 2009 • 2010 • 2011 • 2012 • 2013;;;1:64;Vehicles List;GMC_Vehicles;https://static.wikia.nocookie.net/majorette_model_cars/images/7/74/GMC_Jimmy_%28red%2C_magnum_roller%29.jpg/revision/latest?cb=20220321143541;249_10.jpg
255;Hanomag Bulldozer;Hanomag;200 serie;1971 • 1972 • 1973 • 1974 • 1975 • 1976 • 1977 • 1978 • 1979;;;1:64;Vehicles List;Hanomag_Vehicles;https://static.wikia.nocookie.net/majorette_model_cars/images/f/fb/Majorette_Hanomag_Bulldozer_%28yellow%2C_green_roof%29.jpg/revision/latest?cb=20210409185309;255_12.jpg
212D;Honda S2000;Honda;JDM Legends Premium Series - JDM Legends Tuning Transporters;2025 • 2026;;;1:64;Vehicles List;Honda_Vehicles;https://static.wikia.nocookie.net/majorette_model_cars/images/1/19/Honda_S2000.png/revision/latest?cb=20250904213032;212D.jpg
MAJ-HONDA_NSX-R_;Honda NSX-R GT;Honda;Collection;2025;;;1:64;Vehicles List;Honda_Vehicles;https://static.wikia.nocookie.net/majorette_model_cars/images/7/70/Honda_NSX-R_GT_2005.JPG/revision/latest?cb=20250815112817;MAJ-HONDA_NSX-R.jpg
212C;Honda Civic Type-R Ek9;Honda;Giftpack Japan Series - Japan Seies 1 Premium Cars - Japan Series 1 Deluxe Cars - Japan Series Prime 15 - JDM Legends Premium Cars - JDM Legends Deluxe Cars;2024 • 2025 • 2026;;;1:64;Vehicles List;Honda_Vehicles;https://static.wikia.nocookie.net/majorette_model_cars/images/f/f7/Honda_civic_ek9_yellow.JPG/revision/latest?cb=20250416203321;212C.jpg
220D;Honda E;Honda;Street Cars - Limited Edition Serie 11 - Giftpack 9+4 - Color Changers;2023 • 2024 • 2025 • 2026;;;1:64;Vehicles List;Honda_Vehicles;https://static.wikia.nocookie.net/majorette_model_cars/images/c/c8/Honda_E_yellow.jpg/revision/latest?cb=20250325125519;220D.jpg
220C;Honda Civic Type R;Honda;Premium Cars - Limited Edition 5 - Racing Cars - Gold Edition 2020 - Rescue World - Shoromm Premium CArs;2018 • 2019 • 2020 • 2021 • 2022 / 2024 • 2025;;;1:64;Vehicles List;Honda_Vehicles;https://static.wikia.nocookie.net/majorette_model_cars/images/f/fa/Honda_Civic_Type_R_weiss.jpg/revision/latest?cb=20200605190743;220C.jpg
220B;Honda CRZ;Honda;Single Asst. - Premium Cars - Limited Edition 4 - Kabaya Series;2012 • 2013 • 2014 • 2015 • 2016 • 2017 • 2018 • 2019 • 2020;;;1:64;Vehicles List;Honda_Vehicles;https://static.wikia.nocookie.net/majorette_model_cars/images/0/01/Honda_CRZ_%28white%2C_2013%29.jpg/revision/latest?cb=20200630193019;220B.jpg
220;Honda NSX;Honda;Magic Cars - Novacar - 200 serie - Speed Wheelers -;1997 • 1998 • 1999 • 2000 • 2001 • 2002 • 2003 • 2004 • 2005 • 2006 • 2007 • 2008;;;1:64;Vehicles List;Honda_Vehicles;https://static.wikia.nocookie.net/majorette_model_cars/images/6/66/Majorette_Honda_NSC_%28red%2C_blue_print%2C_26%2C_competion%2C_sport%2C_MFR_winner%29.jpg/revision/latest?cb=20200718185839;220_15.jpg
252;Honda Prelude;Honda;200 serie;1990 • 1991 • 1992 • 1993;;;1:64;Vehicles List;Honda_Vehicles;https://static.wikia.nocookie.net/majorette_model_cars/images/6/69/Majorette_Honda_Prelude_%28red%2C_H_PRELUDE%2C_6S_wheels%29.jpg/revision/latest?cb=20201111123836;252_4.jpg
219;Honda Accord;Honda;200 serie;1984 • 1985 • 1986 • 1987 • 1988 • 1989;;;1:64;Vehicles List;Honda_Vehicles;https://static.wikia.nocookie.net/majorette_model_cars/images/b/b0/Majorette_Honda_Accord_%28metallic_red%2C_yellow_stripes_on_hood%29_1984.jpg/revision/latest?cb=20230522144640;219_6.jpg
231B;Hummer H2;Majorette;200 serie;2006 • 2007 • 2008 • 2009 • 2010 • 2011 • 2012 / 2015 • 2016 • 2017;;;1:64;Vehicles List;Hummer_Vehicles;https://static.wikia.nocookie.net/majorette_model_cars/images/6/6b/Majorette_Hummer_H2_%28black%29.jpg/revision/latest?cb=20201201124557;231B.jpg
278A;Hymermobil Exsis-i;Majorette;Explorer Asst. City Asst.;2018 • 2019 • 2020 • 2021 • 2022 • 2023 • 2024 • 2025;;;1:64;Vehicles List;Hymer_Vehicles;https://static.wikia.nocookie.net/majorette_model_cars/images/d/de/Majorette_Hymer_Mobil_Exis-i_%28white%29.jpg/revision/latest?cb=20211023193528;278A_1.jpg
280C;Hyundai i30 N;Hyundai;Street Cars;2020 - 2021 • 2022 • 2023 • 2024 • 2025;;;1:64;Vehicles List;Hyundai_Vehicles;https://static.wikia.nocookie.net/majorette_model_cars/images/d/df/Hyundai_i30_N_%28pale_blue%29.jpg/revision/latest?cb=20201123175533;280C.jpg
280A;Hyundai i20 Coupe WRC;Hyundai;WRC Cars;2019 • 2020 • 2021 • 2022 • 2023 • 2024;;;1:64;Vehicles List;Hyundai_Vehicles;https://static.wikia.nocookie.net/majorette_model_cars/images/b/be/Hyundai_i20_Coupe_WRC_2020_WRC_Cars_rubber_tires.jpg/revision/latest?cb=20200710115606;280A.jpg
211A;Infiniti Concept Vision Gran Turismo;Majorette;Vision Gran Turismo;2017 • 2018;;;1:64;Vehicles List;Infiniti_Vehicles;https://static.wikia.nocookie.net/majorette_model_cars/images/8/8d/Infiniti_Concept_Vision_Gran_Turismo_%28yellow%29_2017.jpg/revision/latest?cb=20220520211825;211A.jpg
285A;Isuzu D-Max Spark;Majorette;Street Cars - Racing Cars;2022 - 2023 - 2024 - 2025 - 2026;;;1:64;Vehicles List;Isuzu_Vehicles;https://static.wikia.nocookie.net/majorette_model_cars/images/6/6f/2022_Street_Cars_Isuzu_D-Max_285A_burgund.jpg/revision/latest?cb=20230227090722;285A.jpg
291B;Jaguar E-Type Roadster;Jaguar;Vintage Cars - City Trailer - Racing Premium Cars - Adventure Force;2023 • 2024 • 2025 • 2026;;;1:64;Vehicles List;Jaguar_Vehicles;https://static.wikia.nocookie.net/majorette_model_cars/images/2/24/Jaguar_type_e_cab.JPG/revision/latest?cb=20251008101440;291B.jpg
293B;Jaguar F-Type;Jaguar;Premium Cars - Limited Edition 3 - Racing Cars - Metallic Series - Limited Edition 5 - Limited Edition 10 - Race Trailer;2016 • 2017 • 2018 • 2019 • 2020 • 2021 • 2022 • 2023 • 2024 • 2025;;;1:64;Vehicles List;Jaguar_Vehicles;https://static.wikia.nocookie.net/majorette_model_cars/images/9/98/Jaguar_F-Type_%28blue%2C_2019%29.jpg/revision/latest?cb=20201229171637;293B_1.jpg
294B;Jaguar S-Type;Jaguar;200 serie;2000 • 2001 • 2002 • 2003 • 2004;;;1:64;Vehicles List;Jaguar_Vehicles;https://static.wikia.nocookie.net/majorette_model_cars/images/f/fe/Jaguar_S_Type_Red.webp/revision/latest?cb=20201130201611;294B.jpg
293A (205);Jaguar XJ6 Police;Jaguar;200 serie;1994 • 1995 • 1999 • 2000 • 2001 • 2002 • 2003;;;1:64;Vehicles List;Jaguar_Vehicles;https://static.wikia.nocookie.net/majorette_model_cars/images/5/54/Majorette-jaguar-xj-6-police-car.jpg/revision/latest?cb=20220424173104;293A.jpg
293;Jaguar XJ6;Jaguar;200 serie;1990 • 1991 • 1992 • 1993 • 1994 • 1995 • 1996 • 1997;;;1:64;Vehicles List;Jaguar_Vehicles;https://static.wikia.nocookie.net/majorette_model_cars/images/0/09/Majorette_Jaguar_XJ6_%28black%2C_orange_windows%29.jpg/revision/latest?cb=20201114124245;293_3.jpg
1001;Jaguar XJ-SC;Jaguar;Deluxe Collection - Serie 1000;1990 • 1991 • 1992 • 1993;;;1:64;Vehicles List;Jaguar_Vehicles;https://static.wikia.nocookie.net/majorette_model_cars/images/1/12/Jaguar_XJ-SC_Cabrio_%28blue%2C_deluxe%29.jpg/revision/latest?cb=20201113165235;1001.jpg
207;Jaguar Type E V12;Jaguar;200 serie;1972 • 1973 • 1974 • 1975 • 1976• 1977 • 1978;;;1:64;Vehicles List;Jaguar_Vehicles;https://static.wikia.nocookie.net/majorette_model_cars/images/b/ba/Jaguar_type_E_v12_%28matallic_blue%2C_3S_wheels%29.jpg/revision/latest?cb=20200613181009;207_6.jpg
224E;Jeep Wrangler 4XE;Jeep;Premium Cars - Showroom Premium Cars - Racing Cars;2024 • 2025 • 2026;;;1:64;Vehicles List;Jeep_Vehicles;https://static.wikia.nocookie.net/majorette_model_cars/images/5/52/Jeep_wrangler_4xE_red.JPG/revision/latest?cb=20250406212402;224E_4.jpg
224A;Jeep Wrangler Rubicon;Jeep;Street Cars - Trailer Asst. - Limited Edition 3 - Limited Edition 5 - Limited Edition 6 - Limited Edition 7 - Limited Edition 8 - Limited Edition 9 - Limited Edition 10 - Limited Edition 11 - Explorer Asst. - Discovery Pack - SUV 4x4 Giftpack - GIRLmazing Trailer Asst. - ParkNShop Serie 2 - Monster Rockerz Asst. - Monster Rockerz Color Changers - Pink Slips - City Trailer;2016 • 2017 • 2018 • 2019 • 2020 • 2021 • 2022 • 2023 • 2024 • 2025 • 2026;;;1:64;Vehicles List;Jeep_Vehicles;https://static.wikia.nocookie.net/majorette_model_cars/images/e/e6/Jeep_Wrangler_Rubicon_yellow.jpg/revision/latest?cb=20200605191016;224A.jpg
224;Jeep Cherokee Limited;Jeep;200 serie;1990 • 1991 • 1992 • 1993 • 1994 • 1995 • 1996 • 1997 • 1998 • 1999 • 2000;;;1:64;Vehicles List;Jeep_Vehicles;https://static.wikia.nocookie.net/majorette_model_cars/images/a/a2/Jeep_Cherokee_Limited_%28black%2C_red_surfboards%2C_4x4_cherokee%29.jpg/revision/latest?cb=20201123223616;224_5.jpg
285;Jeep Cherokee Sheriff;Jeep;200 serie;1990 • 1991 • 1992 • 1993 • 1994 • 1995 • 1996 • 1997 • 1998 • 1999 • 2000 • 2001 • 2002 • 2003 • 2004 • 2005 • 2006 • 2007;;;1:64;Vehicles List;Jeep_Vehicles;https://static.wikia.nocookie.net/majorette_model_cars/images/9/92/Majorette_Jeep_Cherokee_Sheriff_%28white%2C_911_sheriff_7%2C_jeep_cherokee_on_base%29.jpg/revision/latest?cb=20201124130907;285_5.jpg
244 / 290;Jeep CJ-7 4 x 4;Jeep;200 serie;1984 • 1985 • 1986 • 1987 • 1988 • 1989 • 1990 • 1991 • 1992 • 1993 • 1994 • 1995 • 1996 • 1997 • 1998 • 1999 • 2000 • 2001 • 2002 • 2003 • 2004 • 2005 • 2006 • 2007 • 2008 • 2009;;;1:64;Vehicles List;Jeep_Vehicles;https://static.wikia.nocookie.net/majorette_model_cars/images/5/5c/Jeep_4x4_244_serie_200.jpg/revision/latest?cb=20200605190949;290.jpg
236;4 x 4 Cherokee;Majorette;200 Serie;1983 • 1984 • 1985 • 1986 • 1987 • 1988 • 1989 • 1990 • 1991 • 1992 • 1993 • 1994 • 1995 • 1996 • 1997 • 1998 • 1999 • 2000 • 2001 • 2002 • 2003 • 2004 • 2005 • 2006 • 2007 • 2008 • 2009 • 2010 • 2011 • 2012 • 2013 • 2014;;;1:64;Vehicles List;Jeep_Vehicles;https://static.wikia.nocookie.net/majorette_model_cars/images/4/48/236_-_Cherokee_4x4_orange.jpg/revision/latest?cb=20200606214402;236_16.jpg
268;Jeep CJ-7;Jeep;200 serie;1980 • 1981 • 1982 • 1983 • 1984 • 1985 • 1986 • 1987 • 1988 • 1989 • 1990 • 1991 • 1992 • 1998 • 1999;;;1:64;Vehicles List;Jeep_Vehicles;https://static.wikia.nocookie.net/majorette_model_cars/images/9/9c/Jeep_CJ-7_%28metallic_gold%2C_yellow_cap%2C1980%29.jpg/revision/latest?cb=20200701192558;268.jpg
269;Jeep Cherokee Ambulance;Jeep;200 serie;1980 • 1981 • 1982 • 1983 • 1984 • 1985 • 1986 • 1987 • 1988 • 1989 • 1990;;;1:64;Vehicles List;Jeep_Vehicles;https://static.wikia.nocookie.net/majorette_model_cars/images/7/77/Majorette_Jeep_Cherokee_Ambulance_%281980%29_%28white%2C_red_cross%2C_blue_windows%2C_5RDL_wheels%29.jpg/revision/latest?cb=20220611114449;269.jpg
236;Jeep Cherokee;Jeep;200 serie;1980 • 1981 • 1982 • 1983 • 1984 • 1985 • 1986 • 1987 • 1988 • 1989 • 1990 • 1991 • 1992 • 1993 • 1994 • 1995 • 1996 • 1997 • 1998 • 1999 • 2000 • 2001 • 2002 • 2003 • 2004 • 2005 • 2006 • 2007 • 2008 • 2009 • 2010 • 2011 • 2012 • 2013 • 2014;;;1:64;Vehicles List;Jeep_Vehicles;https://static.wikia.nocookie.net/majorette_model_cars/images/7/74/Majorette_Jeep_Cherokee_%28green%2C_green_trunk%2C_5RDL_wheels%29.jpg/revision/latest?cb=20211003102805;236_4.jpg
223A;Kia Performance Car;Majorette;Premium Cars;2020 - 2021 - 2022 - 2023 - 2024 - 2025;;;1:64;Vehicles List;Kia_Vehicles;https://static.wikia.nocookie.net/majorette_model_cars/images/3/38/Kia_Performance_Car_2021_yellow_223A.jpg/revision/latest?cb=20210223205356;223A.jpg
MAJ-LAMBORGHINI_;Lamborghini Murcielago LP640;Lamborghini;Collection;2026;;;1:64;Vehicles List;Lamborghini_Vehicles;;
228B;Lamborghini Countach LPI 800-4;Lamborghini;Premium Cars - Limited Edition Series 10 - Pink Slips - Lamborghini 5 Pieces Gitpack - Showroom Premium Cars;2023 • 2024 • 2025 • 2026;;;1:64;Vehicles List;Lamborghini_Vehicles;https://static.wikia.nocookie.net/majorette_model_cars/images/f/fe/Lamborghni_Countach_LPI_800-4.JPG/revision/latest?cb=20251009082845;228B_1.jpg
237;Lamborghini Countach LP400;Lamborghini;Vintage Cars - Racing Cars - Dream Car Italy Giftpack - 60Th Anniversary Deluxe Cars - Lamborghini 5 Pieces Gitpack - Adventure Force;2021 • 2022 • 2023 • 2024 • 2025 • 2026;;;1:64;Vehicles List;Lamborghini_Vehicles;https://static.wikia.nocookie.net/majorette_model_cars/images/d/de/Lamborghini_Countach_LP400_%28red%29_2021.jpg/revision/latest?cb=20211031070507;237_12.jpg
219I;Lamborghini Sian FKP 37;Lamborghini;Deluxe Cars - Black Edition Giftpack - Lamborghini 5 Pieces Gitpack;2021 • 2022 • 2023 / 2025 • 2026;;;1:64;Vehicles List;Lamborghini_Vehicles;https://static.wikia.nocookie.net/majorette_model_cars/images/7/7e/Lamborghini_Sian_orange_219I_Deluxe_Models_2021.jpg/revision/latest?cb=20230603175510;219I_1.jpg
9612;Lamborghini Centenario;Lamborghini;Street Cars - Lamborghini 5 Pieces Gitpack;2020 • 2021 • 2022 / 2024 • 2025 • 2026;;;1:64;Vehicles List;Lamborghini_Vehicles;https://static.wikia.nocookie.net/majorette_model_cars/images/c/c4/Lamborghini_Centenario_%28black%29_2020.jpg/revision/latest?cb=20200723225229;9612.jpg
219H;Lamborghini Urus;Lamborghini;Premium Cars / Racing Cars / Tune Ups Cars / Tune Ups Cars - Series 2 / Limited Edition Series 9 - Giftpack - Police Force Giftpack - Lamborghini 5 Pieces Gitpack;2018 • 2019 • 2020 • 2021 • 2022 • 2023 • 2024 • 2025 • 2026;;;1:64;Vehicles List;Lamborghini_Vehicles;https://static.wikia.nocookie.net/majorette_model_cars/images/c/c5/Lamborghini_Urus_2018_Premium.jpg/revision/latest?cb=20200605191320;219H.jpg
219G;Lamborghini Aventador SV Roadster;Lamborghini;Street Cars - Limited Edition 4 - Limited Edition 8 - Limited Edition 9 - S.O.S. Flashers Giftpack 2018 - Discovery Pack - Black & White Edition;2017 • 2018 • 2019 • 2020 • 2021 • 2022 • 2023 • 2024 • 2025;;;1:64;Vehicles List;Lamborghini_Vehicles;https://static.wikia.nocookie.net/majorette_model_cars/images/2/22/Lamborghini_Aventador_SV_roadster_%282019%2C_red%29.jpg/revision/latest?cb=20201207211511;219G_1.jpg
219F;Lamborghini Huracán Avio;Lamborghini;Premium Cars - Lamborghini Giftpack - Chrome Cars Set - Small Airport Service Set - Discovery Pack - Dream Cars Italy - Limited Edition 7 - Gold Edition - Limited Edition 8 - Pink Slips - Rainbow Edition - Anniversary Edition Giftpack Global Emmergency - Rescue World - Rescue World Gitpack;2017 • 2018 • 2019 • 2020 • 2021 • 2022 • 2023 • 2024 • 2025 • 2026;;;1:64;Vehicles List;Lamborghini_Vehicles;https://static.wikia.nocookie.net/majorette_model_cars/images/1/11/Lamborghini_Hurac%C3%A1n_Avio_2017_Premium_Cars_oliv_green.jpg/revision/latest?cb=20200605191225;219F.jpg
219E;Lamborghini Aventador;Lamborghini;Street Cars - Giftpack 9+4 Limited Edition 2, 3, 4, 5, 6, 7, 8, 11 - Discovery Pack - ToyFair Cars - Lamborghini Giftpack - Dubai Police Super Cars Giftpack - City Trailer Asst. - Chase Cars;2015 • 2016 • 2017 • 2018 • 2019 • 2020 • 2021 • 2022 • 2023 • 2024 • 2025;;;1:64;Vehicles List;Lamborghini_Vehicles;https://static.wikia.nocookie.net/majorette_model_cars/images/d/d1/Lamborghini_Aventador_2018_yellow_gift_pack_glowing_wheels.jpg/revision/latest?cb=20200605191040;219E.jpg
219D;Lamborghini Gallardo;Lamborghini;Street Cars - Racing Cars;2011 • 2012 • 2013 • 2014 • 2015 • 2016 • 2017 • 2018;;;1:64;Vehicles List;Lamborghini_Vehicles;https://static.wikia.nocookie.net/majorette_model_cars/images/0/0a/Lamborghini_galardo_%28metallic_orange%29.jpg/revision/latest?cb=20200702211600;219D_1.jpg
219C;Lamborghini Reventón;Lamborghini;Street Cars - Racing Cars;2011 • 2012 • 2013 • 2014 • 2015 • 2016 • 2017 • 2018;;;1:64;Vehicles List;Lamborghini_Vehicles;https://static.wikia.nocookie.net/majorette_model_cars/images/2/25/Lamborghini_Revent%C3%B3n_%28metallic_silver%2C_5YO_wheels%29.jpg/revision/latest?cb=20200702224000;219C_1.jpg
219;Lamborghini Diablo;Lamborghini;200 serie - Chrome Series - Change Colors - Road Eaters;1992 • 1993 • 1994 • 1995 • 1996 • 1997 • 1998;;;1:64;Vehicles List;Lamborghini_Vehicles;https://static.wikia.nocookie.net/majorette_model_cars/images/d/df/Majorette_Lamborghini_Diablo_%28yellow%2C_large_logo_on_hood%29.jpg/revision/latest?cb=20220320192715;219_11.jpg
237;Lamborghini Countach;Lamborghini;200 serie - Change Colors;1980 • 1981 • 1982 • 1983 • 1984 • 1985 • 1986 • 1987 • 1988 • 1989 • 1990 • 1991 • 1992 • 1993 • 1994 • 1995;;;1:64;Vehicles List;Lamborghini_Vehicles;https://static.wikia.nocookie.net/majorette_model_cars/images/e/ef/Majorette_Lamborghini_Countach_%28metallic_blue_gray%29.jpg/revision/latest?cb=20200824134412;237_2.jpg
246B;Lancia Delta Integrale Evoluzione;Lancia;Racing Premium Cars - Vintage Premium Cars;2026;;;1:64;Vehicles List;Lancia_Vehicles;https://static.wikia.nocookie.net/majorette_model_cars/images/f/f4/Lancia_Delta_Integrale_Evoluzione.png/revision/latest?cb=20260130145711;246B.jpg
285;Lancia Montecarlo;Lancia;200 serie;1982 • 1983 • 1984 • 1985 • 1986 • 1987;;;1:64;Vehicles List;Lancia_Vehicles;https://static.wikia.nocookie.net/majorette_model_cars/images/c/c4/Majorette_Lancia_Montecarlo_%28red%29.jpg/revision/latest?cb=20210812221316;285.jpg
266D;Land Rover Defender 90;Land Rover;Premium Cars - Racing Cars - Trailer - French Touch Trailer - Anniversary Edition Giftpack Global Emmergency vehicles - Pink Slips - Castheads Giftpack - Showroom Premium Cars;2021 • 2022 - 2023 - 2024 - 2025;;;1:64;Vehicles List;Land_Rover_Vehicles;https://static.wikia.nocookie.net/majorette_model_cars/images/3/36/Land_Rover_Defender_%28metallic_green%29_2021.jpg/revision/latest?cb=20210403225629;266D.jpg
266B 266C;Land Rover Defender 110;Land Rover;Premium Cars - Racing Cars - Deluxe Cars - Race Trailer - Pink Slips;2018 • 2019 • 2020 • 2021 • 2022 - 2023 - 2024 - 2025;;;1:64;Vehicles List;Land_Rover_Vehicles;https://static.wikia.nocookie.net/majorette_model_cars/images/d/d6/Land_Rover_Defender_110_matt_silver_premium_Cars.jpg/revision/latest?cb=20200705081759;266B.jpg
266A;Range Rover Evoque;Land Rover;Premium Cars;2014 - 2015 • 2016 • 2017 - 2018 • 2019 • 2020 • 2021 / 2024;;;1:64;Vehicles List;Land_Rover_Vehicles;https://static.wikia.nocookie.net/majorette_model_cars/images/f/fe/Range_Rover_Evoque_2017_Premium_copper_metallic.jpg/revision/latest?cb=20200606094519;266A.jpg
246A;Range Stormer Concept Car;Majorette;200 serie;2005 • 2006 • 2007 • 2008 • 2009 • 2010 • 2011;;;1:64;Vehicles List;Land_Rover_Vehicles;https://static.wikia.nocookie.net/majorette_model_cars/images/8/8d/Majorette_Range_Stormer_Concept_Car_%28orange%2C_5DOT_wheels%29.jpg/revision/latest?cb=20200925222742;246A.jpg
266;Land Rover 90 Raid;Land Rover;200 serie;1987 • 1988 • 1989 • 1990 • 1991 • 1992 • 1993 • 1994 • 1995 • 1996 • 1997 • 1998 • 1999 • 2000 • 2001 • 2002 • 2003 • 2004 • 2005 • 2006 • 2007 • 2008 • 2009 • 2010 • 2011 • 2012;;;1:64;Vehicles List;Land_Rover_Vehicles;https://static.wikia.nocookie.net/majorette_model_cars/images/7/72/Land_Rover_90_Raid_%28beige%29_1987.jpg/revision/latest?cb=20210219112955;266_3.jpg
246;Range Rover Rescue Team;Land Rover;200 serie;1988 • 1989 • 1990 • 1991 • 1992 • 1993 • 1994 • 1995 • 1996 • 1997 • 1998 • 1999;;;1:64;Vehicles List;Land_Rover_Vehicles;https://static.wikia.nocookie.net/majorette_model_cars/images/8/85/Range_Rover_Rescue_Team_%281992%2C_Red%2C_light_bluewindows%2C_white_ladder%29.jpg/revision/latest?cb=20200602144145;246_5.jpg
MAJ-RANGE_ROVER_;Range Rover (MOTOR);Land Rover;MOTOR;1980 • 1981 • 1982 • 1983 • 1984;;;1:64;Vehicles List;Land_Rover_Vehicles;https://static.wikia.nocookie.net/majorette_model_cars/images/2/2c/Majorette_Range_Rover_%28MOTOR%29_%28dark_blue%2C_police%29.jpg/revision/latest?cb=20230527111118;MAJ-RANGE_ROVER.jpg
246;Range Rover Rescue Unit;Land Rover;200 serie;1978 • 1979 • 1980 • 1981 • 1982 • 1983 • 1984 • 1985 • 1986 • 1987;;;1:64;Vehicles List;Land_Rover_Vehicles;https://static.wikia.nocookie.net/majorette_model_cars/images/6/64/Majorette_Range_Rover_Rescue_Unit_%28red%2C_blue_windows%2C_3_rescue_team_on_hood%29.jpg/revision/latest?cb=20201120130451;246_1.jpg
292F;Lexus RX400h;Lexus;Single Asst;2007 • 2008 • 2009 • 2010 • 2011 • 2012 • 2013 • 2014 • 2015;;;1:64;Vehicles List;Lexus_Vehicles;https://static.wikia.nocookie.net/majorette_model_cars/images/f/fa/Lexus_RX400h_%28cream%2C_5V%29.jpg/revision/latest?cb=20201104193937;292F.jpg
MAJ-MAZDA_MX5;Mazda MX5;Mazda;Showroom Premium Cars;2026;;;1:64;Vehicles List;Mazda_Vehicles;https://static.wikia.nocookie.net/majorette_model_cars/images/b/b3/Mazda_MX5.png/revision/latest?cb=20260130195514;MAJ-MAZDA_MX5.jpg
MAJ-MAZDA_RX7_SP;Mazda RX7 Spirit R;Mazda;Racing Premium Cars;2026;;;1:64;Vehicles List;Mazda_Vehicles;https://static.wikia.nocookie.net/majorette_model_cars/images/0/0b/Mazda_RX7.png/revision/latest?cb=20260130150328;MAJ-MAZDA_RX7_SP.jpg
257;Mazda RX7;Mazda;200 serie;1983 • 1984 • 1985 • 1986 • 1987 • 1988 • 1989 • 1990;;;1:64;Vehicles List;Mazda_Vehicles;https://static.wikia.nocookie.net/majorette_model_cars/images/3/38/Majorette_Mazda_RX7_%28orange%2C_rx7_blue_%26_light_blue_stripes%2C_clear_windows%2C_ELO_wheels%29.jpg/revision/latest?cb=20210221141000;257_18.jpg
248C;Mc Laren Senna;Majorette;Premium Cars - Showroom Premium Cars;2021 - 2022 - 2023 - 2024 -2025;;;1:64;Vehicles List;Mc_Laren_Vehicles;https://static.wikia.nocookie.net/majorette_model_cars/images/7/7b/Mc_Laren_Senna_%28red%29_2021.jpg/revision/latest?cb=20211031070703;248C.jpg
248B;Mc Laren 675 LT;Majorette;Street Cars - Dubai Police Super Cars Giftpack;2016 - 2017 - 2018 - 2019 - 2020;;;1:64;Vehicles List;Mc_Laren_Vehicles;https://static.wikia.nocookie.net/majorette_model_cars/images/f/f2/Mc_Laren_675_LT_yellow_street_cars.jpg/revision/latest?cb=20200725132813;248B.jpg
232H-1;Mercedes-AMG GT 63;Mercedes-Benz;Mercedes-AMG Premium Cars - Mercedes-AMG Deluxe Cars - Mercedes-AMG Deluxe Trailer - Mercedes-AMG 5 Pieces Gitfpack;2025 • 2026;;;1:64;Vehicles List;Mercedes-Benz_Vehicles;https://static.wikia.nocookie.net/majorette_model_cars/images/8/81/Mercedes_AMG_GT_%282023%29.png/revision/latest?cb=20251006220424;232H-1.jpg
232P;Mercedes-AMG GLC 63 S;Mercedes-Benz;Mercedes-AMG Premium Cars - Mercedes-AMG Deluxe Cars - Mercedes-AMG Deluxe Trailer - Mercedes-AMG 5 Pieces Gitfpack;2025 • 2026;;;1:64;Vehicles List;Mercedes-Benz_Vehicles;https://static.wikia.nocookie.net/majorette_model_cars/images/9/95/Mercedes_AMG_GLC.png/revision/latest?cb=20251006215722;232P.jpg
232L-1;Mercedes-AMG CLE 53 S;Mercedes-Benz;Mercedes-AMG Premium Cars - Mercedes-AMG Deluxe Cars - Mercedes-AMG Deluxe Trailer - Mercedes-AMG 5 Pieces Gitfpack;2025 • 2026;;;1:64;Vehicles List;Mercedes-Benz_Vehicles;https://static.wikia.nocookie.net/majorette_model_cars/images/6/66/Mercedes-amg_gle_red_premium.JPG/revision/latest?cb=20251112081751;232L-1.jpg
260B;Mercdes-Benz 450 SEL;Mercedes-Benz;60Th Anniversary Edition Premium - Vintage Cars;2024 • 2025;;;1:64;Vehicles List;Mercedes-Benz_Vehicles;https://static.wikia.nocookie.net/majorette_model_cars/images/9/90/Anniversary_Edition_Mercedes_450_SEL.JPG/revision/latest?cb=20250330132329;260B.jpg
232L;Mercedes-AMG SL 63;Mercedes-Benz;Premium Cars - Mercedes-AMG Premium Cars - Mercedes-AMG Deluxe Cars;2023 • 2024 • 2025 • 2026;;;1:64;Vehicles List;Mercedes-Benz_Vehicles;https://static.wikia.nocookie.net/majorette_model_cars/images/a/ac/Mercedes-AMG_SL63_red.JPG/revision/latest?cb=20250425101715;232L_1.jpg
260A;Mercedes-Benz 190E 2.5-16 Evo II;Mercedes-Benz;Youngster 90's Giftpack - Vintage Cars - Castheads Premium;2023 • 2024 • 2025;;;1:64;Vehicles List;Mercedes-Benz_Vehicles;https://static.wikia.nocookie.net/majorette_model_cars/images/b/b4/Mercedes_190E_2.5-16_EVO_II.JPG/revision/latest?cb=20250402171430;260A_1.jpg
250E;Mercedes-Benz Sprinter (Type 907);Mercedes-Benz;S.O.S - MAERSK;2023 • 2024 • 2025 • 2026;;;1:64;Vehicles List;Mercedes-Benz_Vehicles;https://static.wikia.nocookie.net/majorette_model_cars/images/e/e8/Mercedes-Benz_SPrinter_MAERSK.JPG/revision/latest?cb=20251001104652;250E_2.jpg
232H;Mercedes-AMG A 35 4MATIC;Mercedes-Benz;Premium Cars - Showroom Premium Cars - Mercedes-Benz Collection - Mercedes-AMG Premium Cars - Mercedes-AMG Deluxe Cars - Mercedes-AMG Deluxe Trailer - Mercedes-AMG 5 Pieces Gitfpack;2021 • 2022 • 2023 / 2025 • 2026;;;1:64;Vehicles List;Mercedes-Benz_Vehicles;https://static.wikia.nocookie.net/majorette_model_cars/images/6/62/Mercedes-AMG_A35_white_2022.JPG/revision/latest?cb=20250402213444;232H_1.jpg
232I;Mercedes-Benz E-Class All-Terrain;Mercedes-Benz;Premium Cars Mercedes-Benz E-Class All-Terrain Emergency Box - City Premium Vehicles;2021 • 2022 / 2025 • 2026;;;1:64;Vehicles List;Mercedes-Benz_Vehicles;https://static.wikia.nocookie.net/majorette_model_cars/images/3/37/Mercedes-Benz_E-Class_All-Terrain_232I_2021_Feuerwehr.png/revision/latest?cb=20210806171447;232I_1.jpg
250D;Mercedes-AMG G500;Mercedes-Benz;Mercedes-Benz Collection -;2020 • 2021 • 2022 • 2023 • 2024 • 2025;;;1:64;Vehicles List;Mercedes-Benz_Vehicles;https://static.wikia.nocookie.net/majorette_model_cars/images/a/af/Mercedes-AMG_G500_-_hyacinth_red_metallic_2020_Mercedes-Benz_Collection.jpg/revision/latest?cb=20201116195615;250D.jpg
9613;Mercedes-AMG GT R;Mercedes-Benz;Racing Cars - Premium Cars - Limited Edition Series 9 - Giftpack;2020 • 2021 • 2022 • 2023 • 2024 / 2026;;;1:64;Vehicles List;Mercedes-Benz_Vehicles;https://static.wikia.nocookie.net/majorette_model_cars/images/0/05/Mercedes-AMG_GTR_green_2020_Premium_Cars.jpg/revision/latest?cb=20200705074449;9613_4.jpg
250C;Mercedes-Maybach G 650 Landaulet;Mercedes-Benz;Premium Cars;2019 • 2020 • 2021 • 2022 • 2023 • 2024;;;1:64;Vehicles List;Mercedes-Benz_Vehicles;https://static.wikia.nocookie.net/majorette_model_cars/images/3/35/Mercedes-Maybach_G_650_Landaulet_%28metallic_teal%29_2020.jpg/revision/latest?cb=20210914151837;250C.jpg
250B;Mercedes-AMG G63;Mercedes-Benz;Premium Cars - Mercedes-AMG Premium Cars - Mercedes-AMG Deluxe Cars - Mercedes-AMG Deluxe Traile;2017 • 2018 • 2019 • 2020 • 2021 • 2022 • 2023 • 2024 • 2025 • 2026;;;1:64;Vehicles List;Mercedes-Benz_Vehicles;https://static.wikia.nocookie.net/majorette_model_cars/images/0/06/Mercedes_Benz_G63_AMG_gelb.jpg/revision/latest?cb=20200605194452;250B.jpg
232F;Mercedes-Benz AMG Vision Gran Turismo;Mercedes-Benz;Vision Gran Turismo;2017 • 2018;;;1:64;Vehicles List;Mercedes-Benz_Vehicles;https://static.wikia.nocookie.net/majorette_model_cars/images/b/b4/Mercedes-Benz_AMG_Vision_Gran_Turismo_%28silver%29_2017.jpg/revision/latest?cb=20220520221354;232F.jpg
232E;Mercedes-AMG GT;Mercedes-Benz;Premium Cars - Racing Cars - S.O.S Cars;2016 • 2017 • 2018 • 2019 • 2020 • 2021 • 2022 • 2023 • 2024;;;1:64;Vehicles List;Mercedes-Benz_Vehicles;https://static.wikia.nocookie.net/majorette_model_cars/images/9/95/Mercedes_AMG_GT_Premium_gelb.jpg/revision/latest?cb=20200605194339;232E.jpg
232D;Mercedes-Benz A-Class;Mercedes-Benz;Premium Cars - Racing Cars;2015 • 2016 • 2017 • 2018 • 2019;;;1:64;Vehicles List;Mercedes-Benz_Vehicles;https://static.wikia.nocookie.net/majorette_model_cars/images/9/93/Mercedes_Benz_A-Class_dunkelrot_metallic.jpg/revision/latest?cb=20200605194426;232D.jpg
216B;Mercedes-Benz GL;Mercedes-Benz;Premium Cars;2015 • 2016 • 2017 • 2018 • 2019 • 2020;;;1:64;Vehicles List;Mercedes-Benz_Vehicles;https://static.wikia.nocookie.net/majorette_model_cars/images/f/fd/Mercedes_Benz_GL_Premium_blau.jpg/revision/latest?cb=20200605194517;216B.jpg
232C;Mercedes-Benz SLS AMG;Mercedes-Benz;Single Asst. - Street Cars - Premium Cars;2011 • 2012 • 2013 • 2014 • 2015 • 2016 • 2017 • 2018 • 2019 • 2020 / 2026;;;1:64;Vehicles List;Mercedes-Benz_Vehicles;https://static.wikia.nocookie.net/majorette_model_cars/images/1/1d/Mercedes-Benz_SLS_AMG_%28red%2C_D5S_wheels%29.jpg/revision/latest?cb=20200703214414;232C_6.jpg
MAJ-MERCEDES-BEN;Mercedes-Benz C-Class W204;Mercedes-Benz;Single Asst.;2011;;;1:64;Vehicles List;Mercedes-Benz_Vehicles;https://static.wikia.nocookie.net/majorette_model_cars/images/2/2d/Mercedes_C_Class.png/revision/latest?cb=20251006221037;MAJ-MERCEDES-BEN_1.jpg
232B;Mercedes-Benz SLK;Mercedes-Benz;200 serie;2005 • 2006 • 2007 • 2008 • 2009 • 2010 • 2011 • 2012;;;1:64;Vehicles List;Mercedes-Benz_Vehicles;https://static.wikia.nocookie.net/majorette_model_cars/images/e/e1/Majorette_Mercedes-Benz_SLK_%28metalflake_silver%2C_5CS_wheels%29.jpg/revision/latest?cb=20220806105351;232B.jpg
216;Mercedes-Benz A-Class Mk1;Mercedes-Benz;200 serie;1999 • 2000 • 2001 • 2002 • 2003 • 2004 • 2005 • 2006 • 2007 • 2008 • 2009 • 2010 •2011 • 2012 • 2013;;;1:64;Vehicles List;Mercedes-Benz_Vehicles;https://static.wikia.nocookie.net/majorette_model_cars/images/2/23/Mercedes-Benz_A-Class_Mk1_%28red%29.jpg/revision/latest?cb=20201127142129;216_12.jpg
232A;Mercedes CLK GTR;Mercedes-Benz;200 serie - Speed Wheelers;1999 • 2000 • 2001 • 2002 • 2003 • 2004 • 2005 • 2006;;;1:64;Vehicles List;Mercedes-Benz_Vehicles;https://static.wikia.nocookie.net/majorette_model_cars/images/4/4d/Majorette_Mercedes-Benz_CLK_GTR_%28silver%2C_m2_hydrolic%2C_6s_wheels%29.jpg/revision/latest?cb=20210811193012;232A.jpg
260;Mercedes-Benz 500 SL;Mercedes-Benz;200 serie;1991 • 1992 • 1993 • 1994 • 1995 • 1996 • 1997 • 1998 • 1999 • 2000 • 2001 • 2002 • 2003;;;1:64;Vehicles List;Mercedes-Benz_Vehicles;https://static.wikia.nocookie.net/majorette_model_cars/images/6/61/Mercedes-Benz_500_SL_%28gold%29_1991.jpg/revision/latest?cb=20200725222723;260_7.jpg
326;Mercedes Stretch Limousine;Mercedes-Benz;300 serie;1991 • 1992 • 1993 • 1994 • 1995 • 1996 • 1997 • 1998 • 1999 • 2000 • 2001;;;1:64;Vehicles List;Mercedes-Benz_Vehicles;https://static.wikia.nocookie.net/majorette_model_cars/images/2/25/Majorette_Mercedes_Stretch_Limousine_%28metallic_silver%29.jpg/revision/latest?cb=20210313105559;326_2.jpg
250;Mercedes-Benz 300 TE;Mercedes-Benz;200 serie;1990 • 1991 • 1992 • 1993 • 1994 • 1995 • 1996 • 1997 • 1998 • 1999 • 2000 • 2001;;;1:64;Vehicles List;Mercedes-Benz_Vehicles;https://static.wikia.nocookie.net/majorette_model_cars/images/1/1d/Majorette_Mercedes-Benz_300_TE_%28white%2C_mercedes-benz_service%29.jpg/revision/latest?cb=20210410144749;250_8.jpg
231;Mercedes-Benz 190 E 2.3-16;Mercedes-Benz;200 serie;1986 • 1987 • 1988 • 1989 • 1990 • 1991 • 1992 • 1993 • 1994 • 1995;;;1:64;Vehicles List;Mercedes-Benz_Vehicles;https://static.wikia.nocookie.net/majorette_model_cars/images/1/1d/Majorette_Mercedes-Benz_190_E_2.3-16_%28metallic_green%2C_3S2_wheels%29.jpg/revision/latest?cb=20200929180456;231_5.jpg
249;Mercedes-Benz 450 SE;Mercedes-Benz;200 serie;1978 • 1979 • 1980 • 1981 • 1982 • 1983 • 1984 • 1985;;;1:64;Vehicles List;Mercedes-Benz_Vehicles;https://static.wikia.nocookie.net/majorette_model_cars/images/d/d2/Majorette_Mercedes-Benz_450_SE_%28silver%2C_orange_interior%29.jpg/revision/latest?cb=20211022091246;249_1.jpg
213;Mercedes-Benz 350 SL;Mercedes-Benz;200 serie;1975 • 1976 • 1977 • 1978 • 1979 • 1980;;;1:64;Vehicles List;Mercedes-Benz_Vehicles;https://static.wikia.nocookie.net/majorette_model_cars/images/7/73/Majorette_Mercedes-Benz_350_SL_%28white%2C_5BL_wheels%2C_red_interior%29.jpg/revision/latest?cb=20210911154313;213.jpg
237;Mercedes-Benz 280 SE;Mercedes-Benz;200 serie;;;;1:64;Vehicles List;Mercedes-Benz_Vehicles;https://static.wikia.nocookie.net/majorette_model_cars/images/6/6a/Mercedes-Benz_280_SE_%28237%29.JPG/revision/latest?cb=20260228120232;237_17.jpg
270B;Mini Aceman SE;MINI;Showroom Premium Cars;2026;;;1:64;Vehicles List;Mini_Vehicles;https://static.wikia.nocookie.net/majorette_model_cars/images/d/df/Mini_Aceman_Red.png/revision/latest?cb=20260130200107;270B.jpg
265E;Mini Cooper 1.3i;MINI;Racing Premium Cars - Mini Icons;2026;;;1:64;Vehicles List;Mini_Vehicles;https://static.wikia.nocookie.net/majorette_model_cars/images/4/48/Austin_mini.png/revision/latest?cb=20260130150112;265E.jpg
265D;Mini Cooper S (2005);MINI;Rescue Premium Cars - Mini Icons;2026;;;1:64;Vehicles List;Mini_Vehicles;https://static.wikia.nocookie.net/majorette_model_cars/images/f/fd/Mini_Cooper_S_Police.png/revision/latest?cb=20260413224445;265D.jpg
265C;Mini John Cooper Works GP;MINI;Racing Premium Cars - Mini Icons;2026;;;1:64;Vehicles List;Mini_Vehicles;https://static.wikia.nocookie.net/majorette_model_cars/images/0/01/Mini_JCW.png/revision/latest?cb=20260130145932;265C.jpg
294F;Mini Cooper WRC;MINI;Racing Cars;2013 • 2014 • 2015 • 2016;;;1:64;Vehicles List;Mini_Vehicles;https://static.wikia.nocookie.net/majorette_model_cars/images/b/b7/Majorette_Mini_Cooper_WRC_%28red%2C_white_roof_WRC%2C_D5S%29.jpg/revision/latest?cb=20201031222239;294F.jpg
294E;Mini Cooper Cabrio;MINI;Single Asst.;2005 • 2006 • 2007 • 2008 • 2009 • 2010 • 2011 • 2012;;;1:64;Vehicles List;Mini_Vehicles;https://static.wikia.nocookie.net/majorette_model_cars/images/b/be/Mini_Cooper_Cabrio_red_2012_Single_Cars_Asst.jpg/revision/latest?cb=20200716063339;294E_3.jpg
294C;Mini Cooper;MINI;200 serie;2001 • 2002 • 2003 • 2004 • 2005 • 2006 • 2007 • 2008 • 2009 • 2010 • 2011 • 2012 • 2013 • 2014;;;1:64;Vehicles List;Mini_Vehicles;https://static.wikia.nocookie.net/majorette_model_cars/images/2/26/Majorette_Mini_Cooper_BMW_AG_%28black%2C_5CS_wheels%29.jpg/revision/latest?cb=20220322220709;294C_2.jpg
259B;Lancer Evolution 9;Majorette;Japan Series 1 Premium Cars - Japan Series Set - Japan Series Giftpack - Japan Series Prime 15 - Limited Edition Serie 11 - Giftpack 9+4 - Showroom Premium Cars;2024 - 2025 - 2026;;;1:64;Vehicles List;Mitsubishi_Vehicles;https://static.wikia.nocookie.net/majorette_model_cars/images/4/4f/Mitsubishi_Lancer_Evo_9_japan_series_giftpack.JPG/revision/latest?cb=20250416210800;259B_1.jpg
292I;Misubishi Concept XR-Phev Evolution Vision Gran Turismo;Majorette;Vision Gran Turismo - Racing Cars;2017 • 2018 • 2019 • 2020;;;1:64;Vehicles List;Mitsubishi_Vehicles;https://static.wikia.nocookie.net/majorette_model_cars/images/e/e6/Mitsubishi_Concept_XR-Phev_Evolution_Vision_Gran_Turismo_%28white%29_2017.jpg/revision/latest?cb=20220520222110;292I.jpg
292H;Mitsubishi ASX;Mitsubishi;Single Asst.;2012 • 2013 • 2014 • 2015 • 2016 • 2017 • 2018 • 2019 - 2022 - 2023 - 2024;;;1:64;Vehicles List;Mitsubishi_Vehicles;https://static.wikia.nocookie.net/majorette_model_cars/images/7/73/Mitsubishi_ASX_%28light_blue%29_2012.jpg/revision/latest?cb=20240504114145;292H.jpg
REF:8;Mitsubishi Pajero Evo;Mitsubishi;REF;2011;;;1:64;Vehicles List;Mitsubishi_Vehicles;https://static.wikia.nocookie.net/majorette_model_cars/images/a/a9/Majorette_Mitsubishi_Pajero_Evo_%28metallic_blue%29.jpg/revision/latest?cb=20200531154723;REF-8.jpg
292G;Mitsubishi Outlander;Mitsubishi;Single Asst;2008 • 2009 • 2010 • 2011 • 2012 • 2013 • 2014;;;1:64;Vehicles List;Mitsubishi_Vehicles;https://static.wikia.nocookie.net/majorette_model_cars/images/c/cf/Mitsubishi_Outlabder_%28dark_blue%29.jpg/revision/latest?cb=20201029152731;292G.jpg
292C;Mitsubishi Lancer WRC;Mitsubishi;Racing Cars;2007 • 2008 • 2009 • 2010;;;1:64;Vehicles List;Mitsubishi_Vehicles;https://static.wikia.nocookie.net/majorette_model_cars/images/4/41/Majorette_Mitsubishi_Lancer_WRC_%28red%2C_gray_%26_black_print%2C_nr10%29.jpg/revision/latest?cb=20220318163551;292C.jpg
292A;Mitsubishi Pajero;Mitsubishi;200 Serie - Racing Cars;2001 • 2002 • 2003 • 2004 • 2005 • 2006 • 2007 • 2008 • 2009 • 2010 • 2011 • 2012;;;1:64;Vehicles List;Mitsubishi_Vehicles;https://static.wikia.nocookie.net/majorette_model_cars/images/0/0a/Mitsubishi_Pajero_%28red%29_2001.jpg/revision/latest?cb=20200911215637;292A.jpg
202;Morgan Plus 8;Morgan;200 serie;1979 • 1980 • 1981 • 1982 • 1983 • 1984 • 1985 • 1986 • 1987 • 1988 • 1989 • 1990 • 1991 • 1992 • 1993 • 1994 • 1995 • 1996 • 1997 • 1998 • 1999 • 2000 • 2001 • 2002 • 2003 • 2004;;;1:64;Vehicles List;Morgan_Vehicles;https://static.wikia.nocookie.net/majorette_model_cars/images/e/e3/Majorette_Morgan_Plus_8_%28red%2C_dark_grey_interior%29%29.jpg/revision/latest?cb=20200815192334;261_1.jpg
233B;Nissan Silvia (S15) Spec-R Aero;Nissan;JDM Legends Deluxe;2025 • 2026;;;1:64;Vehicles List;Nissan_Vehicles;https://static.wikia.nocookie.net/majorette_model_cars/images/8/88/Nissan_Silvia_%28S15%29_Spec-R_Aero.png/revision/latest?cb=20250904212749;233B.jpg
233D;Nissan Skyline GT-R R34;Nissan;Japan Series 1 Premium Cars - Japan Series 1 Giftpack - Japan Series 1 Bonus Box - Japan Serie Prime #15 - Adventure Force;2024 • 2025 • 2026;;;1:64;Vehicles List;Nissan_Vehicles;https://static.wikia.nocookie.net/majorette_model_cars/images/5/56/Nissan_GT-R_japan_serie_giftpack.JPG/revision/latest?cb=20250402114552;233D_10.jpg
214I;Nissan Z;Nissan;Tune Up's serie 3 - Premium Cars -Japan Series 1 Deluxe Cars - Castheads Premium Cars - Advent Calendar - Japan Series prime 18 - Easter Eggs 2025 - Racing Cars - JDM Legends Deluxe Cars - Adventure Force;2023 • 2024 • 2025 • 2026;;;1:64;Vehicles List;Nissan_Vehicles;https://static.wikia.nocookie.net/majorette_model_cars/images/e/e2/NissanRZ34Tuneup.png/revision/latest?cb=20250321120943;214I.jpg
233A;Nissan Cefiro A31;Nissan;Racing Cars - Youngster 90's Giftpack - Vintage Cars - Castheads Premiums Cars - Premiums Cars - Nissan Cefiro Series - JDM Legends Deluxe Cars;2020 • 2021 • 2022 • 2023 • 2024 • 2025 • 2026;;;1:64;Vehicles List;Nissan_Vehicles;https://static.wikia.nocookie.net/majorette_model_cars/images/a/ab/Nissan_Cefiro_A31_%282021%29_Racing_Cars_233A.jpg/revision/latest?cb=20210311063653;233A_1.jpg
214H;Nissan GT-R Nismo GT3;Nissan;Racing Cars - Black Edition Giftpack - Limited Edition Series 9 - Giftpack - Premium Cars;2020 • 2021 • 2022 • 2024 • 2025 • 2026;;;1:64;Vehicles List;Nissan_Vehicles;https://static.wikia.nocookie.net/majorette_model_cars/images/3/3f/Nissan_GT-R_Nismo_GT3_Racing_Cars_214H_2020_21.jpg/revision/latest?cb=20200906062845;214H_3.jpg
214G;Nissan GT-R R35;Nissan;Deluxe Cars - Tune Up's Serie 3 - Japan Serie Prime #16;2019 • 2020 • 2021 • 2022 • 2024 - 2025 • 2026;;;1:64;Vehicles List;Nissan_Vehicles;https://static.wikia.nocookie.net/majorette_model_cars/images/b/bc/Nissan_GT-R_Deluxe_Cars_spectral_blue_2019.jpg/revision/latest?cb=20201006173359;214G.jpg
214E;Nissan Concept 2020 Vision Gran Turismo;Nissan;Vision Gran Turismo - Racing Cars;2017 • 2018 • 2019 • 2020 • 2021 / 2025 • 2026;;;1:64;Vehicles List;Nissan_Vehicles;https://static.wikia.nocookie.net/majorette_model_cars/images/7/7c/Nissan_Concept_2020_Vision_Gran_Turismo_%28blue%29_2017.jpg/revision/latest?cb=20220520215415;214E.jpg
214D / 214F;Nissan GT-R R35;Nissan;Single Asst. - Premium Cars - Racing Cars - Limited Edition Serie 1 - Limited Edition Serie 3 - Dubai Police Supercar serie 1;2013 • 2014 • 2015 • 2016 • 2017 • 2018;;;1:64;Vehicles List;Nissan_Vehicles;https://static.wikia.nocookie.net/majorette_model_cars/images/4/4d/Nissan_GTR_%28white%29_2015.jpg/revision/latest?cb=20201105201556;214D_2.jpg
214C;Nissan Pathfinder;Nissan;200 serie;Never produced;;;1:64;Vehicles List;Nissan_Vehicles;https://static.wikia.nocookie.net/majorette_model_cars/images/f/fb/Nissan_Pathfinder_Blue.png/revision/latest?cb=20260501093244;214C.jpg
214B;Nissan Murano;Nissan;200 serie;2005 • 2006 • 2007 - 2008 - 2009 - 2010;;;1:64;Vehicles List;Nissan_Vehicles;https://static.wikia.nocookie.net/majorette_model_cars/images/9/9a/Nissan_Murano_%28orange%2C_5FS%29.jpg/revision/latest?cb=20210806104916;214B.jpg
214A;Nissan Micra;Nissan;200 serie;2003 • 2004 • 2005 • 2006 • 2007;;;1:64;Vehicles List;Nissan_Vehicles;https://static.wikia.nocookie.net/majorette_model_cars/images/d/de/Nissan_Micra_%28red%2C_NUC2%29.jpg/revision/latest?cb=20220320204140;214A.jpg
107;Nissan Terrano;Nissan;Novacar Super Crystal;1994 • 1995 • 1996;;;1:64;Vehicles List;Nissan_Vehicles;https://static.wikia.nocookie.net/majorette_model_cars/images/c/c8/Nissan_Terrano_%28green%29_1994.jpg/revision/latest?cb=20230903195021;107.jpg
214;Nissan 300 ZX Turbo;Nissan;200 serie;1988 • 1989 • 1990 • 1991 • 1992 • 1993 • 1994 • 1995 • 1996;;;1:64;Vehicles List;Nissan_Vehicles;https://static.wikia.nocookie.net/majorette_model_cars/images/9/9e/Majorette_Nissan_300_ZX_Turbo_%28white%2C_single_red_stripe_on_hood%2C_orange_windows%29.jpg/revision/latest?cb=20200731110728;214_2.jpg
253;Oldsmobile (Omega);Majorette;200 serie;1981 • 1982 • 1983 • 1984 • 1985 • 1986;;;1:64;Vehicles List;Oldsmobile_Vehicles;https://static.wikia.nocookie.net/majorette_model_cars/images/a/a3/Majorette_Oldsmobile_%28Omega%29_%28metallic_light_blue%2C_light_orange_windows%2C_NUCS_wheels%29.jpg/revision/latest?cb=20210314144113;253.jpg
202A;Opel Adam;Opel;Street Cars Racing Cars;2015 • 2016 • 2017 • 2018 • 2019 • 2020 • 2021;;;1:64;Vehicles List;Opel_Vehicles;https://static.wikia.nocookie.net/majorette_model_cars/images/2/2f/Opel_Adam_%28yellow%2C_2015%29.jpg/revision/latest?cb=20200704182853;202A_1.jpg
202C;Opel Corsa;Opel;Street Cars;2019 • 2020 • 2021 • 2022;;;1:64;Vehicles List;Opel_Vehicles;https://static.wikia.nocookie.net/majorette_model_cars/images/9/90/Opel_Corsa_power_orange_2019_202C.jpg/revision/latest?cb=20200605154747;202C_2.jpg
205R;Peugeot 205 GTI;Peugeot;Vintage Premium Cars - Racing Premium Cars - Peugeot 205 GTI Giftpack;2026;;;1:64;Vehicles List;Peugeot_Vehicles;https://static.wikia.nocookie.net/majorette_model_cars/images/8/8c/205_GTI_Racing.png/revision/latest?cb=20260130150559;205R.jpg
205N;Peugeot 208;Peugeot;Street Cars - Racing Cars;2021 • 2022 • 2023;;;1:64;Vehicles List;Peugeot_Vehicles;https://static.wikia.nocookie.net/majorette_model_cars/images/f/fc/Peugeot_208_%28blue%29_2021.jpg/revision/latest?cb=20210914175645;205N.jpg
205M;Peugeot 508 SW II;Peugeot;Premium Cars - French Touch Monument Serie;2020 • 2021 • 2022 • 2023 • 2024 • 2025 • 2026;;;1:64;Vehicles List;Peugeot_Vehicles;https://static.wikia.nocookie.net/majorette_model_cars/images/0/03/Peugeot_508_SW_%28white%29.jpg/revision/latest?cb=20210403213819;205I_2.jpg
205L;Peugeot 3008 GT;Peugeot;Premium Cars - French Touch Monument Serie - French Touch Trailer;2018 • 2019 • 2020 • 2021 • 2022 • 2023 • 2024 • 2025 • 2026;;;1:64;Vehicles List;Peugeot_Vehicles;https://static.wikia.nocookie.net/majorette_model_cars/images/f/fc/Peugeot_3008_GT_2018_dark_olive_metallic_Premium_Cars.jpg/revision/latest?cb=20200605201132;205L.jpg
205K;Peugeot Vision Gran Turismo;Peugeot;Vision Gran Turismo - Showroom Premium Cars;2017 • 2018 / 2026;;;1:64;Vehicles List;Peugeot_Vehicles;https://static.wikia.nocookie.net/majorette_model_cars/images/6/6e/Peugeot_Vision_Gran_Turismo_%28red%29_2017.jpg/revision/latest?cb=20220520213646;205K.jpg
205J;Peugeot 308 GT;Peugeot;Premium Cars - Racing Cars - S.O.S. Cars - Showroom Premium Cars;2015 • 2016 • 2017 • 2018 • 2019 • 2020 • 2021 • 2022 • 2023 • 2024 / 2026;;;1:64;Vehicles List;Peugeot_Vehicles;https://static.wikia.nocookie.net/majorette_model_cars/images/f/f4/Peugeot_308_GTI_red_black_2018_Premum_Cars.jpg/revision/latest?cb=20200605201108;205J_1.jpg
205I;Peugeot 508 SW;Peugeot;Premium Cars;2012 • 2013 • 2014 • 2015 • 2016 • 2017 • 2018 • 2019;;;1:64;Vehicles List;Peugeot_Vehicles;https://static.wikia.nocookie.net/majorette_model_cars/images/f/fe/Peugeot_508_SW_%28black%2C_D5S%29.jpg/revision/latest?cb=20210403220459;205I.jpg
205G;Peugeot 4007;Peugeot;Serie 200 Single Asst.;2009 • 2010 • 2011 • 2012 • 2013 • 2014] • 2015 • 2016;;;1:64;Vehicles List;Peugeot_Vehicles;https://static.wikia.nocookie.net/majorette_model_cars/images/c/c1/Peugeot_4007_%28tan%2C_5FS%29_2009.jpg/revision/latest?cb=20201020215419;205G.jpg
205F;Peugeot 107;Peugeot;200 serie;2006 • 2007 • 2008 • 2009 • 2010 • 2011 • 2012 • 2013;;;1:64;Vehicles List;Peugeot_Vehicles;https://static.wikia.nocookie.net/majorette_model_cars/images/f/ff/Majorette_Peugeot_107_%28yellow%2C_5V_wheels%29.jpg/revision/latest?cb=20210613144706;205F.jpg
205H;Peugeot Bipper;Peugeot;Single Asst;2009 • 2010 • 2011 • 2012 • 2013 • 2014;;;1:64;Vehicles List;Peugeot_Vehicles;https://static.wikia.nocookie.net/majorette_model_cars/images/e/e0/Majorette_Peugeot_Bipper_%28black%29.jpg/revision/latest?cb=20201201113437;205H.jpg
205E;Peugeot 407;Peugeot;Serie 200 Single Asst.;2005 • 2006 • 2007 • 2008 • 2009 • 2010 • 2011 • 2012 • 2013 • 2014;;;1:64;Vehicles List;Peugeot_Vehicles;https://static.wikia.nocookie.net/majorette_model_cars/images/5/5d/Peugeot_407_%28blue%2C_5SW%29.jpg/revision/latest?cb=20200704214155;205E.jpg
205D;Peugeot 307 WRC;Peugeot;Champions Racing Cars;2004 • 2005 • 2006 • 2007 • 2008 • 2009 • 2010 • 2011 • 2012 • 2013;;;1:64;Vehicles List;Peugeot_Vehicles;https://static.wikia.nocookie.net/majorette_model_cars/images/9/99/Peugeot_307_WRC_%28red%29_2004.jpg/revision/latest?cb=20210718183214;205D.jpg
205C;Peugeot 307;Peugeot;200 serie;2004 • 2005 • 2006 • 2007 • 2008 • 2009 • 2010 • 2011;;;1:64;Vehicles List;Peugeot_Vehicles;https://static.wikia.nocookie.net/majorette_model_cars/images/a/aa/Peugeot_307.png/revision/latest?cb=20250813085621;205C.jpg
205B;Peugeot 206 WRC;Peugeot;Champions Racing Cars;2004 • 2005 • 2006 • 2007 • 2008 • 2009 • 2010 • 2011 • 2012 • 2013;;;1:64;Vehicles List;Peugeot_Vehicles;https://static.wikia.nocookie.net/majorette_model_cars/images/3/36/Peugeot_206_WRC_Great_Britain_2003.jpg/revision/latest?cb=20200906193905;205B.jpg
206A;Peugeot 206 cc;Peugeot;200 serie;2003 • 2004 • 2005 • 2006 • 2007 • 2008 • 2009 • 2010 • 2011 •2012 • 2013 • 2014;;;1:64;Vehicles List;Peugeot_Vehicles;https://static.wikia.nocookie.net/majorette_model_cars/images/4/47/Peugeot_206_cc_%28gray%29_2003.jpg/revision/latest?cb=20240429135727;206A.jpg
205;Peugeot 206;Peugeot;200 serie;1999 • 2000 • 2001 • 2002 • 2003 • 2004 • 2005 • 2006 • 2007 • 2008 • 2009 • 2010 • 2011 • 2012 • 2013;;;1:64;Vehicles List;Peugeot_Vehicles;https://static.wikia.nocookie.net/majorette_model_cars/images/d/dc/206_nr205_majo.jpg/revision/latest?cb=20220424102106;205_11.jpg
218;Peugeot 406;Peugeot;Serie 200;1997 • 1998 • 1999 • 2000 • 2001 • 2002 • 2003 • 2004 / 2007;;;1:64;Vehicles List;Peugeot_Vehicles;https://static.wikia.nocookie.net/majorette_model_cars/images/3/31/Majorette_Peugeot_406_%28metalflake_blue%2C_black_side_protection_strips%29.jpg/revision/latest?cb=20200816181531;218_10.jpg
106;Peugeot 605;Peugeot;Novacar;1994 • 1995 • 1996;;;1:64;Vehicles List;Peugeot_Vehicles;https://static.wikia.nocookie.net/majorette_model_cars/images/5/51/Majorette_Peugeot_605_%28white%29.jpg/revision/latest?cb=20220513120745;106.jpg
202;Peugeot 405 T 16;Peugeot;Serie 200;1990 • 1991 • 1992 • 1993 • 1994 • 1995 • 1996 • 1997 • 1998 • 2001;;;1:64;Vehicles List;Peugeot_Vehicles;https://static.wikia.nocookie.net/majorette_model_cars/images/7/73/Peugeot_405_T_16_%28white%2C_blue_bumpers%29.jpg/revision/latest?cb=20200930160324;202_5.jpg
218;Peugeot 405 MI 16;Peugeot;Serie 200;1989 • 1990 • 1991 • 1992 • 1993 • 1994 • 1995;;;1:64;Vehicles List;Peugeot_Vehicles;https://static.wikia.nocookie.net/majorette_model_cars/images/b/b8/Majorette_Peugeot_405_MI_16_%28red%2C_black_interior%2C_MI_16_on_sides%2C_8DOT_wheels%29.jpg/revision/latest?cb=20201114152618;218_4.jpg
210;Peugeot 205 CTI;Peugeot;200 serie;1988 • 1989 • 1990 • 1991 • 1992 • 1993 • 1994;;;1:64;Vehicles List;Peugeot_Vehicles;https://static.wikia.nocookie.net/majorette_model_cars/images/8/8c/Majorette_Peugeot_205_CTI_%28metallic_blue%2C_CTI%29.jpg/revision/latest?cb=20200726104142;210_7.jpg
281;Peugeot 205 GTI;Peugeot;200 serie;1985 • 1986 • 1987 • 1988 • 1989 • 1990 • 1991 • 1992 • 1993 • 1994 • 1995;;;1:64;Vehicles List;Peugeot_Vehicles;https://static.wikia.nocookie.net/majorette_model_cars/images/b/b2/Majorette_Peugeot_205_GTI_%28metallic_blue%2C_gold_peugeot_logo_on_hood%29.jpg/revision/latest?cb=20200726151757;281_1.jpg
238;Peugeot 604;Peugeot;Serie 200;1977 • 1978 • 1979 • 1980 • 1981 • 1982 • 1983;;;1:64;Vehicles List;Peugeot_Vehicles;https://static.wikia.nocookie.net/majorette_model_cars/images/1/12/Majorette_Peugeot_604_%28metallic_dark_red%2C_3S_wheels%29.jpg/revision/latest?cb=20200719105121;238_1.jpg
239;Peugeot 504;Peugeot;Serie 200;1970 • 1971 • 1972;;;1:64;Vehicles List;Peugeot_Vehicles;https://static.wikia.nocookie.net/majorette_model_cars/images/b/bc/Peugeot_504_%28green%29_1972.jpg/revision/latest?cb=20200720172503;239_1.jpg
230;Peugeot 204 Cabriolet;Peugeot;200 serie;1968 • 1969 • 1970 • 1971 • 1972 • 1973;;;1:64;Vehicles List;Peugeot_Vehicles;https://static.wikia.nocookie.net/majorette_model_cars/images/a/a9/Peugeot_204_Cabriolet_%28blue%2C_WHLL%29.jpg/revision/latest?cb=20210819115127;230_17.jpg
206;Peugeot 404;Peugeot;Serie 200;1967 • 1968 • 1969 • 1970 • 1971;;;1:64;Vehicles List;Peugeot_Vehicles;https://static.wikia.nocookie.net/majorette_model_cars/images/6/6f/Majorette_Peugeot_404_%28white%2C_ambulance%29.jpg/revision/latest?cb=20220513121023;206.jpg
216;Plymouth Fury Police Car;Plymouth;200 serie;1973 • 1974 • 1975 • 1976 • 1977 • 1978 • 1979 • 1980;;;1:64;Vehicles List;Plymouth_Vehicles;https://static.wikia.nocookie.net/majorette_model_cars/images/2/26/Majorette_Plymouth_Fury_Police_Car_%28blue%2C_amber_strobelights%2C_5BL_wheels%29.jpg/revision/latest?cb=20201111111411;216.jpg
249A;Polaris RZR XP® 4 1000 EPS;Majorette;Explorer Asst Discovery Pack;2018 - 2019 - 2020;;;1:64;Vehicles List;Polaris_Vehicles;https://static.wikia.nocookie.net/majorette_model_cars/images/f/f2/Polaris_RZR_XP%C2%AE_4_1000_EPS_anthracite_yellow_249A.jpg/revision/latest?cb=20201030193237;249A_2.jpg
212;Pontiac Firebird (4th Generation);Pontiac;200 serie;1994 • 1995 • 1996 • 1997 • 1998 • 1999 • 2000 • 2001 • 2002 • 2003 • 2004 • 2005 • 2006 • 2007 / 2010 • 2011 / 2013;;;1:64;Vehicles List;Pontiac_Vehicles;https://static.wikia.nocookie.net/majorette_model_cars/images/b/b7/Pontiac_Firebird_4th_generation_%28yellow%2C_1994%29.jpg/revision/latest?cb=20200704230423;212_5.jpg
279;Stock Car (Pontiac);Pontiac;200 serie - SuperS - Speed Wheelers;1993 • 1994 • 1995 • 1996 • 1997 • 1998 • 1999 • 2000 • 2001 • 2002 • 2003;;;1:64;Vehicles List;Pontiac_Vehicles;https://static.wikia.nocookie.net/majorette_model_cars/images/a/ab/Majorette_Stock_Car_%28black%2C_yellow_interior%2C_2_bolids_on_sides%2C_no_tampo_on_roof_or_hood%2C_moving_FW%29%29.jpg/revision/latest?cb=20200816104509;279_9.jpg
268;Pontiac Trans Sport;Pontiac;200 serie;1993 • 1994 • 1995 • 1996 • 1997 • 1998 • 1999 • 2000 • 2001;;;1:64;Vehicles List;Pontiac_Vehicles;https://static.wikia.nocookie.net/majorette_model_cars/images/6/68/Pontiac_Trans_Sport_%28red%2C_white_interior%2C_6S%29.jpg/revision/latest?cb=20201024193042;268_10.jpg
258;Pontiac Firebird Pro Stock;Pontiac;200 serie;1989 • 1990 • 1991 • 1992 • 1993 • 1994 • 1995;;;1:64;Vehicles List;Pontiac_Vehicles;https://static.wikia.nocookie.net/majorette_model_cars/images/f/f8/Majorette_Pontiac_Firebird_Pro_Stocker_%28white%29.jpg/revision/latest?cb=20220731130119;258_3.jpg
206;Pontiac Fiero;Pontiac;200 serie;1985 • 1986 • 1987 • 1988 • 1989 • 1990 • 1991;;;1:64;Vehicles List;Pontiac_Vehicles;https://static.wikia.nocookie.net/majorette_model_cars/images/3/3e/Majorette_Pontiac_Fiero_%28white_%26_blue%2C_no_tampos%29.jpg/revision/latest?cb=20220526175705;206_4.jpg
248 - 293;Pontiac Firebird;Pontiac;200 serie;1983 • 1984 • 1985 • 1986 • 1987 • 1988 • 1989 • 1990 • 1991 • 1992 • 1993;;;1:64;Vehicles List;Pontiac_Vehicles;https://static.wikia.nocookie.net/majorette_model_cars/images/9/95/Majorette_Pontiac_Firebird_%28black%2C_trans_am%2C_red_interior%2C_ELO_wheels%29.jpg/revision/latest?cb=20210909155712;248_1.jpg
211C;Porsche 718 Cayman GT4;Porsche;Street Cars;2026;;;1:64;Vehicles List;Porsche_Vehicles;https://static.wikia.nocookie.net/majorette_model_cars/images/a/af/2026718CaymanGT4.png/revision/latest?cb=20260824074643;211C.jpg
MAJ-PORSCHE_550_;Porsche 550 Spyder (1955);Porsche;Collection;2025;;;1:64;Vehicles List;Porsche_Vehicles;https://static.wikia.nocookie.net/majorette_model_cars/images/2/2d/Porsche_550_spyder_1955_silver.JPG/revision/latest?cb=20251112211936;MAJ-PORSCHE_550.jpg
MAJ-PORSCHE_930_;Porsche 930 (1975);Porsche;Collection;2025;;;1:64;Vehicles List;Porsche_Vehicles;https://static.wikia.nocookie.net/majorette_model_cars/images/4/4b/Porsche_911_%28930%29_1985.JPG/revision/latest?cb=20250815112818;MAJ-PORSCHE_930.jpg
209R;Porsche 911 GT3 Cup (992);Porsche;Porsche Edition 5 Pieces Giftpack - Deluixe Cars - Limited Edition Serie 10 - Colour Trace - Racing Pit Stop Pack;2023 • 2024 • 2025 • 2026;;;1:64;Vehicles List;Porsche_Vehicles;https://static.wikia.nocookie.net/majorette_model_cars/images/b/bb/Porsche_911_GT3_Cup.jpg/revision/latest?cb=20250131101650;209R_3.jpg
269F;Porsche 935 K3;Porsche;Porsche Edition 5 Pieces Giftpack - Porsche Motorsport Race Trailer - Porsche Motorsport Deluxe Cars - Racing Pit Stop Pack;2023 • 2024 • 2025 • 2026;;;1:64;Vehicles List;Porsche_Vehicles;https://static.wikia.nocookie.net/majorette_model_cars/images/1/13/Porsche935K3.jpg/revision/latest?cb=20250124183941;269F_1.jpg
269E;Porsche 911 Carrera RS 2.7;Porsche;Porsche Motorsport Premium Cars - Porsche Motorsport Deluxe Cars - Porsche Edition 5 Pieces Giftpack - Porsche Experience Center Liepzig - Casthead Premium Cars - 60Th Anniversary Edition Deluxe Cars - Racing Pit Stop Pack;2023 • 2024 • 2025 • 2026;;;1:64;Vehicles List;Porsche_Vehicles;https://static.wikia.nocookie.net/majorette_model_cars/images/f/f1/Porsche_Black.jpg/revision/latest?cb=20250131093415;269E_2.jpg
211B;Porsche Vision Gran Turismo;Porsche;Porsche Motorsport Premium Cars;2023 • 2024 • 2025 • 2026;;;1:64;Vehicles List;Porsche_Vehicles;https://static.wikia.nocookie.net/majorette_model_cars/images/4/48/Porsche_vision_gran_turismo_toy_fair.JPG/revision/latest?cb=20251112211024;211B_2.jpg
247C;Porsche 917;Porsche;Vintage Cars - Porsche 917 Giftpack - Porsche Edition Giftpack 2021 + 2022 - Porsche Premium Cars 2021 + 2022 - Porsche Edition Discovery Pack 20 + 2 - Vintage Giftpack 2022 - Racing Cars - Porsche Motorsport Race Trailer - Limited Edition Serie 9 - Racing Pit Stop Pack;2021 • 2022 • 2023 • 2024 • 2025 • 2026;;;1:64;Vehicles List;Porsche_Vehicles;https://static.wikia.nocookie.net/majorette_model_cars/images/4/49/Porsche_917_%28red%29_2021.jpg/revision/latest?cb=20220319181807;247C.jpg
209P;Porsche Taycan Turbo S;Porsche;Porsche Deluxe Cars - Porsche Motorsport Race Trailer - Pink Slips - Deluxe Cars;2021 • 2022 • 2023 • 2024 • 2025 • 2026;;;1:64;Vehicles List;Porsche_Vehicles;https://static.wikia.nocookie.net/majorette_model_cars/images/0/0e/Majorette_Porsche_tayman_Turbo_S_%28maroon%29.jpg/revision/latest?cb=20220724165558;209P_5.jpg
209J;Porsche Cayenne Turbo S E-Hybrid;Porsche;Porsche Premium Cars - Porsche Experience Center - Porsche Motorsport Race Trailer - Pink Slips;2020 • 2021 • 2022 • 2023 • 2024 • 2025 • 2026;;;1:64;Vehicles List;Porsche_Vehicles;https://static.wikia.nocookie.net/majorette_model_cars/images/0/0e/Porsche_Premium_Cars_2020_Porsche_Premium_Cars_orange.jpg/revision/latest?cb=20200621080252;209J.jpg
209K;Porsche 911 Carrera S (992);Porsche;Porsche Deluxe Cars - Porsche Premium - Porsche Edition Discovery Pack 20 + 2 - Pink Slips - Giftpack Porsche Edition - Adventure Force;2020 • 2021 • 2022 • 2023 • 2024 • 2025 • 2026;;;1:64;Vehicles List;Porsche_Vehicles;https://static.wikia.nocookie.net/majorette_model_cars/images/e/e1/Porsche_911_Carrera_S_2020_Porsche_Deluxe_Cars_yellow_ski_on_roof.jpg/revision/latest?cb=20200810160905;209K.jpg
209I;Porsche Panamera Turbo;Porsche;S.O.S. Cars - Dubai Police Super Cars Giftpack - Discovery Pack 30 + 3 - Porsche Premium Cars 2020 + 2021 + 2022 - Porsche Edition Giftpack 2020 + 2021 + 2022 - Porsche Motorsport Race Trailer - PorscheMotorsport Premium Cars - Adventure Trailer;2019 • 2020 • 2021 • 2022 • 2023 • 2024 • 2025 • 2026;;;1:64;Vehicles List;Porsche_Vehicles;https://static.wikia.nocookie.net/majorette_model_cars/images/c/c7/Porsche_Panamera_Turbo_2020_Polizei_M%C3%BCller_Exclusive.jpg/revision/latest?cb=20200616161359;209I.jpg
209H;Porsche 911 GT3 RS (991);Porsche;Premium Cars - Racing Cars - Porsche Edition Discovery pack 20 + 2 - Limited Edition 5 - Porsche Edition Giftpack - Porsche 911 GT3 Carry Case - Limited Edition 6 - Porsche Experience Truck - Pink Slips - Europa Park Series;2018 • 2019 • 2020 • 2021 • 2022 • 2023 • 2024 • 2025 • 2026;;;1:64;Vehicles List;Porsche_Vehicles;https://static.wikia.nocookie.net/majorette_model_cars/images/3/3d/Porsche_911_GT_3_RS_Premium_Cars_turquoise.jpg/revision/latest?cb=20200704195616;209H_1.jpg
269C;Porsche 934;Porsche;Vintage Cars - Vintage Giftpack 2017 - Vintage Giftpack 2018 - Vintage Giftpack 2019 - Vintage Giftpack 2020 - Vintage Giftpack 2021 - Vintage Deluxe Cars - Porsche Premium Cars 2020 + 2021 - Porsche Experience center - Porsche Premium Cars 2022 - Adventure Force;2017 • 2018 • 2019 • 2020 • 2021 • 2022 • 2023 • 2024 • 2025;;;1:64;Vehicles List;Porsche_Vehicles;https://static.wikia.nocookie.net/majorette_model_cars/images/4/4b/Porsche_934_Vaillant.jpg/revision/latest?cb=20200605201531;269C_1.jpg
209G;Porsche 718 Boxster;Porsche;Premium Cars - Discovery Pack 30 + 2 - Quick gift box - Porsche Edition Giftpack - Porsche Edition Premium Cars - Porsche Experience center;2017 • 2018 • 2019 • 2020 • 2021 • 2022 • 2023;;;1:64;Vehicles List;Porsche_Vehicles;https://static.wikia.nocookie.net/majorette_model_cars/images/8/8d/Porsche_718_Boxster_gelb.jpg/revision/latest?cb=20200605201159;209G.jpg
209F;Porsche 918 Spyder;Porsche;Street Cars - Racing Cars - City Trailer Asst. - Limited Edtions Serie 2, 5, 6, 11, - Racing Pit Stop Pack - Pink Slips - Porsche Motorsport Race Trailer;2015 • 2016 • 2017 • 2018 • 2019 • 2020 • 2021 • 2022 • 2023 • 2024 • 2025 • 2026;;;1:64;Vehicles List;Porsche_Vehicles;https://static.wikia.nocookie.net/majorette_model_cars/images/0/09/Porsche_918_Spyder_metallic_blue_2016_gift_pack.jpg/revision/latest?cb=20220518130551;209F.jpg
209E;Porsche 911 Carrera (997);Porsche;Single Asst. - Street Cars - Limited Edition 2 - Limited Edition 3;2012 • 2013 • 2014 • 2015 • 2016 • 2017;;;1:64;Vehicles List;Porsche_Vehicles;https://static.wikia.nocookie.net/majorette_model_cars/images/2/28/Porsche_911_carrera_%28metallic_silver%2C_2012%29.jpg/revision/latest?cb=20200705184833;209E.jpg
209D;Porsche 911 GT3 (997);Porsche;Single Asst. - Premium Cars - Racing Cars - Limited Edition 1 - Limited Edition 2;2011 • 2012 • 2013 • 2014 • 2015 • 2016 • 2017;;;1:64;Vehicles List;Porsche_Vehicles;https://static.wikia.nocookie.net/majorette_model_cars/images/d/d9/Porsche_911_GT_3_schwarz.jpg/revision/latest?cb=20200605201441;209D.jpg
209C;Porsche Cayenne Turbo S;Porsche;Single. Asst. - Premium Cars - Giftpack Premium Cars -;2011 • 2012 • 2013 • 2014 • 2015 • 2016 • 2017 • 2018 • 2019 • 2020;;;1:64;Vehicles List;Porsche_Vehicles;https://static.wikia.nocookie.net/majorette_model_cars/images/8/81/Porsche_Cayenne_Turbo_S_-_anthrazit.jpg/revision/latest?cb=20200605201556;209C_3.jpg
209B;Porsche Panamera;Porsche;Single Asst. -Street Cars - S.O.S. Cars - City Asst.;2011 • 2012 • 2013 • 2014 • 2015 • 2016 • 2017 • 2018;;;1:64;Vehicles List;Porsche_Vehicles;https://static.wikia.nocookie.net/majorette_model_cars/images/8/85/Majorette_Porsche_Panamera_%28dark_olive%2C_5V_wheels%29.jpg/revision/latest?cb=20201021164738;209B.jpg
REF:5;Porsche Cayenne (955);Porsche;Single Asst.;2011;;;1:64;Vehicles List;Porsche_Vehicles;https://static.wikia.nocookie.net/majorette_model_cars/images/4/4f/Porsche_Cayenne_955.png/revision/latest?cb=20251009144143;REF-5.jpg
209A;Porsche 996;Porsche;200 serie - Champions - Speed Wheelers - Pullback Motor Cars;1999 • 2000 • 2001 • 2002 • 2003 • 2004 • 2005 • 2006 • 2007 • 2008 • 2009 • 2010 • 2011 • 2012 • 2013 • 2014 • 2015;;;1:64;Vehicles List;Porsche_Vehicles;https://static.wikia.nocookie.net/majorette_model_cars/images/9/90/Porsche_996_%28yellow%29_1999.jpg/revision/latest?cb=20200912194301;209A.jpg
269;Porsche Boxster;Porsche;200 serie - SuperS - Speed Wheelers;1996 • 1997 • 1998 • 1999 • 2000 • 2001 • 2002 • 2003 • 2004 • 2005 • 2006 • 2007;;;1:64;Vehicles List;Porsche_Vehicles;https://static.wikia.nocookie.net/majorette_model_cars/images/3/34/Majorette_Porsche_Boxster_%28metalflake_gold%2C_tan_interior%2C_5DOTS_wheels%29.jpg/revision/latest?cb=20220325224628;269_9.jpg
235;Sport Proto;Majorette;Novacar - Sonic Flashers - 200 serie;1990 • 1991 • 1992 • 1993 • 1994 • 1995 • 1996 • 1997 • 1998 • 1999 • 2000 • 2001 • 2002 • 2003 • 2004;;;1:64;Vehicles List;Porsche_Vehicles;https://static.wikia.nocookie.net/majorette_model_cars/images/c/ca/Sport_Proto_%28white%2C_sonic_flashers%29.jpg/revision/latest?cb=20221011192844;235_14.jpg
2304/247b;Porsche 928;Porsche;Sonic Flashers - 200 serie;1989 • 1990 • 1991 • 1992 • 1993 • 1994 • 1999 • 2000 • 2001;;;1:64;Vehicles List;Porsche_Vehicles;https://static.wikia.nocookie.net/majorette_model_cars/images/a/a4/Porsche_928_sonic_flashers_blanc_police.JPG/revision/latest?cb=20260224094746;2304-247b.jpg
MAJ-PORSCHE_TURB;Porsche Turbo (MOTOR);Porsche;MOTOR;1985 • 1986 • 1987 • 1988 • 1989 • 1990 • 1991 • 1992 • 1993 • 1994 • 1995 • 1996 • 1997;;;1:64;Vehicles List;Porsche_Vehicles;https://static.wikia.nocookie.net/majorette_model_cars/images/4/4c/Majorette_Porsche_Turbo_%28MOTOR%29_%28white%2C_turbo_4%29.jpg/revision/latest?cb=20230601152451;MAJ-PORSCHE_TURB.jpg
209;Porsche Turbo;Porsche;200 Serie - Color Pack - Deluxe Collection - Top Chromes - Road Eaters - Tutti Frutti - Speed Wheelers;1983 • 1984 • 1985 • 1986 • 1987 • 1988 • 1989 • 1990 • 1991 • 1992 • 1993 • 1994 • 1995 • 1996 • 1997 • 1998 • 1999 • 2000 • 2001 • 2002 • 2003 • 2004 /• 2009 • 2010;;;1:64;Vehicles List;Porsche_Vehicles;https://static.wikia.nocookie.net/majorette_model_cars/images/f/f9/Majorette_Porsche_Turbo_%28yellow%2C_16%2C_black_%26_red_stripes%2C_white_interior%2C_ELO_wheels%29.jpg/revision/latest?cb=20210909132631;209_10.jpg
247;Porsche 924;Porsche;200 serie -Dallas - Globe Toys;1978 • 1979 • 1980 • 1981 • 1982 • 1983 • 1984 • 1985 / 1989 / 2000 • 2001 • 2002 • 2003 • 2004;;;1:64;Vehicles List;Porsche_Vehicles;https://static.wikia.nocookie.net/majorette_model_cars/images/a/a0/Majorette_Porsche_924_%28green%2C_3S_wheels%29.jpg/revision/latest?cb=20200901194809;247_2.jpg
232;Porsche Le Mans;Porsche;200 serie;1969 • 1970 • 1971 •1972 • 1973 • 1974 • 1975;;;1:64;Vehicles List;Porsche_Vehicles;https://static.wikia.nocookie.net/majorette_model_cars/images/8/85/Majorette_Porsche_Le_Mans_%28metallic_blue%2C_8%2C_5BL_wheels%29.jpg/revision/latest?cb=20200913175616;232.jpg
MAJ-RENAULT_8_GO;Renault 8 Gordini;Renault;Collection;2026;;;1:64;Vehicles List;Renault_Vehicles;https://static.wikia.nocookie.net/majorette_model_cars/images/8/8d/R8_Gordini.png/revision/latest?cb=20260224134416;MAJ-RENAULT_8_GO.jpg
MAJ-RENAULT_5_E-;Renault 5 E-Tech Electric;Renault;Showroom Premium Cars;2026;;;1:64;Vehicles List;Renault_Vehicles;https://static.wikia.nocookie.net/majorette_model_cars/images/2/2e/R5_E-tech.png/revision/latest?cb=20251224163503;MAJ-RENAULT_5_E.jpg
210E;Renault 4L (F4);Renault;French Touch Premium Cars - French Touch Deluxe Cars - Vintage Premium Cars;2024 • 2025 • 2026;;;1:64;Vehicles List;Renault_Vehicles;https://static.wikia.nocookie.net/majorette_model_cars/images/7/72/Renault_4_french_touch.jpg/revision/latest?cb=20250326185426;210E.jpg
221K;Renault Clio 16S;Renault;Youngster 90's Giftpack - Vintage Cars - Limited Edition Serie 10 - Colour Trace - Castheads Premium Cars;2023 • 2024 • 2025 • 2026;;;1:64;Vehicles List;Renault_Vehicles;https://static.wikia.nocookie.net/majorette_model_cars/images/e/e0/Renault_Clio_16S_221K_Blue.jpg/revision/latest?cb=20231210024238;221K.jpg
210C;Renault 12;Renault;Racing Cars;2022 • 2023 • 2024;;;1:64;Vehicles List;Renault_Vehicles;https://static.wikia.nocookie.net/majorette_model_cars/images/8/8f/Renault_12.png/revision/latest?cb=20250904210019;210C.jpg
210B;Renault 5 Turbo;Renault;Vintage Cars - Vintage Cars Giftpack - Vintage 5 Pieces Rusty Giftpack - 60Th Anniversary edition Deluxe - French Touch Monument Giftpack;2020 • 2021 • 2022 • 2023 • 2024 • 2025;;;1:64;Vehicles List;Renault_Vehicles;https://static.wikia.nocookie.net/majorette_model_cars/images/2/23/Renault_5_Turbo_rusty.jpg/revision/latest?cb=20230603153837;210B_6.jpg
222F;Renault Megane IV RS;Renault;Premium Cars - Limited Edition 6 - Color Changers - Limited Edition 7 - Tune Up's Cars serie 1 - Paris Saint-Germain Serie - Tune Up's Car serie 2 - Light Racer Giftpack - Limeted Edition 9 - Tune Up's Car serie 3 - Limited Edition Serie 10 - French Touch Monument Premium Cars - Limited Edition 11 - Racing Cars - French Touch blue range giftpack - Limited Edition 12;2019 • 2020 • 2021 • 2022 • 2023 • 2024 • 2025 • 2026;;;1:64;Vehicles List;Renault_Vehicles;https://static.wikia.nocookie.net/majorette_model_cars/images/b/b4/Renault_Megane_RS_%282019%2C_orange%29.jpg/revision/latest?cb=20200709115938;222F.jpg
210A;Renault Alpine A110;Alpine;Racing Cars - Vintage Cars - Vintage Cars Giftpack - Vintage Deluxe Cars;2017 • 2018 • 2019 • 2020 • 2021 • 2022 • 2023 • 2024 • 2025 • 2026;;;1:64;Vehicles List;Renault_Vehicles;https://static.wikia.nocookie.net/majorette_model_cars/images/5/53/Renault_Alpine_A110_Racing_Cars_210A_metallic_blue_22_Rallye_Monte_Carlo.jpg/revision/latest?cb=20200707173930;210A_1.jpg
206C;Renault Twingo III;Renault;Street Cars - Limited Edition 2 - Limited Edition 3 - Limited Edition 4 - Limited Edition 5 - Limited Edition 6 - Limited Edition 7 - Limited Edition 8 - Limited edition 9 - Limited edition 10 - Holyday Set - Quick Gift - Discovery Pack - Paris Saint-Germain Serie - Urban Garage 60TH Anniversary Edition - French Touch Monument Premium Cars - Showroom Premium Cars;2016 • 2017 • 2018 • 2019 • 2020 • 2021 • 2022 • 2023 • 2024 • 2025 • 2026;;;1:64;Vehicles List;Renault_Vehicles;https://static.wikia.nocookie.net/majorette_model_cars/images/5/52/Renault_Twingo_2018_orange_metallice_gift_pack_glowing_wheels.jpg/revision/latest?cb=20200606094735;206C_1.jpg
221H;Renault Alpine A110-50;Alpine;Street Cars - Racing Cars;2014 • 2015 • 2016 • 2017 • 2018 • 2019;;;1:64;Vehicles List;Renault_Vehicles;https://static.wikia.nocookie.net/majorette_model_cars/images/7/7c/Renault_Alpine_A110-50_Racing_Cars_blue_2014-2019.jpg/revision/latest?cb=20200702211312;221H_1.jpg
239B;Renault Trafic;Renault;Street Cars - City Asst. - Trailer Asst. - Premium Cars - City medium playset - Construction Asst - Pinder - French Touch Deluxe - French Touch Trailer - S.O.S. Cars - Rescue Premium Cars;2014 • 2015 • 2016 • 2017 • 2018 • 2019 • 2020 • 2021 • 2022 • 2023 • 2024 • 2025;;;1:64;Vehicles List;Renault_Vehicles;https://static.wikia.nocookie.net/majorette_model_cars/images/8/80/Renault_Trafic_blue_Electrical_Service_City..jpg/revision/latest?cb=20200722201647;239B_2.jpg
221G;Renault Clio IV Sport;Renault;Racing Cars - Street Cars - Motors - S.O.S. Cars;2013 • 2014 • 2015 • 2016 • 2017 - 2018;;;1:64;Vehicles List;Renault_Vehicles;https://static.wikia.nocookie.net/majorette_model_cars/images/f/fe/Renault_Clio_Sport_Racing_Cars_2013-2016_yellow_golden_checkered_design.jpg/revision/latest?cb=20220830201128;221G.jpg
221F;Renault Scenic III;Renault;Single Asst. - Premium Cars;2012 • 2013 • 2014 • 2015 • 2016;;;1:64;Vehicles List;Renault_Vehicles;https://static.wikia.nocookie.net/majorette_model_cars/images/f/fc/Renault_Szenic_III_%28black%29_2012.jpg/revision/latest?cb=20220426122345;221F.jpg
239C;Renault Master III;Renault;Single Asst. - Construction - S.O.S. - Ride Now;2011 • 2012 • 2013 • 2014 • 2015 • 2016 • 2017 • 2018 • 2019 • 2020 • 2021 • 2022 • 2023 • 2024 • 2025 • 2026;;;1:64;Vehicles List;Renault_Vehicles;https://static.wikia.nocookie.net/majorette_model_cars/images/8/86/Majorette_Renault_Master_%28white%2C_construction_service%29.jpg/revision/latest?cb=20210916175341;239C_1.jpg
222E;Renault Megane IV Coupé;Renault;Single Asst. - Premium Cars - Racing Cars - S.O.S. - Racing Cars - Holyday Set;2010 • 2011 • 2012 • 2013 • 2014 • 2015 • 2016 • 2017 • 2018;;;1:64;Vehicles List;Renault_Vehicles;https://static.wikia.nocookie.net/majorette_model_cars/images/7/75/Renault_M%C3%A9gane_Coup%C3%A9_2016_matt_black_Premium_Cars.jpg/revision/latest?cb=20200606094637;222E_3.jpg
288B;Renault Kangoo II Express;Renault;Single Asst. - Street Cars - City Asst. - Premium Cars - Pinder - French Touch Deluxe Cars - Showroom Premium Cars;2010 • 2011 • 2012 • 2013 • 2014 • 2015 • 2016 • 2017 • 2018 • 2019 • 2020 • 2021 • 2022 • 2023 • 2024 • 2025 • 2026;;;1:64;Vehicles List;Renault_Vehicles;https://static.wikia.nocookie.net/majorette_model_cars/images/3/32/Renault_Kangoo_Express_%28metallic_silver%2C_5CSS%29_2010.jpg/revision/latest?cb=20241214074812;288B.jpg
222D;Renault Megane Trophy;Renault;Single asst. - Racing Cars;2010 • 2011 • 2012 • 2013 • 2014 • 2015 • 2016 • 2017 • 2018;;;1:64;Vehicles List;Renault_Vehicles;https://static.wikia.nocookie.net/majorette_model_cars/images/8/82/Renault_Megane_Trophy_%28yellow%3B_black_prints%29.jpg/revision/latest?cb=20230601210715;222D.jpg
206B;Renault Twingo II;Renault;Single Asst. - 50 Years Anniversary Majorette;2008 • 2009 • 2010 • 2011 • 2012 • 2013 • 2014;;;1:64;Vehicles List;Renault_Vehicles;https://static.wikia.nocookie.net/majorette_model_cars/images/3/30/Renault_Twingo_MK2_blue_2014_50_years_Majorette.jpg/revision/latest?cb=20200630155846;206B_2.jpg
221E;Renault Clio III;Renault;200 serie - Single asst. - S.O.S. - Racing Cars;2006 • 2007 • 2008 • 2009 • 2010 • 2011 • 2012 • 2013 • 2014;;;1:64;Vehicles List;Renault_Vehicles;https://static.wikia.nocookie.net/majorette_model_cars/images/e/e4/Majorette_Renault_Clio_B85_%28metallic_silver%29.jpg/revision/latest?cb=20200727200205;221E.jpg
221C;Renault Megane II;Renault;200 serie - Single asst. - S.O.S. - Racing Cars;2004 • 2005 • 2006 • 2007 • 2008 • 2009 • 2010 • 2011 • 2012;;;1:64;Vehicles List;Renault_Vehicles;https://static.wikia.nocookie.net/majorette_model_cars/images/2/22/Renault_Megane_II_%28gray%2C_6S%29.jpg/revision/latest?cb=20220529121211;221C.jpg
221D;Renault Scenic II;Renault;200 serie - Single asst.;2004 • 2005 • 2006 • 2007 • 2008 • 2009 • 2010 • 2011;;;1:64;Vehicles List;Renault_Vehicles;https://static.wikia.nocookie.net/majorette_model_cars/images/6/69/Renault_Scenic_II_%28red%2C_6S_wheels%29_2004.jpg/revision/latest?cb=20200926163227;221D.jpg
221A;Renault Scenic I;Renault;200 serie;2000 • 2001 • 2002 • 2003 • 2004 • 2007;;;1:64;Vehicles List;Renault_Vehicles;https://static.wikia.nocookie.net/majorette_model_cars/images/f/f9/Renault_Scenic_GReen2.webp/revision/latest?cb=20201118171958;221A_2.jpg
288 - 289;Renault Kangoo;Renault;200 serie - Pinder - Single Asst.;1998 • 1999 • 2000 • 2001 • 2002 • 2003 • 2004 • 2005 • 2006 • 2007 • 2008 • 2009 • 2010 • 2011 • 2012 • 2013 • 2014;;;1:64;Vehicles List;Renault_Vehicles;https://static.wikia.nocookie.net/majorette_model_cars/images/d/d1/Majorette_Renault_Kangoo_%28yellow%2C_black_artwork%29.jpg/revision/latest?cb=20200717135900;288.jpg
206;Renault Twingo;Renault;200 serie;1995 • 1996 • 1997 • 1998 • 1999 • 2000 • 2001 • 2002 • 2003 • 2004 • 2005 • 2006 • 2007;;;1:64;Vehicles List;Renault_Vehicles;https://static.wikia.nocookie.net/majorette_model_cars/images/1/1a/Majorette_Renault_Twingo_%28metalflake_dark_green%29.jpg/revision/latest?cb=20200808132904;206_10.jpg
272;Renault Espace II;Renault;200 serie - Novacar;1994 • 1995 • 1996 • 1997 • 1998 • 1999 • 2000 • 2001 • 2002 • 2003 • 2004;;;1:64;Vehicles List;Renault_Vehicles;https://static.wikia.nocookie.net/majorette_model_cars/images/1/10/Renault_Espace_%28white%2C_ambulance%29_1997.jpg/revision/latest?cb=20210407141342;272_6.jpg
225;Renault 19 Cabriolet;Renault;200 serie;1993 • 1994 • 1995 • 1996 • 1997 • 1998;;;1:64;Vehicles List;Renault_Vehicles;https://static.wikia.nocookie.net/majorette_model_cars/images/b/b8/Majorette_Renault_19_Cabriolet_%28white%2C_vive_le_sport%29.jpg/revision/latest?cb=20220529115018;225_3.jpg
221;Renault Safrane;Renault;200 serie;1992 • 1993 • 1994 • 1995 • 1996 • 1997;;;1:64;Vehicles List;Renault_Vehicles;https://static.wikia.nocookie.net/majorette_model_cars/images/5/54/Renault_Safrane_%28blue%29_1992.jpg/revision/latest?cb=20240504121104;221_9.jpg
270;Renault Clio;Renault;200 serie;1991 • 1992 • 1993 • 1994• 1995 • 1996 • 1997 • 1998 • 1999 • 2000 • 2001 • 2002 • 2003;;;1:64;Vehicles List;Renault_Vehicles;https://static.wikia.nocookie.net/majorette_model_cars/images/7/7a/Majorette_Renault_Clio_%28red%2C_clio_on_sides%2C_black_interior%29.jpg/revision/latest?cb=20200727192004;270_4.jpg
233;Renault Express;Renault;200 serie;1988 • 1989 • 1990 • 1991 • 1992 • 1993 • 1994 • 1995 • 1996 • 1997;;;1:64;Vehicles List;Renault_Vehicles;https://static.wikia.nocookie.net/majorette_model_cars/images/2/28/Majorette_Renault_Express_%28orange%2C_europcar%2C_black_rear_doors%29.jpg/revision/latest?cb=20230525215020;233_5.jpg
205;Renault 5 Supercinq GT Turbo;Renault;200 serie;1987 • 1988 • 1989 • 1990 • 1991 • 2001 • 2002;;;1:64;Vehicles List;Renault_Vehicles;https://static.wikia.nocookie.net/majorette_model_cars/images/1/11/Majorette_Renault_Supercinq_GT_Turbo_%28blue%2C_pink_interior%29.jpg/revision/latest?cb=20200926135911;205_7.jpg
222;Renault 25;Renault;200 serie;1987 • 1988 • 1989 • 1990 • 1991;;;1:64;Vehicles List;Renault_Vehicles;https://static.wikia.nocookie.net/majorette_model_cars/images/7/7e/Majorette_Renault_25_%28metallic_burgundy%29.jpg/revision/latest?cb=20201116150923;222_4.jpg
275;Renault 11;Renault;200 serie;1984 • 1985 • 1986 • 1987 • 1988;;;1:64;Vehicles List;Renault_Vehicles;https://static.wikia.nocookie.net/majorette_model_cars/images/b/ba/R11.jpg/revision/latest?cb=20200717232921;275_6.jpg
3025;Renault Master T35;Renault;3000 serie;;;;1:64;Vehicles List;Renault_Vehicles;https://static.wikia.nocookie.net/majorette_model_cars/images/d/d4/Renault_Master_T35.png/revision/latest?cb=20260513203130;3025.jpg
252;Renault JP4;Renault;200 serie;1983 • 1984 • 1985 • 1986 • 1987 • 1993 • 1994 • 1995 • 1996 • 1997;;;1:64;Vehicles List;Renault_Vehicles;https://static.wikia.nocookie.net/majorette_model_cars/images/d/dd/Majorette_Renault_JP4_%28red%2C_6S_wheels%2C_full_bumper%29.jpg/revision/latest?cb=20200809191851;252_3.jpg
280;Renault 5 (5 doors);Renault;200 serie;1983 • 1984 • 1985 • 1986;;;1:64;Vehicles List;Renault_Vehicles;https://static.wikia.nocookie.net/majorette_model_cars/images/1/1e/Majorette_Renault_5_%285_doors%29_%28green%2C_black_orange_yellow_stripes%29.jpg/revision/latest?cb=20200714125747;280.jpg
MAJ-RENAULT_5_TU;Renault 5 Turbo (MOTOR);Renault;MOTOR;1983 • 1984 • 1985 • 1986 • 1987 • 1988 • 1989 • 1990 • 1991 • 1992 • 1993 • 1994 • 1995 • 1996 • 1997;;;1:64;Vehicles List;Renault_Vehicles;https://static.wikia.nocookie.net/majorette_model_cars/images/4/4c/Majorette_Renault_5_Turbo_%28motor%29_%28black%29.jpg/revision/latest?cb=20230527105004;MAJ-RENAULT_5_TU.jpg
255;Renault Maxi 5 Turbo;Renault;200 serie;1984 • 1985 • 1986 • 1987;;;1:64;Vehicles List;Renault_Vehicles;https://static.wikia.nocookie.net/majorette_model_cars/images/5/53/Majorette_Renault_Maxi_5_Turbo_%28dark_blue%2C_philips_3%2C_yellow_windows%2C_ELO_wheels%29.jpg/revision/latest?cb=20220224163458;255_6.jpg
255;R5 Turbo;Majorette;200 serie;1981 • 1982 • 1983 • 1984 • 1985;;;1:64;Vehicles List;Renault_Vehicles;https://static.wikia.nocookie.net/majorette_model_cars/images/b/bb/Majorette_R_5_Turbo_%28red%2C_light_orange_interior%2C_6S_wheels%29.jpg/revision/latest?cb=20220224161756;255_5.jpg
MAJ-RENAULT_ALPI;Renault Alpine A310 (MOTOR);Alpine;MOTOR Serie;1980 • 1981 • 1982 • 1983 • 1984 • 1985 • 1986;;;1:64;Vehicles List;Renault_Vehicles;https://static.wikia.nocookie.net/majorette_model_cars/images/a/a2/Renault_Alpine_A310_white_pulback.jpg/revision/latest?cb=20200606094611;MAJ-RENAULT_ALPI.jpg
266;Renault 18;Renault;200 serie;1979 • 1980 • 1981 • 1982 • 1983 • 1984 • 1985;;;1:64;Vehicles List;Renault_Vehicles;https://static.wikia.nocookie.net/majorette_model_cars/images/4/45/Majorette_Renault_18_Taxi_%28yellow%2C_blue_windows%2C_3S_wheels%29.jpg/revision/latest?cb=20210410133452;266_1.jpg
264;Renault Alpine A310;Alpine;200 Serie;1979 • 1980 • 1981 • 1982 • 1983 • 1984 • 1985;;;1:64;Vehicles List;Renault_Vehicles;https://static.wikia.nocookie.net/majorette_model_cars/images/5/54/Majorette_Alpine_Renault_A310_%28white_S.O.S%29.jpg/revision/latest?cb=20210221150450;264_1.jpg
230;Renault 4 L (F4);Renault;200 serie;1975 • 1976 • 1977 • 1978 • 1979 • 1980 • 1981 • 1982;;;1:64;Vehicles List;Renault_Vehicles;https://static.wikia.nocookie.net/majorette_model_cars/images/f/f6/Majorette_Renault_4_L_%28yellow%2C_renault_logo%2C_3S_wheels%29.jpg/revision/latest?cb=20220724163627;230_1.jpg
257;Renault 5;Renault;200 serie;1973 • 1974 • 1975 • 1976 • 1977 • 1978 • 1979 • 1980 • 1981;;;1:64;Vehicles List;Renault_Vehicles;https://static.wikia.nocookie.net/majorette_model_cars/images/0/0e/Majorette_Renault_5_%28red%2C_3SS_wheels%29.jpg/revision/latest?cb=20200714121205;257.jpg
260;Renault 17 TS;Renault;200 serie;1973 • 1974 • 1975 • 1976 • 1977 • 1978;;;1:64;Vehicles List;Renault_Vehicles;https://static.wikia.nocookie.net/majorette_model_cars/images/1/16/Majorette_renault_17_TS_%28pink%2C_NUC%29.jpg/revision/latest?cb=20201211192442;260.jpg
221;Renault 16;Renault;200 serie;1967 • 1968 • 1969 • 1970 • 1971 • 1972;;;1:64;Vehicles List;Renault_Vehicles;https://static.wikia.nocookie.net/majorette_model_cars/images/8/8a/Renault_16_%28blue%2C_red_interior%2C_WHLL%29.jpg/revision/latest?cb=20210112155750;221.jpg
1006;Rolls Royce Cornich II;Rolls-Royce;Deluxe Collection: Serie 1000;1990 • 1991 • 1992 • 1993;;;1:64;Vehicles List;Rolls_Royce_Vehicles;https://static.wikia.nocookie.net/majorette_model_cars/images/8/83/Rolls_Royce_Corniche_II_%28tan%2C_deluxe%29.jpg/revision/latest?cb=20201113163207;1006.jpg
284;Saab Turbo;Saab;200 serie;1982 • 1983 • 1984 • 1985 • 1986 • 1987 • 1988;;;1:64;Vehicles List;Saab_Vehicles;https://static.wikia.nocookie.net/majorette_model_cars/images/8/83/Majorette_Saab_Turbo_%28black%2C_cream_interior%29.jpg/revision/latest?cb=20210221134849;284.jpg
219;Seat Leon Cupra;Seat;Single Asst.;2010 • 2011 • 2012 • 2013 • 2014;;;1:64;Vehicles List;Seat_Vehicles;https://static.wikia.nocookie.net/majorette_model_cars/images/c/c0/Majorette_Seat_Leon_Cupra_%28yellow%2C_5CS%29.jpg/revision/latest?cb=20200909191733;219_13.jpg
240;Simca 1308;Simca;200 serie - 300 serie;1977 • 1978 • 1979 • 1980 • 1981 • 1982 • 1983;;;1:64;Vehicles List;Simca_Vehicles;https://static.wikia.nocookie.net/majorette_model_cars/images/4/4c/Simca_1308_%28orange%2C_3S%29_1978.jpg/revision/latest?cb=20200710235135;240_1.jpg
239;Matra Simca 670;Matra;200 serie;1975 • 1976 • 1977 • 1978 • 1979;;;1:64;Vehicles List;Simca_Vehicles;https://static.wikia.nocookie.net/majorette_model_cars/images/c/cf/Majorette_Matra_Simca_670_%28blue%29.jpg/revision/latest?cb=20210718172110;239_2.jpg
234;Simca 1100 TI;Simca;200 serie - 300 serie;1975 • 1976 • 1977 • 1978 • 1979 - 1980;;;1:64;Vehicles List;Simca_Vehicles;https://static.wikia.nocookie.net/majorette_model_cars/images/0/00/Majorette_Simca_1100_TI_%28metallic_dark_blue%2C_3SS_wheels%29.jpg/revision/latest?cb=20200714085200;234_14.jpg
219;Matra Simca Bagheera;Matra;200 serie;1974 • 1975 • 1976 • 1977 • 1978 • 1979 • 1980 • 1981 • 1982 / 1989;;;1:64;Vehicles List;Simca_Vehicles;https://static.wikia.nocookie.net/majorette_model_cars/images/b/b2/Matra_Simca_Bagheera_%28yellow%29_1974.jpg/revision/latest?cb=20200929152828;219.jpg
275D;Subaru Impreza WRX STI;Subaru;Premium Cars - Racing Cars;2017 • 2018 • 2019 • 2020;;;1:64;Vehicles List;Subaru_Vehicles;https://static.wikia.nocookie.net/majorette_model_cars/images/a/a2/Subaru_WRX_STI_Premium_Cars_2017_dark_blue.jpg/revision/latest?cb=20200606094901;275D.jpg
275C;Subaru Impreza III STi;Subaru;Single Asst.;2010 • 2011 • 2012 • 2013;;;1:64;Vehicles List;Subaru_Vehicles;https://static.wikia.nocookie.net/majorette_model_cars/images/f/fa/Subaru_Impreza_Blue.png/revision/latest?cb=20260111225627;275C.jpg
275B;Subaru Impreza WRC (Street Version);Subaru;Single Asst.;2006 • 2007 • 2008 • 2009 • 2010 • 2011 • 2012;;;1:64;Vehicles List;Subaru_Vehicles;https://static.wikia.nocookie.net/majorette_model_cars/images/a/ac/Majorette_Subaru_Impreza_WRC_%28street_versions%29_%28blue%2C_5yo_wheels%29.jpg/revision/latest?cb=20200805175111;275B_1.jpg
275A;Subaru Impreza WRC (Racing Version);Subaru;Racing Cars;2004 • 2005 • 2006 • 2007 • 2008 • 2009 • 2010 • 2011 • 2012;;;1:64;Vehicles List;Subaru_Vehicles;https://static.wikia.nocookie.net/majorette_model_cars/images/0/08/Subaru_Impreza_WRC_%28blue%2C_6S%29.jpg/revision/latest?cb=20200805132830;275A.jpg
261A;Suzuki Carry ST40;Suzuki;Japan Series 1 Deluxe Cars - Vintage Cars;2024 - 2025 - 2026;;;1:64;Vehicles List;Suzuki_Vehicles;https://static.wikia.nocookie.net/majorette_model_cars/images/9/99/Suzuki_carry_japan_dlux.JPG/revision/latest?cb=20250423202616;261A_1.jpg
215B;Suzuki Swift Sport;Suzuki;Street Cars - Racing Cars;2021 - 2022 - 2023 - 2024 - 2025 - 2026;;;1:64;Vehicles List;Suzuki_Vehicles;https://static.wikia.nocookie.net/majorette_model_cars/images/a/a2/Suzuki_Swift_Sport_%28yellow%29_2021.jpg/revision/latest?cb=20220324163036;215B.jpg
215A;Suzuki Jimny;Suzuki;Street Cars - ParkNShop - S.O.S. Cars - Tune Ups Cars - Tune Up's Cars Series 2 - ADAC Serviceflotte - Suzuki Jimny Giftpack - Care Bears;2020 - 2021 - 2022 - 2023 - 2024 - 2025 - 2026;;;1:64;Vehicles List;Suzuki_Vehicles;https://static.wikia.nocookie.net/majorette_model_cars/images/6/60/Suzuki_Jimny_2020_jungle_green_215A.jpg/revision/latest?cb=20200630181855;215A.jpg
223;Crazy Car 4x4;Majorette;200 serie;1981 • 1982 • 1983 • 1984 • 1985 • 1986 • 1987 • 1995 • 1996;;;1:64;Vehicles List;Talbot_Vehicles;https://static.wikia.nocookie.net/majorette_model_cars/images/5/54/Crazy_car_%28red%2C_black_interior%2C_ELO%29.jpg/revision/latest?cb=20201130213921;223.jpg
MAJ-TOYOTA_SPRIN;Toyota Sprinter Trueno;Toyota;Vintage Premium Cars, JDM Legends Premium Cars, JDM Legends Trailer;2026;;;1:64;Vehicles List;Toyota_Vehicles;https://static.wikia.nocookie.net/majorette_model_cars/images/8/81/Toyota_AE86.png/revision/latest?cb=20260602123004;MAJ-TOYOTA_SPRIN.jpg
276C;Toyota Land Cruiser 250;Toyota;Street Cars;2026;;;1:64;Vehicles List;Toyota_Vehicles;https://static.wikia.nocookie.net/majorette_model_cars/images/e/ee/Toyota_Prado.png/revision/latest?cb=20260130200938;276C.jpg
MAJ-TOYOTA_HIACE;Toyota Hiace (2026);Toyota;Showroom Premium Cars - City Premium Cars;2026;;;1:64;Vehicles List;Toyota_Vehicles;https://static.wikia.nocookie.net/majorette_model_cars/images/2/2b/Toyota_Hiace_New_gen.png/revision/latest?cb=20260130200208;MAJ-TOYOTA_HIACE.jpg
MAJ-TOYOTA_HILUX;Toyota Hilux SR5 Pick-Up;Toyota;Collection;2025 • 2026;;;1:64;Vehicles List;Toyota_Vehicles;https://static.wikia.nocookie.net/majorette_model_cars/images/9/9b/Hilux_Collection.png/revision/latest?cb=20260224135135;MAJ-TOYOTA_HILUX.jpg
218C;Toyota Yaris WRC;Toyota;Ride Now - Street Cars;2025 • 2026;;;1:64;Vehicles List;Toyota_Vehicles;https://static.wikia.nocookie.net/majorette_model_cars/images/0/00/Toyota_Yaris.png/revision/latest?cb=20250904212302;218C.jpg
276B;Toyota Tacoma TRD;Toyota;Showroom Premium Cars - Racing Cars - Deluxe Cars - Trailer City - Neon Edition - Adventure Force;2025 • 2026;;;1:64;Vehicles List;Toyota_Vehicles;https://static.wikia.nocookie.net/majorette_model_cars/images/0/0f/Toyota_Tacoma_TRD_46th_Bangkok_Motor_Show_International.jpg/revision/latest?cb=20250520195420;276B_1.jpg
230D;Toyota Century Mk2;Toyota;Japan Series Premium Cars - JDM Legends Series;2024 • 2025;;;1:64;Vehicles List;Toyota_Vehicles;https://static.wikia.nocookie.net/majorette_model_cars/images/a/a8/Toyota_Century_japan_series_1_premium_cars.jpg/revision/latest?cb=20250408174606;230D.jpg
218E;Toyota GRMN Yaris;Toyota;Toyota Racing Giftpack - Premium Cars - Japan Series Prime;2024 • 2025 • 2026;;;1:64;Vehicles List;Toyota_Vehicles;https://static.wikia.nocookie.net/majorette_model_cars/images/7/79/Toyota_yaris_GR_giftpack_toyota_racer.JPG/revision/latest?cb=20250416123420;218E.jpg
230E;Toyota Supra Mk4;Toyota;Japan Series 1 Premium Cars - Giftpack Japan Series - Japan Series 1 Delue Cars- Vintage Premium Cars - Care Bears - Collection;2024 • 2025 • 2026;;;1:64;Vehicles List;Toyota_Vehicles;https://static.wikia.nocookie.net/majorette_model_cars/images/0/0b/Toyota_Supra_Mk4.JPG/revision/latest?cb=20250408175241;230E.jpg
230C;Toyota 2000 GT;Toyota;Vintage Cars - Toyota Racing Giftpack - Limited Edition 9 - Racing Cars;2021 • 2022 • 2023 • 2024 • 2025 • 2026;;;1:64;Vehicles List;Toyota_Vehicles;https://static.wikia.nocookie.net/majorette_model_cars/images/0/0a/Toyota_2000_GT_%28white%2C_8S%29_2021.jpg/revision/latest?cb=20210917154906;230C_3.jpg
292M;Toyota GR Supra;Toyota;Premium Cars - Toyota Racing Giftpack - Limited Edition 8 - Racing Cars - Showroom Premium Cars;2021 • 2022 • 2023 • 2024 • 2025 • 2026;;;1:64;Vehicles List;Toyota_Vehicles;https://static.wikia.nocookie.net/majorette_model_cars/images/3/34/Toyota_GR_Supra_%28yellow%29_2021.jpg/revision/latest?cb=20211029074144;292M.jpg
218D;Toyota GT86;Toyota;Tune Up's Cars serie 1 - Premium Cars - Racing Cars - Tune Up's Cars Series 2 - Limited Edition Serie 10 Giftpack 9 + 4 - Showroom Premium Cars;2021 • 2022 • 2023 • 2024 • 2025 • 2026;;;1:64;Vehicles List;Toyota_Vehicles;https://static.wikia.nocookie.net/majorette_model_cars/images/8/8d/Toyota_GT86_untuned_GT_Drifter.jpg/revision/latest?cb=20210427170432;218D.jpg
230B;Toyota Celica GT Coupé;Toyota;Vintage Cars - Racing Cars;2019 • 2020 • 2021 • 2022 • 2023 • 2024;;;1:64;Vehicles List;Toyota_Vehicles;https://static.wikia.nocookie.net/majorette_model_cars/images/7/7b/Toyota_Celica_GT_Coupe_yellow_Vintage_2019.jpg/revision/latest?cb=20200608200248;230B.jpg
216C;Toyota Hiace;Toyota;Street Cars - Tune Up's Cars Serie 1 - Tune Up's Cars Series 2 - Japan Series Deluxe Cars;2019 • 2020 • 2021 • 2022 • 2023 • 2024 • 2025 • 2026;;;1:64;Vehicles List;Toyota_Vehicles;https://static.wikia.nocookie.net/majorette_model_cars/images/7/7a/Toyota_Hiace_%28white%2C_2019%29.jpg/revision/latest?cb=20200709230008;216C.jpg
292K;Toyota Hilux Mk8 Revo;Toyota;Street Cars - Toyota Racing Giftpack - Adventure Force;2018 • 2019 • 2020 • 2021 • 2022 • 2023 • 2024 • 2025 • 2026;;;1:64;Vehicles List;Toyota_Vehicles;https://static.wikia.nocookie.net/majorette_model_cars/images/b/b5/Toyota_Hilux_Revo_Double_Cab_blue_292K.jpg/revision/latest?cb=20200606215140;292K.jpg
292J;Toyota Corolla Altis;Toyota;Street Cars - City Asst. - Toyota Racing Giftpack;2017 • 2018 • 2019 • 2020 • 2021 • 2022 • 2023 • 2024 • 2025;;;1:64;Vehicles List;Toyota_Vehicles;https://static.wikia.nocookie.net/majorette_model_cars/images/6/6d/Majorette_Toyota_Corolla_%28white%2C_DS5_wheels%29.jpg/revision/latest?cb=20220324163910;292J.jpg
276A;Toyota FJ;Toyota;Single Asst. - Toyota FJ Series;2009 • 2010 • 2011 • 2012 • 2013 • 2014 • 2015 • 2016 • 2017 • 2018 • 2019 • 2020 • 2021 • 2022 • 2023 • 2024 / 2026;;;1:64;Vehicles List;Toyota_Vehicles;https://static.wikia.nocookie.net/majorette_model_cars/images/0/0e/Toyota_FJ_blue-white_2020_FJ-Series_276A.jpg/revision/latest?cb=20201213200831;276A.jpg
292E;Toyota Corolla WRC;Toyota;Racing Cars;2006 • 2007 • 2008 • 2009 • 2010 • 2011 • 2012 • 2013;;;1:64;Vehicles List;Toyota_Vehicles;https://static.wikia.nocookie.net/majorette_model_cars/images/f/f4/Majorette_Toyota_Corolla_WRC_white_blue_red%2C_8B%2C_samse%2C_toyota%29.jpg/revision/latest?cb=20220318151843;292E.jpg
292B;Toyota Hilux Mk6;Toyota;Single. Asst.;2006 • 2007 • 2008 • 2009 • 2010 • 2011 • 2012 • 2013 • 2014;;;1:64;Vehicles List;Toyota_Vehicles;https://static.wikia.nocookie.net/majorette_model_cars/images/6/6d/Toyota_hilux_vigo_mk6.jpeg/revision/latest?cb=20200730174056;292B_3.jpg
292D;Toyota Prius;Toyota;200 serie - Single Asst.;2007 • 2008 • 2009 • 2010 • 2011 • 2012 • 2013 • 2014;;;1:64;Vehicles List;Toyota_Vehicles;https://static.wikia.nocookie.net/majorette_model_cars/images/1/1c/Toyota_Prius_%28red%2C_2007%29.jpg/revision/latest?cb=20200708195302;292D.jpg
254B;Toyota Yaris Mk1;Toyota;200 serie;2002 • 2003 • 2004 • 2005 • 2006 • 2007 • 2008 • 2009 • 2010 • 2011 • 2012 • 2013;;;1:64;Vehicles List;Toyota_Vehicles;https://static.wikia.nocookie.net/majorette_model_cars/images/4/41/Toyota_Yaris_%28silver%2C_NUC%29.jpg/revision/latest?cb=20230604172108;254B.jpg
230;Toyota RAV 4;Toyota;200 serie - Single Asst. - Trailer - Jungle Mission;1999 • 2000 • 2001 • 2002 • 2003 • 2004 • 2005 • 2006 • 2007 • 2008 • 2009 • 2010 • 2011 • 2012 • 2013 • 2014;;;1:64;Vehicles List;Toyota_Vehicles;https://static.wikia.nocookie.net/majorette_model_cars/images/7/77/Majorette_Toyota_Rav4_%28green_%26_silver%2C_clear_windows%2C_5DOTS_wheels%29.jpg/revision/latest?cb=20200531155239;230_10.jpg
274;Toyota Runner;Toyota;200 serie - Pinder - Trailer - Extractor;1994 • 1995 • 1996 • 1997 • 1998 • 1999 • 2000 • 2001 • 2002 • 2003 • 2004 • 2005 • 2006 • 2007 • 2008 • 2009 • 2010 • 2011 • 2012 • 2013;;;1:64;Vehicles List;Toyota_Vehicles;https://static.wikia.nocookie.net/majorette_model_cars/images/0/02/Majorette_Toyoya_Runner_%28red%2C_4x4_runner%29.jpg/revision/latest?cb=20201117185044;276.jpg
249;Toyota Celica 2.0 GT;Toyota;200 serie;1988 • 1989 • 1990 • 1991 • 1992 • 1993;;;1:64;Vehicles List;Toyota_Vehicles;https://static.wikia.nocookie.net/majorette_model_cars/images/f/f2/Toyota_Celica_2.0_GT_%28red%2C_clear_windows%29.jpg/revision/latest?cb=20220918142702;249_6.jpg
273;Toyota 4WD;Toyota;200 serie;1985 • 1986 • 1987 • 1988 • 1989 • 1990;;;1:64;Vehicles List;Toyota_Vehicles;https://static.wikia.nocookie.net/majorette_model_cars/images/6/61/Toyota_4WD_%28green%2C_6S%29_1985.jpg/revision/latest?cb=20201101115455;273.jpg
292;Toyota Pick-Up (Hilux Mk3) Toyota 4 x 4 Pick-Up;Toyota;200 serie;1982 • 1983 • 1984 • 1985 • 1986 • 1987 • 1988 • 1989 • 1990 • 1991 • 1992 • 1993 • 1994 • 1995 • 1996 • 1997 • 1998 • 1999 • 2000 • 2001 • 2002 • 2003 • 2004 • 2005 • 2006 • 2007 • 2008 • 2009 • 2010 • 2011 • 2012 • 2013;;;1:64;Vehicles List;Toyota_Vehicles;https://static.wikia.nocookie.net/majorette_model_cars/images/1/15/Toyota_Pick-Up_%28white%29_1986.jpg/revision/latest?cb=20200730235447;287.jpg
216;Toyota Lite Ace;Toyota;200 serie;1982 • 1983 • 1984 • 1985 • 1986 • 1987 • 1988 • 1989 • 1990 • 1991 • 1992;;;1:64;Vehicles List;Toyota_Vehicles;https://static.wikia.nocookie.net/majorette_model_cars/images/4/44/Toyota_lite_ace_1983_orange%2C_red_interior%29.jpg/revision/latest?cb=20200603191202;216_4.jpg
277;Toyota Land Cruiser (J40) 4 x 4 Toyota Land Cruiser (J40);Toyota;200 serie - Pinder - Street Cars;1981 • 1982 • 1983 • 1984 • 1985 • 1986 • 1987 • 1988 • 1989 • 1990 • 1991 • 1992 • 1993 • 2000 • 2001 • 2002 • 2003 • 2004 • 2005 • 2006 • 2007 • 2008 • 2009 • 2010 • 2011 • 2012 • 2020 • 2021 • 2022;;;1:64;Vehicles List;Toyota_Vehicles;https://static.wikia.nocookie.net/majorette_model_cars/images/6/6f/Majorette_Toyota_Land_Cruiser_%28J40%29_%28metallic_silver%29.jpg/revision/latest?cb=20200801151738;277.jpg
202;Triumph TR7;Triumph;200 serie;1982 • 1983 • 1984 • 1985 • 1986 • 1987;;;1:64;Vehicles List;Triumph_Vehicles;https://static.wikia.nocookie.net/majorette_model_cars/images/e/e6/Majorette_Triumph_TR7_%28red%2C_6CR_wheels%29.jpg/revision/latest?cb=20201028113538;202_1.jpg
MAJ-VOLKSWAGEN_G;Volkswagen Golf GTI (Mk VIII);Volkswagen;Volkswagen Golf GTI Giftpack;2026;;;1:64;Vehicles List;Volkswagen_Vehicles;https://static.wikia.nocookie.net/majorette_model_cars/images/7/7b/Golf_8.png/revision/latest?cb=20260220204327;MAJ-VOLKSWAGEN_G.jpg
249D;Volkswagen ID. Buggy;Volkswagen;Ride Now;2025 • 2026;;;1:64;Vehicles List;Volkswagen_Vehicles;https://static.wikia.nocookie.net/majorette_model_cars/images/e/e7/Volkswagen_ID_Buggy.png/revision/latest?cb=20250904212036;249D.jpg
234A;Volkswagen ID.BUZZ;Volkswagen;Premium Cars - Racing Cars - Global Emergency Vehicles - Showroom Premium Cars;2023 • 2024 • 2025 • 2026;;;1:64;Vehicles List;Volkswagen_Vehicles;https://static.wikia.nocookie.net/majorette_model_cars/images/a/a0/VW.ID.Buzz2023.jpg/revision/latest?cb=20241105105331;234A.jpg
264F;Volkswagen Golf (264F) (Mk I);Volkswagen;"Volkswagen ""The Originals"" Deluxe CarsVintage Cars";2022 • 2023 • 2024 • 2025 • 2026;;;1:64;Vehicles List;Volkswagen_Vehicles;https://static.wikia.nocookie.net/majorette_model_cars/images/c/c5/2022_Volkswagen_Golf_GTi_%28Mk_I%29_264E_white_GOLF.jpg/revision/latest?cb=20221021132807;264F.jpg
264E;Volkswagen Golf GTi (Mk I);Volkswagen;"Volkswagen ""The Originals"" Premium Cars - Volkswagen ""The Originals"" Deluxe Cars - Premium Cars";2022 • 2023 • 2024 • 2025 • 2026;;;1:64;Vehicles List;Volkswagen_Vehicles;https://static.wikia.nocookie.net/majorette_model_cars/images/6/69/2022_VW_Golf_GTI_MKI_264F_Bilstein_yellow.jpg/revision/latest?cb=20221021101356;264E.jpg
243G;Volkswagen T3;Volkswagen;"Volkswagen ""The Originals"" Premium Cars - Volkswagen ""The Originals"" Trailer Asst. - Vintage Cars - CastHeads Series 2024";2022 • 2023 • 2024 • 2025;;;1:64;Vehicles List;Volkswagen_Vehicles;https://static.wikia.nocookie.net/majorette_model_cars/images/a/ac/2022_VW_T3_243H_orange_Camper.jpg/revision/latest?cb=20221021103445;243H.jpg
243F;Volkswagen T1 Pritsche;Volkswagen;"Volkswagen ""The Originals"" Giftpack 2022 - Volkswagen ""The Originals"" Premium Cars - Volkswagen ""The Originals"" Trailer Asst.";2022 • 2023 • 2024 • 2025;;;1:64;Vehicles List;Volkswagen_Vehicles;https://static.wikia.nocookie.net/majorette_model_cars/images/0/0b/2022_Volkswagen_T1_Pritsche_243F_mint_green.jpg/revision/latest?cb=20221021071856;243F.jpg
243A;Volkswagen T1;Volkswagen;"Vintage - Vintage Deluxe - ParkNShow - Volkswagen ""The Originals"" Deluxe Cars - Volkswagen ""The Originals"" Giftpack 2022 - Volkswagen ""The Originals"" Trailer Asst. - Punch Buggy Slug Bug - Adventure Force";2018 • 2019 • 2020 • 2021 • 2022 • 2023 • 2024 • 2025 • 2026;;;1:64;Vehicles List;Volkswagen_Vehicles;https://static.wikia.nocookie.net/majorette_model_cars/images/0/04/Volkswagen_T1_-_orange_-_Big_Burger.jpg/revision/latest?cb=20200606095123;243A_7.jpg
203I;VW Crafter;Volkswagen;S.O.S. Cars - City - ParkNShow;2018 • 2019 • 2020 • 2021 • 2022 • 2023 • 2024 • 2025;;;1:64;Vehicles List;Volkswagen_Vehicles;https://static.wikia.nocookie.net/majorette_model_cars/images/c/c2/VW_Crafter_2020_German_Polizei_working_light_bar_2020_M%C3%BCller_exclusive.jpg/revision/latest?cb=20200616165143;203I_2.jpg
203G;Volkswagen T6;Volkswagen;Street Cars;2017 • 2018 • 2019 • 2020 • 2021 • 2022 • 2023 • 2024 • 2025;;;1:64;Vehicles List;Volkswagen_Vehicles;https://static.wikia.nocookie.net/majorette_model_cars/images/b/bd/Volkswagen_T6_203G_blau-weiss.jpg/revision/latest?cb=20200606095146;203G_1.jpg
241A;Volkswagen Beetle;Volkswagen;"Vintage - Vintage Deluxe - Street Cars - Volkswagen ""The Originals"" Deluxe Cars - Volkswagen ""The Originals"" Giftpack 2022 - Volkswagen ""The Originals"" Trailer Asst. - Punch Buggy Slug Bug - Volkswagen Beetle Series 2019 - Adventure Force";2017 • 2018 • 2019 • 2020 • 2021 • 2022 • 2023 • 2024 • 2025 • 2026;;;1:64;Vehicles List;Volkswagen_Vehicles;https://static.wikia.nocookie.net/majorette_model_cars/images/4/46/VW_Beetle_Rallye_-53_beige.jpg/revision/latest?cb=20200606095358;241A_6.jpg
264D;Volkswagen Polo R WRC;Volkswagen;Racing Cars - WRC Cars;2016 • 2017 • 2018 • 2019 • 2020 • 2021 • 2022;;;1:64;Vehicles List;Volkswagen_Vehicles;https://static.wikia.nocookie.net/majorette_model_cars/images/9/98/Racing_VW_Polo_WRC_Champion.jpg/revision/latest?cb=20200606094432;264D.jpg
264C;Volkswagen Golf GTi (Mk VII);Volkswagen;Premium Cars - Racing Cars - Tune Ups Cars - Advent Calendar;2015 • 2016 • 2017 • 2018 • 2019 • 2020 • 2021 • 2022 • 2023 • 2024 • 2025 • 2026;;;1:64;Vehicles List;Volkswagen_Vehicles;https://static.wikia.nocookie.net/majorette_model_cars/images/a/a5/Volkswagen_Golf_GTI_%28Mk_VII%29_satin_lemon.jpg/revision/latest?cb=20200606094957;264C_3.jpg
203B;Volkswagen New Beetle Cabriolet;Volkswagen;Single Asst. - Street Cars;2014 • 2015 • 2016 • 2017 • 2018 • 2019 • 2020 • 2021;;;1:64;Vehicles List;Volkswagen_Vehicles;https://static.wikia.nocookie.net/majorette_model_cars/images/f/ff/Volkswagen_New_Beetle_Cabriolet_%282014%2C_red%2C_5YO%29.jpg/revision/latest?cb=20210806202337;203B.jpg
203C;Volkswagen Amarok;Volkswagen;Single Asst. - S.O.S. Cars;2012 • 2013 • 2014 • 2015 • 2016 • 2017 • 2018 • 2019 • 2020;;;1:64;Vehicles List;Volkswagen_Vehicles;https://static.wikia.nocookie.net/majorette_model_cars/images/9/9b/Vw_amarok.jpg/revision/latest?cb=20211025132242;203C_3.jpg
203A;Volkswagen New Beetle;Volkswagen;Single Asst. - Street Cars - Premium Cars;2012 • 2013 • 2014 • 2015 • 2016 • 2017 • 2018 • 2019 • 2020;;;1:64;Vehicles List;Volkswagen_Vehicles;https://static.wikia.nocookie.net/majorette_model_cars/images/6/6b/Volkswagen_New_Beetle_%282012%2C_white%29.jpg/revision/latest?cb=20200707165737;203A.jpg
REF:1;Volkswagen New Beetle RSI;Volkswagen;Single Asst.;2011;;;1:64;Vehicles List;Volkswagen_Vehicles;https://static.wikia.nocookie.net/majorette_model_cars/images/b/b0/Volkswagen_New_Beetle_Green.png/revision/latest?cb=20251009143025;REF-1.jpg
264B;Volkswagen Golf (MkV);Volkswagen;200 serie Single Asst;2007 • 2008 • 2009 • 2010 • 2011 • 2012;;;1:64;Vehicles List;Volkswagen_Vehicles;https://static.wikia.nocookie.net/majorette_model_cars/images/b/bd/Majorette_Volkswagen_Golf_5_%28gray%2C_5CSS_wheels%29.jpg/revision/latest?cb=20201020190404;264B.jpg
264A;Volkswagen Golf GTI (Mk IV);Volkswagen;200 serie;1999 • 2000 • 2001 • 2002 • 2003 • 2004;;;1:64;Vehicles List;Volkswagen_Vehicles;https://static.wikia.nocookie.net/majorette_model_cars/images/c/cf/Volkswagen_Golf_GTI_%28Mk_IV%29_%28green%29_1999.jpg/revision/latest?cb=20200824170750;264A.jpg
264;Volkswagen Golf (Mk III);Volkswagen;200 serie;1993 • 1994 • 1995 • 1996 • 1997 • 1998 • 1999 • 2000 • 2001;;;1:64;Vehicles List;Volkswagen_Vehicles;https://static.wikia.nocookie.net/majorette_model_cars/images/b/b3/Majorette_Volkswagen_Golf_%28Mk_III%29_%28red%2C_clear_windows%2C_black_interior%2C_8DOT_wheels%29.jpg/revision/latest?cb=20200824144906;264_7.jpg
248;Volkswagen T4 (Caravelle);Volkswagen;200 serie;;;;1:64;Vehicles List;Volkswagen_Vehicles;https://static.wikia.nocookie.net/majorette_model_cars/images/7/78/Volkswagen_T4.png/revision/latest?cb=20251009143901;248_6.jpg
235;Volkswagen Golf GTi (Mk II);Volkswagen;200 serie;1988 • 1989 • 1990 • 1991 • 1992;;;1:64;Vehicles List;Volkswagen_Vehicles;https://static.wikia.nocookie.net/majorette_model_cars/images/e/ee/Volkswagen_Golf_GTi_%28Mk_II%29_%28yellow%29.jpg/revision/latest?cb=20200615172747;235_5.jpg
202;Volkswagen Golf (Mk I);Volkswagen;200 serie;1978 • 1979 • 1980 • 1981 • 1982 • 1983 • 1984 • 1985;;;1:64;Vehicles List;Volkswagen_Vehicles;https://static.wikia.nocookie.net/majorette_model_cars/images/1/14/Majorette_Volkswagen_Golf_%28Mk_I%29_%28blue%29.jpg/revision/latest?cb=20210221161754;210_4.jpg
226;Volkswagen T2 Fourgon;Volkswagen;200 serie;1976 • 1977 • 1978 • 1979 • 1980;;;1:64;Vehicles List;Volkswagen_Vehicles;https://static.wikia.nocookie.net/majorette_model_cars/images/b/b1/Fourgon_VW_%28orange%2C_SERVICE_AUTOROUTE%2C_NUC%29.jpg/revision/latest?cb=20220801190748;226_3.jpg
244;Volkswagen T2 Ambulance/Police;Volkswagen;200 serie;1973 • 1974 • 1975 • 1976 • 1977 • 1978 • 1979 • 1980 • 1981;;;1:64;Vehicles List;Volkswagen_Vehicles;https://static.wikia.nocookie.net/majorette_model_cars/images/1/1e/Volkswagen_T2_Ambulnace_%28white%2C_5BL%29_1973.jpg/revision/latest?cb=20220731191927;244.jpg
210;Volkswagen K70;Volkswagen;200 serie;1973 • 1974 • 1975 • 1976;;;1:64;Vehicles List;Volkswagen_Vehicles;https://static.wikia.nocookie.net/majorette_model_cars/images/9/96/Majorette_Volkswagen_K70_%28red%29.jpg/revision/latest?cb=20200714182738;210.jpg
203;Volkswagen 1302;Volkswagen;200 serie;1972 • 1973 • 1974 • 1975 • 1976 • 1977 • 1978 • 1979 • 1980 • 1992 • 1993 • 1994 • 1995 • 1996 • 1997 • 1998 • 1999 • 2000 • 2001 • 2002 • 2003 • 2004;;;1:64;Vehicles List;Volkswagen_Vehicles;https://static.wikia.nocookie.net/majorette_model_cars/images/4/40/Volkswagen_1302.png/revision/latest?cb=20251112184238;203_5.jpg
294G;Volvo EX90;Volvo;Premium Cars - Showroom Premium Cars;2024 - 2025 - 2026;;;1:64;Vehicles List;Volvo_Vehicles;https://static.wikia.nocookie.net/majorette_model_cars/images/8/83/Volvo_E90.JPG/revision/latest?cb=20250402072025;294G.jpg
267A;Volvo 240 GL;Volvo;Vintage Cars - Anniversary Edition Premium -;2024 - 2025;;;1:64;Vehicles List;Volvo_Vehicles;https://static.wikia.nocookie.net/majorette_model_cars/images/1/19/Volvo.240GL2024.jpg/revision/latest?cb=20241105102527;267A.jpg
294H;Volvo V90;Volvo;Premium Cars - Racing Cars - Tune Up's Serie 3 - Volvo V90 Giftpack - S.O.S. Cars;2021 • 2022 - 2023 - 2024 - 2025;;;1:64;Vehicles List;Volvo_Vehicles;https://static.wikia.nocookie.net/majorette_model_cars/images/0/05/Volvo_V90_%28gray%29_2021.jpg/revision/latest?cb=20210914184633;294H.jpg
MAJ-VOLVO_XC60;Volvo XC60;Volvo;200 serie;;;;1:64;Vehicles List;Volvo_Vehicles;https://static.wikia.nocookie.net/majorette_model_cars/images/f/fb/Volvo_XC60_SEM061_cataluna.JPG/revision/latest?cb=20250908192034;MAJ-VOLVO_XC60.jpg
294A;Volvo XC90;Volvo;200 serie;2004 • 2005 • 2006 • 2007 • 2008 • 2009 • 2010 • 2011 • 2012;;;1:64;Vehicles List;Volvo_Vehicles;https://static.wikia.nocookie.net/majorette_model_cars/images/a/ab/Volvo_XC90_%28green%2C_6S%29.jpg/revision/latest?cb=20210807123506;294A_2.jpg
260- 261;Explorateur;Majorette;200 serie - Digimon Digital Monsters;1983 • 1984 • 1985 • 1986 • 1987 • 2001;;;1:64;Vehicles List;Volvo_Vehicles;https://static.wikia.nocookie.net/majorette_model_cars/images/4/48/Majorette_Explorateur_%28metallic_gold%2C_white_interior%29.jpg/revision/latest?cb=20200531154257;260_4.jpg
230;Volvo 760 GLE;Volvo;200 serie;1985 • 1986 • 1987 • 1988 • 1989 • 1990 • 1991;;;1:64;Vehicles List;Volvo_Vehicles;https://static.wikia.nocookie.net/majorette_model_cars/images/d/d9/Majorette_Volvo_760_GLE_%28light_blue%2C_white_interior%2C_red_%26_black_stripes_on_sides%29.jpg/revision/latest?cb=20210619164035;230_3.jpg
220;Volvo 245 DL;Volvo;200 serie;1976 • 1977 • 1978 • 1979 • 1980 • 1981 • 1982 • 1983;;;1:64;Vehicles List;Volvo_Vehicles;https://static.wikia.nocookie.net/majorette_model_cars/images/a/ac/Majorette_Volvo_245_DL_%28brown%2C_touring_club_de_franceon_sides%2C_tcf_on_roof%2C_3S_wheels%29.jpg/revision/latest?cb=20200712154546;220_1.jpg
4 - 204;Bernard TDA 180 Ladder truck;Bernard;Rail/Route - 200 serie;1965 •1966 • 1967 • 1968 • 1969 • 1970 • 1971 • 1972;;;1:64 / 1:87;Trucks;Bernard_Trucks;https://static.wikia.nocookie.net/majorette_model_cars/images/f/fa/Bernard_red_ladder_truck.JPG/revision/latest?cb=20251222122642;4_-_204.jpg
6;Bernard TDA 180 Dumpster;Bernard;Rail/Route;1965 •1966 • 1967;;;1:64;Trucks;Bernard_Trucks;https://static.wikia.nocookie.net/majorette_model_cars/images/e/e0/Bernard_TDA180_big_Dumpster.JPG/revision/latest?cb=20251222123420;6.jpg
6b;Bernard TDA 180 Chain;Bernard;Rail/Route;1965 •1966 • 1967;;;1:64;Trucks;Bernard_Trucks;https://static.wikia.nocookie.net/majorette_model_cars/images/3/38/Bernard_TDA180_chain.JPG/revision/latest?cb=20251222124016;6b.jpg
6c;Bernard TDA 180 Transporter Scraper;Bernard;Rail/Route;1965 •1966 • 1967;;;1:64;Trucks;Bernard_Trucks;https://static.wikia.nocookie.net/majorette_model_cars/images/0/0b/Bernard_transporter_construction_machine.JPG/revision/latest?cb=20251222115244;6c.jpg
8 - 208;Bernard TDA 180 Snow Plow;Bernard;Rail/Route - 200 serie;1965 •1966 • 1967 • 1968;;;1:64;Trucks;Bernard_Trucks;https://static.wikia.nocookie.net/majorette_model_cars/images/a/a0/Bernard_blue_snow_plow.JPG/revision/latest?cb=20251222113910;8_-_208.jpg
205;Bernard TDA 180 float trailer truck;Bernard;300 serie;1968 • 1969 • 1970 • 1971 • 1972 • 1973 • 1974 • 1975;;;1:64 / 1:87;Trucks;Bernard_Trucks;https://static.wikia.nocookie.net/majorette_model_cars/images/e/e7/Bernard_low-loader_semi-truck_red.jpeg/revision/latest?cb=20251222115243;205_16.jpg
218;Bernard Refuse Truck;Bernard;200 serie;1968 • 1969 • 1970 • 1971 • 1972 • 1973 • 1974 • 1975 • 1976 • 1977;;;1:64 / 1:87;Trucks;Bernard_Trucks;https://static.wikia.nocookie.net/majorette_model_cars/images/2/29/Majorette_Bernard_Refuse_Truck_%28orange%2C_NUC-5BL%29.jpg/revision/latest?cb=20201115195542;218_12.jpg
219;Bernard TDA 180 Fodder;Bernard;200 serie;1968 • 1969 • 1970 • 1971 • 1972;;;1:64;Trucks;Bernard_Trucks;https://static.wikia.nocookie.net/majorette_model_cars/images/d/d8/Bernard_TDA_180_fodder.JPG/revision/latest?cb=20251222124621;219_16.jpg
236;Bernard Chalet Truck;Bernard;200 serie;1973 • 1974;;;1:64 / 1:87;Trucks;Bernard_Trucks;https://static.wikia.nocookie.net/majorette_model_cars/images/8/82/Bernard_chalet_Truck_%28blue%29.jpg/revision/latest?cb=20201017201010;236.jpg
320;Bernard TDA 180 Fardier;Bernard;300 serie;1968 • 1969 • 1970 • 1971 • 1972 • 1973 • 1974;;;1:64;Trucks;Bernard_Trucks;https://static.wikia.nocookie.net/majorette_model_cars/images/9/9d/Bernard_tda_180_ardier_red.jpeg/revision/latest?cb=20251222131430;320_1.jpg
322;Bernard TDA 180 Crane;Bernard;300 serie;1973 • 1974 • 1975;;;1:64;Trucks;Bernard_Trucks;https://static.wikia.nocookie.net/majorette_model_cars/images/0/0c/Bernard_grue_blue_blue_trailer.JPG/revision/latest?cb=20260119182209;322.jpg
324;Bernard TDA Gardener truck;Bernard;300 serie;1970 • 1971 • 1972 • 1973 • 1974 • 1975 • 1976;;;1:64 / 1:87;Trucks;Bernard_Trucks;https://static.wikia.nocookie.net/majorette_model_cars/images/7/7d/Bernard_TDA_180_gardener.jpg/revision/latest?cb=20251222143704;324_1.jpg
361;Bernard TDA Semi-container;Bernard;300 serie;1973 • 1974 • 1975 • 1976;;;1:64;Trucks;Bernard_Trucks;https://static.wikia.nocookie.net/majorette_model_cars/images/f/fe/Bernard_TDA_180_semi-container.JPG/revision/latest?cb=20251222143142;361.jpg
364;Bernard Semi Trank Truck;Bernard;300 serie;1974 • 1975 • 1976 • 1977;;;1:64 / 1:87;Trucks;Bernard_Trucks;https://static.wikia.nocookie.net/majorette_model_cars/images/a/a0/Bernard_Semi_Tank_Truck_%28red%2C_esso%29.jpg/revision/latest?cb=20210911153057;364.jpg
367;Bernard TDA Semi-covered;Bernard;300 serie;1976;;;1:64;Trucks;Bernard_Trucks;https://static.wikia.nocookie.net/majorette_model_cars/images/4/44/Bernard_TDA_180_semi-covered.JPG/revision/latest?cb=20251222145001;367.jpg
310;Autobus Saviem;Saviem;300 serie;1979 • 1980 • 1981 • 1982 • 1983 • 1984 • 1985 • 1986 • 1987;;;1:64 / 1:87;Trucks;Buses;https://static.wikia.nocookie.net/majorette_model_cars/images/4/4d/Saviem_Autobus_%283S%29.jpg/revision/latest?cb=20210525195258;310.jpg
262A;City Bus;Majorette;200 serie;2005 • 2006 • 2007 • 2008 • 2009;;;1:64 / 1:87;Trucks;Buses;https://static.wikia.nocookie.net/majorette_model_cars/images/2/29/Majorette_City_Bus_%28orange%2C_aero_bus%2C_NUC_wheels%29.jpg/revision/latest?cb=20201113103901;262A.jpg
373B;MAN Lion's Coach L;MAN;City Serie FC Bayern München Paris Saint-Germain Serie;2020 • 2021 • 2022 • 2023 • 2024 • 2025 • 2026;;;1:64;Trucks;Buses;https://static.wikia.nocookie.net/majorette_model_cars/images/5/5f/Man_Lion_bus_%28red%2C_FC_Bayern%29_2020.jpg/revision/latest?cb=20210405154401;373B.jpg
373A;MAN Lion´s City C;MAN;City Trailer Asst.;2018 • 2019 • 2020 • 2021 • 2022 • 2023 • 2024 • 2025 • 2026;;;1:64;Trucks;Buses;https://static.wikia.nocookie.net/majorette_model_cars/images/3/30/MAN_Lion%C2%B4s_City_C_light_blue_Water_is_live.jpg/revision/latest?cb=20200803154540;373A.jpg
389;MAN Lion´s City G;MAN;City MAN Lion´s City Bus + Siemens Avenio Tram;2018 • 2019 • 2020 • 2021 • 2022 • 2023 • 2024 • 2025 • 2026;;;1:64;Trucks;Buses;https://static.wikia.nocookie.net/majorette_model_cars/images/4/40/MAN_Lion%C2%B4s_City_G_World_travel_dark_blue.jpg/revision/latest?cb=20200803163304;389.jpg
292;Minibus;Majorette;200 serie;1979 • 1980 • 1981 • 1982 • 1983 • 1984 • 1985 • 1986 • 1987 • 1988 • 1989 • 1990 •1991 • 1992 • 1993 • 1994 • 1995 • 1996 • 1997 • 1998 • 1999 • 2000 • 2001 • 2002 • 2003 • 2004;;;1:64 / 1:87;Trucks;Buses;https://static.wikia.nocookie.net/majorette_model_cars/images/9/92/Majorette_Minibus_%28white_red%2C_logo%2C_japan_air_lines%2C_green_windows%2C_NUC_wheels%29.jpg/revision/latest?cb=20210525131117;262_1.jpg
373;Neoplan Autocar Jetliner;Majorette;300 serie;1977 • 1978 • 1979 • 1980 • 1981 • 1982 • 1983 • 1984 • 1985 • 1986 • 1987 • 1988 • 1989 • 1990 •1991 • 1992 • 1993 • 1994 • 1995 • 1996 • 1997 • 1998 • 1999 • 2000 • 2001 • 2002 • 2003 • 2004 • 2005 • 2006 • 2007 • 2008 • 2009 • 2010 • 2011 • 2012 • 2013;;;1:64;Trucks;Buses;https://static.wikia.nocookie.net/majorette_model_cars/images/2/28/Bus_neoplan_Jetliner_%28yellow%2C_Frankfurt%2C_Bern_Roma%2C_3S%29.jpg/revision/latest?cb=20210609141243;373.jpg
241;Daf 2600 Covered Truck;Daf;200 serie;1970 • 1971 • 1972 • 1973 • 1974;;;1:64 / 1:87;Trucks;Daf_Vehicles;https://static.wikia.nocookie.net/majorette_model_cars/images/b/b4/Majorette_Daf_2600_Covered_Truck_%28yellow%29.jpg/revision/latest?cb=20200531153811;241.jpg
245;Daf 2600 Fuel Tanker;Daf;200 serie;1970 • 1971 • 1972 • 1973 • 1974;;;1:64;Trucks;Daf_Vehicles;https://static.wikia.nocookie.net/majorette_model_cars/images/0/01/Daf_2600_Fuel_tanker.jpg/revision/latest?cb=20200605133726;245.jpg
MAJ-DAF_2600_CRA;Daf 2600 crane truck;Daf;200 serie;;;;1:64 / 1:87;Trucks;Daf_Vehicles;https://static.wikia.nocookie.net/majorette_model_cars/images/f/fe/Daf_2600_red_gru.JPG/revision/latest?cb=20260223191332;MAJ-DAF_2600_CRA.jpg
241;Ford Cargo Covered Truck;Ford;200 serie;1984 • 1985 • 1986 • 1987 • 1988 • 1989 • 1990 • 1991 • 1992 • 1993 • 1994;;;1:64 / 1:87;Trucks;Ford_Trucks;https://static.wikia.nocookie.net/majorette_model_cars/images/a/a0/Ford_Cargo_Truck_%281992%2C_white%2C_Elf_Competition%29.jpg/revision/latest?cb=20200627213713;241_8.jpg
245;Ford Cargo Tanker;Ford;200 serie;1984 • 1985 • 1986 • 1987 • 1988 • 1989 • 1990 • 1991 • 1992 • 1993 • 1994 • 1995 • 1996 • 1997 • 1998 • 1999 • 2000 • 2001 • 2002 • 2003 • 2004 • 2005 • 2006 • 2007 • 2008;;;1:64;Trucks;Ford_Trucks;https://static.wikia.nocookie.net/majorette_model_cars/images/c/c3/Ford_Cargo_Tanker_%28white%2C_shell%2C_3S_wheels%2C_1986%29.jpg/revision/latest?cb=20200627231041;245_13.jpg
251;GMC Brigadier Bucket Truck;GMC;200 serie;1993 • 1994;;;1:64 / 1:87;Trucks;GMC_Trucks;https://static.wikia.nocookie.net/majorette_model_cars/images/5/5d/GMC_Bucket.jpg/revision/latest?cb=20220926174839;251_8.jpg
283;GMC Brigadier Crane Truck;GMC;200 serie;1982 • 1983 • 1984 • 1985 • 1986 • 1987 • 1988 • 1989 • 1990 • 1991 • 1992 • 1993 • 1994 • 1995 • 1996 • 1997 • 1998 • 1999 • 2000 • 2001 • 2002 • 2003 • 2004 • 2005 • 2006;;;1:64 / 1:87;Trucks;GMC_Trucks;https://static.wikia.nocookie.net/majorette_model_cars/images/d/d3/Majorette_Magirus_Crane_Truck_%28red%2C_blue_cab%2C_3S_wheels%29.jpg/revision/latest?cb=20210221165643;283.jpg
324;GMC Brigadier Semi Gas Tanker;GMC;300 serie;1983 • 1984 • 1985 • 1986 • 1987 • 1988;;;1:64;Trucks;GMC_Trucks;https://static.wikia.nocookie.net/majorette_model_cars/images/6/6d/Majorette_GMC_Brigadier_Gas_Tanker_%28blue%2C_red_text%2C_logo_at_back_tank%29.jpg/revision/latest?cb=20210524095458;324.jpg
379;GMC Brigadier Semi Powder Transporter;GMC;300 serie;1997 • 1998 • 1999 • 2000 • 2001 • 2002 • 2003 • 2004;;;1:64;Trucks;GMC_Trucks;https://static.wikia.nocookie.net/majorette_model_cars/images/f/fb/GMC_Brigadier_Semi_powder_transporter_%28red%29.jpg/revision/latest?cb=20210910144653;379_2.jpg
108 / 2319;Kenworth (T600);Kenworth;Novacar - Sonic Flashers - Super Crystal;1991 • 1992 • 1993 • 1994 • 1995 • 1996;;;1:64;Trucks;Kenworth_Vehicles;https://static.wikia.nocookie.net/majorette_model_cars/images/1/10/Kenworth_%28blue%2C_novacar%29_1994.jpg/revision/latest?cb=20210408133524;108_-_2319.jpg
MAJ-KENWORTH_W90;Kenworth W900;Kenworth;Trucks & Buses;;;;1:64;Trucks;Kenworth_Vehicles;https://static.wikia.nocookie.net/majorette_model_cars/images/6/66/Kenworth_W900_container_king_of_the_road_black.jpg/revision/latest?cb=20251215100145;MAJ-KENWORTH_W90.jpg
MAJ-KENWORTH_T60;Kenworth T600 A;Kenworth;Trucks & Buses;;;;1:64;Trucks;Kenworth_Vehicles;https://static.wikia.nocookie.net/majorette_model_cars/images/b/b8/Kenworth_T600A_white_container_blue_shark.JPG/revision/latest?cb=20251216220200;MAJ-KENWORTH_T60.jpg
242A;Liebherr R936;Liebherr;Max Wild Gift Pack;2015 - 2016 - 2017 - 2018 - 2019 - 2019 - 2020 - 2021;;;1:64;Trucks;Liebherr_Vehicles;https://static.wikia.nocookie.net/majorette_model_cars/images/1/10/Liebherr_R936_2020_Max_wild_Series_olive_242A.jpg/revision/latest?cb=20201106195556;242A_1.jpg
249A;Liebherr L538;Liebherr;Construction Asst. Construction 3 pieces set Discovery Pack;2015 - 2016 - 2017 - 2018 - 2019 - 2019;;;1:64;Trucks;Liebherr_Vehicles;https://static.wikia.nocookie.net/majorette_model_cars/images/2/2c/Liebherr_L538_orange_263C.jpg/revision/latest?cb=20201030200235;263C.jpg
256;Mack Towing Truck;Mack;200 serie;1990 • 1991 • 1992 • 1993 • 1994 • 1995 • 1996 • 1997 • 1998 • 1999 • 2000 • 2001 • 2002 • 2003 • 2004;;;1:64 / 1:87;Trucks;Mack_Vehicles;https://static.wikia.nocookie.net/majorette_model_cars/images/1/10/Majorette_Mack_Tow_Truck_%28red%29.jpg/revision/latest?cb=20200531154605;256_6.jpg
297;Mack Dump Truck;Mack;200 serie;1988 • 1989 • 1990 • 1991 • 1992 • 1993 • 1994 • 1995;;;1:64 / 1:87;Trucks;Mack_Vehicles;https://static.wikia.nocookie.net/majorette_model_cars/images/8/86/Majorette_Mack_Dump_Truck_%28yellow%2C_grey_dump%29.jpg/revision/latest?cb=20210521201650;297.jpg
289E;Mack Granite;Mack;Race Trailer - Police Force Giftpack -;2023 - 2024 - 2025;;;1:64;Trucks;Mack_Vehicles;https://static.wikia.nocookie.net/majorette_model_cars/images/d/db/Mack_Granite.JPG/revision/latest?cb=20250404173306;289E_3.jpg
227;Magirus Beton;Magirus;200 serie;1977 • 1978 • 1979 • 1980 • 1981 • 1982 • 1983 • 1984 • 1985;;;1:64;Trucks;Magirus_Vehicles;https://static.wikia.nocookie.net/majorette_model_cars/images/1/16/Magirus_Concrete_Mixer_%28red%2C_orange_base%2C_orange_yellow_mixer%29.jpg/revision/latest?cb=20230830194429;227_1.jpg
252 - 205;Magirus Tipper Truck;Magirus;200 serie;1978 • 1979 • 1980 • 1983;;;1:64 / 1:87;Trucks;Magirus_Vehicles;https://static.wikia.nocookie.net/majorette_model_cars/images/b/b2/Majorette_Magirus_Tipper_Truck_%28red%2C_red_tipper%2C_22_service%2C_NUC-NUC_wheels%29.jpg/revision/latest?cb=20200717153516;252_1.jpg
377;Magirus Semi Benne-Carriere;Magirus;300 serie;1978 • 1979 • 1980 • 1981 • 1982 • 1983 • 1984 • 1985 • 1986;;;1:64;Trucks;Magirus_Vehicles;https://static.wikia.nocookie.net/majorette_model_cars/images/9/9a/Majorette_Magirus_Semi_Benne-Carriere_%28red%29.jpg/revision/latest?cb=20210910193833;377.jpg
379;Magirus Semi Powder Transporter;Magirus;300 serie;1979 • 1980 • 1981 • 1982 • 1983 • 1984 • 1985;;;1:64;Trucks;Magirus_Vehicles;https://static.wikia.nocookie.net/majorette_model_cars/images/c/cb/Magirus_Semi_Powder_Transporter_%28orange%29.jpg/revision/latest?cb=20210910175531;379_1.jpg
299E;MAN TGX XXL Truck;MAN;FC Bayern München;2020;;;1:64 / 1:87;Trucks;MAN_Vehicles;https://static.wikia.nocookie.net/majorette_model_cars/images/a/ac/Man_Truck_%28red%2C_FC_Bayern%29_2020.jpg/revision/latest?cb=20210405154556;299E_2.jpg
299F;MAN TGS Eurocargo;MAN;ParkNShop;2020;;;1:64;Trucks;MAN_Vehicles;https://static.wikia.nocookie.net/majorette_model_cars/images/e/e8/MAN_TGS_Eurocargo_299F_2021_ParkNShop_blue_Logo.jpg/revision/latest?cb=20210420175310;299F_8.jpg
299F;MAN TGS Dump Truck;MAN;Max Wild Asst. - Max Wild Gift Pack;2018 / 2020;;;1:64 / 1:87;Trucks;MAN_Vehicles;https://static.wikia.nocookie.net/majorette_model_cars/images/0/0e/MAN_TGS_Dump_Truck_Max_Wild_2020.jpg/revision/latest?cb=20200731151001;299F_7.jpg
299F;MAN TGS Garbage Truck;MAN;City Asst.;2016 • 2017 • 2018 • 2019 • 2020 • 2021 • 2022;;;1:64 / 1:87;Trucks;MAN_Vehicles;https://static.wikia.nocookie.net/majorette_model_cars/images/2/26/MAN_TGS_Garbage_Truck_red_white_2016_city.jpg/revision/latest?cb=20200722125854;299F_2.jpg
299F;MAN TGS Gasoline Truck;MAN;City Asst.;2016 • 2017 • 2018 • 2019 • 2020;;;1:64 / 1:87;Trucks;MAN_Vehicles;https://static.wikia.nocookie.net/majorette_model_cars/images/d/d0/MAN_TGS_Gasoline_Truck_Castrol_City_2019.jpg/revision/latest?cb=20200919194149;299F_6.jpg
299F;MAN TGS Container Truck;MAN;City Asst.;2016 • 2017 • 2018 • 2019 • 2020;;;1:64 / 1:87;Trucks;MAN_Vehicles;https://static.wikia.nocookie.net/majorette_model_cars/images/c/cb/MAN_TGS_Cintainer_Truck_%28white%2C_green_container%29_2016.jpg/revision/latest?cb=20211023212807;299F_12.jpg
299F;MAN TGS Mixer;MAN;Construction Asst. - Construction 3 pieces set;2015 • 2016 • 2017 • 2018 • 2019 • 2020;;;1:64;Trucks;MAN_Vehicles;https://static.wikia.nocookie.net/majorette_model_cars/images/e/e2/MAN_TGS_Mixer_red_299F.jpg/revision/latest?cb=20200816124416;299F_1.jpg
299F;MAN TGS Tow Truck;MAN;City Trailer Asst. - ADAC Serviceflotte;2016 • 2017 • 2018 • 2019 • 2020 • 2021 • 2022 • 2023 • 2024 • 2025 • 2026;;;1:64 / 1:87;Trucks;MAN_Vehicles;https://static.wikia.nocookie.net/majorette_model_cars/images/8/83/MAN_TGS_Tow_Truck_2018_City_yellow.jpg/revision/latest?cb=20200729082916;299F_3.jpg
299F;MAN TGS Fire Truck;MAN;S.O.S. Cars;2015 • 2016 • 2017 • 2018 • 2019 • 2020 • 2021 • 2022 • 2023 • 2024 • 2025 • 2026;;;1:64 / 1:87;Trucks;MAN_Vehicles;https://static.wikia.nocookie.net/majorette_model_cars/images/9/91/Majorette_Man_TGS_Fire_Truck_%28yellow_stripes%29.png/revision/latest?cb=20200601182525;299F_13.jpg
299E;MAN TGS Semi Trailer Truck;MAN;City Trailer Asst.;2016 • 2017 • 2018 • 2019 • 2020 • 2021 • 2022 • 2023 • 2024 • 2025 • 2026;;;1:64 / 1:87;Trucks;MAN_Vehicles;https://static.wikia.nocookie.net/majorette_model_cars/images/4/4d/MAN_TGS_Semi_Trailer_Truck_blue_Victory_Eco_Fuel.jpg/revision/latest?cb=20200804165807;299E_1.jpg
373A;MAN Lion´s City C;MAN;City Trailer Asst.;2014 • 2015 • 2016 • 2017 • 2018 • 2019 • 2020 • 2021 • 2022 • 2023 • 2024 • 2025 • 2026;;;1:64;Trucks;MAN_Vehicles;https://static.wikia.nocookie.net/majorette_model_cars/images/a/ad/MAN_Lion%C2%B4s_City_C_%28green%29.jpg/revision/latest?cb=20210116112905;373A_1.jpg
MAJ-MAN_TGX_(1-6;MAN TGX (1:64);MAN;Racing Truck - MAN TGX Truck Porsche Experience;2014 • 2015 • 2016 • 2017 • 2018 • 2019 • 2020 • 2021 • 2022;;;1:64;Trucks;MAN_Vehicles;https://static.wikia.nocookie.net/majorette_model_cars/images/d/db/MAN_TGX_Porsche.png/revision/latest?cb=20260921195653;MAJ-MAN_TGX_(1-6.jpg
389;MAN Lion´s City G;MAN;City MAN Lion´s City Bus + Siemens Avenio Tram;2013 • 2014 • 2015 • 2016 • 2017 • 2018 • 2019 • 2020 • 2021 • 2022 • 2023 • 2024 • 2025 • 2026;;;1:64;Trucks;MAN_Vehicles;https://static.wikia.nocookie.net/majorette_model_cars/images/4/40/MAN_Lion%C2%B4s_City_G_World_travel_dark_blue.jpg/revision/latest?cb=20200803163304;389.jpg
MAJ-MAN_TGA;MAN TGA;MAN;Racing Maxi trucks;;;;1:64;Trucks;MAN_Vehicles;https://static.wikia.nocookie.net/majorette_model_cars/images/7/75/MAN_TGA.png/revision/latest?cb=20260921200010;MAJ-MAN_TGA.jpg
251A;Mercedes-Benz Unimog U530;Mercedes-Benz;Farm asst. - Farm Trailer;2025 • 2026;;;1:64;Trucks;Mercedes-Benz_Trucks;https://static.wikia.nocookie.net/majorette_model_cars/images/8/8b/Mercedes_unimog_wood_farm_ass.JPG/revision/latest?cb=20251001102011;251A.jpg
297H;Mercedes-Benz Arocs;Mercedes-Benz;City Cars;2021 • 2022 • 2023 • 2024 • 2025 • 2026;;;1:64;Trucks;Mercedes-Benz_Trucks;https://static.wikia.nocookie.net/majorette_model_cars/images/c/c8/Mercedes_Benz_Arocs.png/revision/latest?cb=20251006215022;297H.jpg
297B;Mercedes-Benz Zetros Research Truck;Mercedes-Benz;Explorer Asst. - Explorer Trailer Asst.;2018 • 2019;;;1:64 / 1:87;Trucks;Mercedes-Benz_Trucks;https://static.wikia.nocookie.net/majorette_model_cars/images/9/99/Mercedes-Benz_Zetros_Research_Truck_lime_green_explorer_297B.jpg/revision/latest?cb=20210101190208;297B_5.jpg
297B;Mercedes-Benz Zetros Wood Truck;Mercedes-Benz;City Trailer Asst. -Farm Asst. - Farm 2 pieces set - Farm playset small - Farm theme set Farm Creatix big play set;2016 • 2017 • 2018 • 2019 • 2020 • 2021 • 2022 • 2023 • 2024;;;1:64 / 1:87;Trucks;Mercedes-Benz_Trucks;https://static.wikia.nocookie.net/majorette_model_cars/images/e/ed/Mercedes-Benz_Atris_Wood_Truck_279B_green.jpg/revision/latest?cb=20201006163110;297B_3.jpg
297B;Mercedes-Benz Zetros Recycling Truck;Mercedes-Benz;City Asst. - City 2 pieces set;2016 • 2017 • 2018;;;1:64 / 1:87;Trucks;Mercedes-Benz_Trucks;https://static.wikia.nocookie.net/majorette_model_cars/images/3/39/Mercedes-Benz_Zetros_Recycling_Truck_city_white.jpg/revision/latest?cb=20200810163017;297B_2.jpg
297B;Mercedes-Benz Zetros Fire Truck;Mercedes-Benz;S.O.S. Cars;2015 • 2016 • 2017 • 2018 • 2019;;;1:64 / 1:87;Trucks;Mercedes-Benz_Trucks;https://static.wikia.nocookie.net/majorette_model_cars/images/3/39/Mercedes_Benz_Zetros_Fire_Brigade.jpg/revision/latest?cb=20200605193703;297B_6.jpg
297B;Mercedes-Benz Zetros Dump Truck;Mercedes-Benz;Construction Asst. - Construction 3 pieces set;2015 • 2016 • 2017 • 2018 • 2019 • 2020;;;1:64 / 1:87;Trucks;Mercedes-Benz_Trucks;https://static.wikia.nocookie.net/majorette_model_cars/images/0/03/Mercedes-Benz_Zetros_Dump_Truck_blue.jpg/revision/latest?cb=20200814194217;297B.jpg
MAJ-MERCEDES-BEN;Mercedes-Benz Actros;Mercedes-Benz;City Trailer Asst.;2015 • 2016 • 2017 • 2018 • 2019 • 2020 • 2021 • 2022 • 2023 • 2024 • 2025 • 2026;;;1:64;Trucks;Mercedes-Benz_Trucks;https://static.wikia.nocookie.net/majorette_model_cars/images/9/9a/Mercedes_Benz_Actros.png/revision/latest?cb=20260921193140;MAJ-MERCEDES-BEN_2.jpg
3A97;Mercedes-Benz Actros with semi-trailer for motorsport / racing + 2 Lamborghini's;Lamborghini;Racing Team;;;;1:64;Trucks;Mercedes-Benz_Trucks;https://static.wikia.nocookie.net/majorette_model_cars/images/1/1f/Merc_Racing_Truck.jpg/revision/latest?cb=20210614091422;3A97.jpg
3010;Mercedes-Benz Sprinter;Mercedes-Benz;majoteams;2012;;;1:64;Trucks;Mercedes-Benz_Trucks;https://static.wikia.nocookie.net/majorette_model_cars/images/e/e8/Mercedes-Benz_sprinter_2012_purple_front_3010.jpg/revision/latest?cb=20210130154711;3010.jpg
MAJ-MERCEDES-BEN;Mercedes-Benz Actros Subaru Team;Mercedes-Benz;Trucks & Buses;;;;1:64;Trucks;Mercedes-Benz_Trucks;https://static.wikia.nocookie.net/majorette_model_cars/images/4/4a/Mercedes_Actros_Subaru_Transporter.png/revision/latest?cb=20260921194055;MAJ-MERCEDES-BEN_3.jpg
213;Mercedes-Benz NG Farm Truck;Mercedes-Benz;200 serie;1982 • 1983 • 1984 • 1985;;;1:64 / 1:87;Trucks;Mercedes-Benz_Trucks;https://static.wikia.nocookie.net/majorette_model_cars/images/b/b7/Majorette_Mercedes-Benz_NG_Farm_Truck_%28red%2C_NUC_wheels%29.jpg/revision/latest?cb=20200531154656;213_5.jpg
319;Mercedes Car Carrier;Mercedes-Benz;300 serie;1980 • 1982 • 1983 • 1984 • 1985 • 1986;;;1:64;Trucks;Mercedes-Benz_Trucks;https://static.wikia.nocookie.net/majorette_model_cars/images/c/cd/Mercedes_Car_Transporter_%28blue%29_1980.jpg/revision/latest?cb=20210912154304;319.jpg
258;Mercedes-Benz T2 Pompier Aéroport;Mercedes-Benz;200 serie;1979 • 1980 • 1981 • 1982 • 1983 • 1984 • 1985;;;1:64;Trucks;Mercedes-Benz_Trucks;https://static.wikia.nocookie.net/majorette_model_cars/images/8/8d/Majorette_Mercedes-Benz_T2_Pompier_A%C3%A9roport_%28red%2C_black_water_cannon%2C_3S_wheels%29.jpg/revision/latest?cb=20200531154708;258_1.jpg
218;Mercedes-Benz NG Garbage Truck;Mercedes-Benz;200 serie;1978 • 1979 • 1980 • 1981 • 1982 • 1983 • 1984 • 1985 • 1986;;;1:64 / 1:87;Trucks;Mercedes-Benz_Trucks;https://static.wikia.nocookie.net/majorette_model_cars/images/9/9f/Majorette_Mercedes-Benz_NG_Garbage_Truck_%28orange%2C_ville_de_paris%2C_NUCS-NUC_wheels%29.jpg/revision/latest?cb=20200531154703;218_1.jpg
364;Mercedes Semi Tank Truck;Mercedes-Benz;300 serie;1978 • 1979 • 1980 • 1982 • 1983 • 1984 • 1985 • 1986 • 1987;;;1:64 / 1:87;Trucks;Mercedes-Benz_Trucks;https://static.wikia.nocookie.net/majorette_model_cars/images/f/f0/Majorette_Mercedes_Semi_Tank_Truck_%28red%2C_shell%29.jpg/revision/latest?cb=20210911161243;364_1.jpg
233;Mercedes TraX Publics;Mercedes-Benz;200 serie 300 serie;1978 • 1979 • 1980 • 1981 • 1982 • 1983 • 1984 • 1985 • 1986;;;1:64;Trucks;Mercedes-Benz_Trucks;https://static.wikia.nocookie.net/majorette_model_cars/images/3/31/Mercedes_Trax_Publics_%28orange%2C_yellow_windows%2C_blue_tarpaulin%2C_NUC%2C%29_1978.jpg/revision/latest?cb=20201216134540;233_1.jpg
254;Mercedes-Benz Animal Truck;Mercedes-Benz;200 serie;1978 • 1979 • 1980 • 1981 • 1982 • 1983 • 1984 • 1985 • 1986 • 1987 • 1988;;;1:64 / 1:87;Trucks;Mercedes-Benz_Trucks;https://static.wikia.nocookie.net/majorette_model_cars/images/b/b4/Mercedes_Livestock_Truck_-_b%C3%A9taill%C3%A8re_-_254_yellow.jpg/revision/latest?cb=20200615084004;254_1.jpg
215 - 224 - 259;Mercedes-Benz Unimog;Mercedes-Benz;200 serie;1976 • 1977 • 1978 • 1979 • 1980 • 1981 • 1982 • 1992;;;1:64;Trucks;Mercedes-Benz_Trucks;https://static.wikia.nocookie.net/majorette_model_cars/images/b/b3/Majorette_Mercedes-Benz_Unimog_Forklift_Truck_%28red%29.jpg/revision/latest?cb=20200531154710;215.jpg
242;Pelle Mecanique (Shovel Engine);Poclain;200 serie;1983 • 1984 • 1985 • 1986 • 1987 • 1988 • 1989 • 1990 • 1991 • 1992 • 1993 • 1994 • 1995 • 1996 • 1997 • 1998 • 1999 • 2000 • 2001 • 2002 • 2003 • 2004 • 2005 • 2006 • 2007 • 2008 • 2009 • 2010 • 2011 • 2012 • 2013 • 2014;;;1:64;Trucks;Poclain;https://static.wikia.nocookie.net/majorette_model_cars/images/6/60/Majorette_Pelle_Mecanique_%28red%2C_yellow_shovel%29.jpg/revision/latest?cb=20210408204650;242.jpg
MAJ-RENAULT_MAGN;Renault Magnum;Renault;Trucks & Buses;;;;1:64;Trucks;Renault_Trucks;https://static.wikia.nocookie.net/majorette_model_cars/images/1/1c/Renault_Magnum.png/revision/latest?cb=20260921195029;MAJ-RENAULT_MAGN.jpg
MAJ-RENAULT_PREM;Renault Premium;Renault;Trucks & Buses;;;;1:64;Trucks;Renault_Trucks;https://static.wikia.nocookie.net/majorette_model_cars/images/5/51/Renault_Premium.png/revision/latest?cb=20260921194853;MAJ-RENAULT_PREM.jpg
247;Renault J Garbage;Renault;200 serie;;;;1:64;Trucks;Renault_Trucks;https://static.wikia.nocookie.net/majorette_model_cars/images/8/8c/Renault_trucks_garbage_yellow_green.JPG/revision/latest?cb=20250925110404;247_4.jpg
265;Renault J Container;Renault;200 serie;1987 - 1988 - 1989 - 1990 - 1991 - 1992 - 1993 - 1994 - 1995 - 1996 - 1997 - 1998 - 1999 - 2000 - 2001 - 2002 - 2003 - 2004 - 2005 - 2006 - 2007 - 2008 - 2009 - 2010 - 2011 - 2012 - 2013;;;1:64;Trucks;Renault_Trucks;https://static.wikia.nocookie.net/majorette_model_cars/images/3/37/Renault_J_Container_%28red%2C_west_lines%29.jpg/revision/latest?cb=20201126230622;265_3.jpg
367;Renault Bache Semi Truck & Trailer;Renault;300 serie;;;;1:64 / 1:87;Trucks;Renault_Trucks;https://static.wikia.nocookie.net/majorette_model_cars/images/e/e9/Renault_Semi_.jpg/revision/latest?cb=20260101165705;367_1.jpg
223;Saviem Chantier;Saviem;200 serie;;;;1:64;Trucks;Saviem_Trucks;https://static.wikia.nocookie.net/majorette_model_cars/images/2/22/Saviem_Chantier_223.jpg/revision/latest?cb=20260216065516;223_14.jpg
228;Saviem Grue Crane;Saviem;200 serie;1976 • 1977 • 1978 • 1979 • 1980;;;1:64;Trucks;Saviem_Trucks;https://static.wikia.nocookie.net/majorette_model_cars/images/7/77/Majorette_Saviem_Grue_Crane_%28orange_and_green%2C_black_crane%29.jpg/revision/latest?cb=20210115131143;228_7.jpg
236;Saviem SM 280 (Chalet);Saviem;200 serie;1975 • 1976 • 1977 • 1978;;;1:64;Trucks;Saviem_Trucks;https://static.wikia.nocookie.net/majorette_model_cars/images/6/66/Majorette_Saviem_SM_280_%28Chalet%29_%28blue%2C_NUC_wheels%29.jpg/revision/latest?cb=20201016220941;236_3.jpg
214;Saviem SM Europe Container;Saviem;200 serie;1976 • 1977 • 1978 • 1979 • 1980 • 1981 • 1982 • 1983 • 1984;;;1:64;Trucks;Saviem_Trucks;https://static.wikia.nocookie.net/majorette_model_cars/images/b/b1/Majorette_Saviem_SM_Europe_Container_%28white%2C_pepsi%2C_NUC-3S%29.jpg/revision/latest?cb=20201211172253;214_7.jpg
241;Saviem SM Europe Covered Truck;Saviem;200 serie;1976 • 1977 • 1978 • 1979 • 1980 • 1981 • 1982 • 1983;;;1:64 / 1:87;Trucks;Saviem_Trucks;https://static.wikia.nocookie.net/majorette_model_cars/images/6/67/Majorette_Saviem_SM_Europe_Covered_Truck_%28red%2C_white_tarpaulin_majorette_metal%2C_NUCS-NUC_wheels%29.jpg/revision/latest?cb=20201211151415;241_1.jpg
245;Saviem SM Europe Tanker;Saviem;200 serie;1975 • 1976 • 1977 • 1978 • 1979 • 1980 • 1981 • 1982;;;1:64;Trucks;Saviem_Trucks;https://static.wikia.nocookie.net/majorette_model_cars/images/5/5c/Majorette_Saviem_SM_Europe_Tanker_%28red%2C_shell%2C_black_base%29.jpg/revision/latest?cb=20201211141541;245_1.jpg
205;Scania LS 140 Dump Truck;Scania;200 serie;1976 • 1977 • 1978 • 1979 • 1980;;;1:64 / 1:87;Trucks;Scania_Vehicles;https://static.wikia.nocookie.net/majorette_model_cars/images/c/c1/Majorette_Scania_LS_140_Dump_Truck_%28red%2C_yellow_tipper%29.jpg/revision/latest?cb=20200717132932;205.jpg
222;Scania LS 140 Multi Benne;Scania;200 serie;1975 • 1976 • 1977 • 1978 • 1979 • 1980 • 1981 • 1982 • 1983 • 1984;;;1:64;Trucks;Scania_Vehicles;https://static.wikia.nocookie.net/majorette_model_cars/images/d/d5/Majorette_Scania_140_LS_Multibenne_%28orange%2C_grey_interior%2C_NUC-NUCS_wheels%29.jpg/revision/latest?cb=20210409164749;222.jpg
205;Scania LS 140 Tipper Truck;Scania;200 serie;1981 • 1982;;;1:64 / 1:87;Trucks;Scania_Vehicles;https://static.wikia.nocookie.net/majorette_model_cars/images/f/fb/Majorette_Scania_LS_140_Tipper_Truck_%28red%2C_silver_tipper%2C_NUC_wheels%29.jpg/revision/latest?cb=20200717150247;205_3.jpg
364;Scania Semi Tank Truck;Scania;300 serie;1981 • 1982;;;1:64 / 1:87;Trucks;Scania_Vehicles;https://static.wikia.nocookie.net/majorette_model_cars/images/4/49/Scania_Semi_Tank_Truck_%28red%2C_texaco%29.jpg/revision/latest?cb=20210911180815;364_4.jpg
226C;Volvo SD160B Steam Roller;Volvo;Ride Now - Street Cars;2025 • 2026;;;1:64;Trucks;Volvo_Trucks;https://static.wikia.nocookie.net/majorette_model_cars/images/2/26/Volvo_SD160B_yellow_steam_roller.JPG/revision/latest?cb=20251017140038;226C.jpg
287A;Volvo FMX Garbage;Volvo;City asst - City Premium Vehicles;2023 • 2024 • 2025;;;1:64;Trucks;Volvo_Trucks;https://static.wikia.nocookie.net/majorette_model_cars/images/6/63/Volvo_FMX_garbage.JPG/revision/latest?cb=20250924191537;287A.jpg
298C;Volvo Excavator EC950E;Volvo;Construction VOLVO;2021 • 2022 • 2023 • 2024 • 2025;;;1:64;Trucks;Volvo_Trucks;https://static.wikia.nocookie.net/majorette_model_cars/images/0/02/Volvo_Excavator_EC950E_%28yellow%29_2021.jpg/revision/latest?cb=20210916170302;298C.jpg
287A;Volvo FMX Cement Mixer Truck;Volvo;Construction VOLVO;2021 • 2022 • 2023 • 2024 • 2025;;;1:64 / 1:87;Trucks;Volvo_Trucks;https://static.wikia.nocookie.net/majorette_model_cars/images/6/63/Volvo_Cement_Mixer_Truck_%28yellow%29_2021.jpg/revision/latest?cb=20210916170114;287A_1.jpg
MAJ-VOLVO_FMX_DU;Volvo FMX Dump Container;Volvo;Construction VOLVO;2021 • 2022 • 2023 • 2024 • 2025;;;1:64;Trucks;Volvo_Trucks;https://static.wikia.nocookie.net/majorette_model_cars/images/7/70/Volvo_FMX_Dump_Container_%28yellow%29_2021.jpg/revision/latest?cb=20210916170534;MAJ-VOLVO_FMX_DU.jpg
287A;Volvo FMX Dump Truck;Volvo;Construction VOLVO;2021 • 2022 • 2023 • 2024 • 2025;;;1:64 / 1:87;Trucks;Volvo_Trucks;https://static.wikia.nocookie.net/majorette_model_cars/images/2/22/Volvo_FMX_Dump_Truck_%28yellow%29_2021.jpg/revision/latest?cb=20210916170617;287A_2.jpg
MAJ-VOLVO_FMX_SH;Volvo FMX Show Truck;Volvo;Construction VOLVO;2021 • 2022 • 2023 • 2024 • 2025;;;1:64 / 1:87;Trucks;Volvo_Trucks;https://static.wikia.nocookie.net/majorette_model_cars/images/7/7c/Volvo_FMX_transporteur.JPG/revision/latest?cb=20260103185128;MAJ-VOLVO_FMX_SH.jpg
MAJ-VOLVO_FMX_TI;Volvo FMX Tipper;Volvo;Construction VOLVO;2021 • 2022 • 2023 • 2024 • 2025;;;1:64;Trucks;Volvo_Trucks;https://static.wikia.nocookie.net/majorette_model_cars/images/f/fd/Volvo_FMX_Tipper_%28yellow%29_2021.jpg/revision/latest?cb=20210916170833;MAJ-VOLVO_FMX_TI.jpg
MAJ-VOLVO_FMX_TR;Volvo FMX Truck with 2 Construction Containers;Volvo;Construction VOLVO;2021 • 2022 • 2023 • 2024 • 2025;;;1:64 / 1:87;Trucks;Volvo_Trucks;https://static.wikia.nocookie.net/majorette_model_cars/images/d/d4/Volvo_MX_2x_container.JPG/revision/latest?cb=20260103185129;MAJ-VOLVO_FMX_TR.jpg
MAJ-VOLVO_FMX_TR;Volvo FMX Truck with Long Bed Trailer + Volvo Wheel Loader L350H;Volvo;Construction VOLVO;2021 • 2022 • 2023 • 2024 • 2025;;;1:64 / 1:87;Trucks;Volvo_Trucks;https://static.wikia.nocookie.net/majorette_model_cars/images/3/3f/Volvo_FMX_Truck_with_Long_Bed_Trailer_%2B_Volvo_EC_950E_%282021%29.jpg/revision/latest?cb=20210916170926;MAJ-VOLVO_FMX_TR_1.jpg
298A;Volvo Hauler A60H;Volvo;Construction VOLVO - Monster Rockerz;2021 • 2022 • 2023 • 2024 • 2025 • 2026;;;1:64;Trucks;Volvo_Trucks;https://static.wikia.nocookie.net/majorette_model_cars/images/f/f7/Volvo_Hauler_A60H_%28yellow%29_2021.jpg/revision/latest?cb=20210916170707;298A.jpg
298B;Volvo Wheel Loader L350H;Volvo;Construction VOLVO;2021 • 2022 • 2023 • 2024 • 2025;;;1:64;Trucks;Volvo_Trucks;https://static.wikia.nocookie.net/majorette_model_cars/images/3/30/Volvo_Wheel_Loader_L350H_%28yellow%29_2021.jpg/revision/latest?cb=20210916170748;298B.jpg
294D;Volvo FH16 Semi Truck;Volvo;Serie 300;2009 • 2010 • 2011 • 2012 • 2013 • 2014;;;1:64 / 1:87;Trucks;Volvo_Trucks;https://static.wikia.nocookie.net/majorette_model_cars/images/8/8f/Volvo_FH16.png/revision/latest?cb=20260705213734;294D.jpg
340;Volvo F16 Semi Container;Volvo;Serie 300;1993 • 1994 • 1995 • 1996 • 1997 • 1998 • 1999 • 2000 • 2001 • 2002 • 2003 • 2004 • 2005 • 2006 • 2007 • 2008;;;1:64;Trucks;Volvo_Trucks;https://static.wikia.nocookie.net/majorette_model_cars/images/c/c7/Volvo_Semi_Container_%28red%2C_hollywood_boulevard%29.jpg/revision/latest?cb=20220223153246;340.jpg
355;Volvo F16 Semi Oil Tanker;Volvo;300 serie;1990 • 1991 • 1992 • 1993 • 1994 • 1995 • 1996 • 1997 • 1998 • 1999 • 2000 • 2001 • 2002 • 2003 • 2004 • 2005 • 2006 • 2007 • 2008;;;1:64;Trucks;Volvo_Trucks;https://static.wikia.nocookie.net/majorette_model_cars/images/6/66/Majorette_Volvo_Semi_Oil_Tanker_%28yellow%2C_petrol_company%29.jpg/revision/latest?cb=20210524121944;355_4.jpg
Z100R35;Boat Trailer (2018);Majorette;"Explorer Trailer Asst. GIRLmazing Trailer Asst. / Pink Drivez Trailer Box Volkswagen ""The Originals"" Trailer Asst.";2018 • 2019 • 2020 • 2021 • 2022;;;1:64;Trailers;Boats;https://static.wikia.nocookie.net/majorette_model_cars/images/7/73/Z100R35_boat_trailer_-_explorer_series.jpg/revision/latest?cb=20201031132801;Z100R35.jpg
343;Inflatable Boat Trailer;Majorette;300 serie;1973 • 1974 • 1975 • 1976 • 1977 • 1978 • 1979 • 1980 • 1981 • 1982 • 1983 • 1984 • 1985 • 1986 • 1987 • 1987 • 1988 • 1989 • 1990 • 1991 / 2004 • 2005 • 2006 • 2007 • 2008 • 2009 • 2010 • 2011 • 2012 • 2013 • 2014 • 2015 • 2016 • 2017;;;1:64;Trailers;Boats;https://static.wikia.nocookie.net/majorette_model_cars/images/c/c6/Inflatable_boat_trailer_%281973%29.jpg/revision/latest?cb=20210523102320;343_11.jpg
338;Sailboat (1982);Majorette;300 serie;1982 • 1983 • 1984 • 1985 • 1986 • 1987 • 1988 • 1989 • 1990 • 1991 • 1992 • 1993 • 1994 • 1995 • 1996;;;1:64;Trailers;Boats;https://static.wikia.nocookie.net/majorette_model_cars/images/0/0d/Majorette_Sailboat_%281982%29_%28blue-yellow%29.jpg/revision/latest?cb=20210314130800;338_10.jpg
325;Caravane (1983);Majorette;300 serie;1983 • 1984 • 1985 • 1986 • 1987 • 1988 • 1989 • 1990 • 1991 • 1992 • 1993 • 1994 • 1995 • 1996 • 1997 • 1998 • 1999 • 2000 • 2001;;;1:64;Trailers;Caravans;https://static.wikia.nocookie.net/majorette_model_cars/images/f/fe/Majorette_Caravane_%281983%29_%28tan%29.jpg/revision/latest?cb=20210312185830;325_15.jpg
370;Caravane Residentielle;Majorette;300 serie;1977 • 1978 • 1979 • 1998 • 1999;;;1:64;Trailers;Caravans;https://static.wikia.nocookie.net/majorette_model_cars/images/e/eb/Majorette_Caravane_Residentiele_%28white%29.jpg/revision/latest?cb=20210313110045;370.jpg
368 (201);Caravane St-Tropez;Majorette;300 serie;1977 • 1978 • 1979 • 1980 • 1981 • 1982 • 1983 • 1984 • 1985;;;1:64;Trailers;Caravans;https://static.wikia.nocookie.net/majorette_model_cars/images/8/8b/Majorette_Caravane_St_Tropez_%28yellow%2C_sticker_blue_dolphin_in_sea%29.jpg/revision/latest?cb=20210312224400;201_(368)_2.jpg
MAJ-AEROPLANE_TR;Aeroplane Trailer;Majorette;300 serie;1970 • 1971;;;1:64;Trailers;Trailers;https://static.wikia.nocookie.net/majorette_model_cars/images/7/70/Aeroplane_trailer.png/revision/latest?cb=20260703103316;MAJ-AEROPLANE_TR.jpg
R13B;Airstream Sport 16;Majorette;"Vintage Trailer - GIRLmazing Trailer Asst. / Pink Drivez Trailer Box - Volkswagen ""The Originals"" Trailer Asst. - Explorer Asst. - City Asst.";2018 • 2019 • 2020 • 2021 • 2022 • 2023 • 2024;;;1:64;Trailers;Trailers;https://static.wikia.nocookie.net/majorette_model_cars/images/c/cc/Airstream_Sport_16_R138_2018.jpg/revision/latest?cb=20200605160308;R138.jpg
336;Bicycle Trailer;Majorette;300 serie;1996 • 1997 • 1998 • 1999 • 2000 • 2001 / 2004 • 2005 • 2006 • 2007 • 2008 • 2009;;;1:64;Trailers;Trailers;https://static.wikia.nocookie.net/majorette_model_cars/images/f/f4/Bicycle_trailer.jpg/revision/latest?cb=20210411192732;336_3.jpg
MAJ-CANOE_TRAILE;Canoe Trailer;Majorette;300 serie;1968 • 1969 • 1970 • 1971 • 1972 • 1973 • 1974 • 1975 • 1976 • 1977 • 1978 • 1979 • 1980 • 1981 • 1982 • 1983 • 1984 • 1985 • 1986 • 1987 • 1988 • 1989 • 1990 • 1991 • 1992 • 1993 • 1994 • 1995 • 1996 • 1997 • 1998 • 1999 • 2000 • 2001 • 2002 • 2003 • 2004 • 2005 • 2006 • 2007 • 2008 • 2009 • 2010 • 2011 • 2012 • 2013 • 2014 • 2015 • 2016 • 2017 • 2018 • 2019 • 2020 • 2021 • 2022 • 2023 • 2024 • 2025;;;1:64;Trailers;Trailers;https://static.wikia.nocookie.net/majorette_model_cars/images/0/0b/Canoe_Trailer.png/revision/latest?cb=20260703105119;MAJ-CANOE_TRAILE.jpg
382;Compressor;Majorette;300 serie;1979 • 1980 • 1981 • 1982 • 1983 • 1997 • 1998 • 1999 • 2000 • 2001 • 2002 • 2003 • 2004 • 2005 • 2006 • 2007 • 2008 • 2009 • 2010;;;1:64;Trailers;Trailers;https://static.wikia.nocookie.net/majorette_model_cars/images/9/92/Majorette_Compressor_%28orange_%26_yellow%29.jpg/revision/latest?cb=20210213122919;382_7.jpg
321;Construction Cab;Majorette;300 serie;1978 • 1982 • 1983 • 1984 • 1985 • 1986 • 1999 • 2002 • 2003 • 2004 • 2005 • 2006 • 2007;;;1:64;Trailers;Trailers;https://static.wikia.nocookie.net/majorette_model_cars/images/e/ec/Construction_Cab_%28yellow%29.jpg/revision/latest?cb=20210213114023;321_3.jpg
316;Dump Trailer;Majorette;300 serie;1980 • 1981 • 1982 • 1983 • 1984 • 1985 • 1986 • 1987 • 1988 • 1989 • 1990 • 1991 • 1992 • 1993 • 1994 • 1995 • 1996 • 1997;;;1:64;Trailers;Trailers;https://static.wikia.nocookie.net/majorette_model_cars/images/a/a0/Majorette_Dump_Trailer_%28yellow%2C_green%2C_4V_wheels%29.jpg/revision/latest?cb=20210210150302;316_6.jpg
344;Elephant Cage Transporter;Volkswagen;300 serie;1987 • 1988 • 1989 • 1990 • 1991 • 1992 • 1993 • 1994;;;1:64;Trailers;Trailers;https://static.wikia.nocookie.net/majorette_model_cars/images/0/0e/Elephant_Cage_Transporter_%281987%29.jpg/revision/latest?cb=20210612143930;344_1.jpg
R13A;Eriba Puck;Majorette;Vintage Trailer;2018 • 2019 • 2020 • 2021 • 2022 • 2023 • 2024 • 2025;;;1:64;Trailers;Trailers;https://static.wikia.nocookie.net/majorette_model_cars/images/3/34/ERIBA_Puck_Vintage_Series_yellow_creme_R13A.jpg/revision/latest?cb=20201105101020;R13A.jpg
369;Fodder Trailer;Majorette;300 serie;1980 • 1981 • 1982 • 1983 • 1984 • 1985 • 1986 • 1987;;;1:64;Trailers;Trailers;https://static.wikia.nocookie.net/majorette_model_cars/images/5/5a/Majorette_Fodder_Trailer_%28green%29.jpg/revision/latest?cb=20200601144029;369_2.jpg
327;Ford Cargo Tanker Trailer;Ford;300 serie;1985 • 1986 • 1987 • 1988 • 1989 • 1990 • 1991 • 1992 • 1993 • 1994 • 1995 • 1996 • 1997 • 1998 • 1999 • 2000 • 2001 • 2002 • 2003 • 2004 • 2005 • 2006 • 2007 • 2008;;;1:64;Trailers;Trailers;https://static.wikia.nocookie.net/majorette_model_cars/images/1/16/Ford_Cargo_Tanker_Trailer_%281998%2C_the_good_milk_milky%29.jpg/revision/latest?cb=20200628153931;327_7.jpg
334;Forest Trailer;Majorette;300 serie;1994 • 1995 • 1996 • 1997 • 1998 • 1999 • 2000 • 2001 • 2002 • 2003 • 2004 • 2005 • 2006 • 2007 • 2008 • 2009 • 2010;;;1:64;Trailers;Trailers;https://static.wikia.nocookie.net/majorette_model_cars/images/8/8c/Majorette_Forest_Trailer.jpg/revision/latest?cb=20200601005326;334_1.jpg
R11A;Horse Trailer 2020;Majorette;GIRLmazing Trailer Asst.;2020 • 2021 • 2022 • 2023 • 2024 • 2025;;;1:64;Trailers;Trailers;https://static.wikia.nocookie.net/majorette_model_cars/images/3/34/Horse_Trailer_GIRLmazing_2020.jpg/revision/latest?cb=20200729105701;R11A.jpg
311;Horse Trailer (1978);Majorette;300 serie;1978 • 1979 • 1980 • 1981 • 1982 • 1983 • 1984 • 1985 • 1986 • 1987 • 1988 • 1989 • 1990 • 1991 • 1992 • 1996 • 1997 • 1998 • 1999 • 2000 • 2001;;;1:64;Trailers;Trailers;https://static.wikia.nocookie.net/majorette_model_cars/images/4/42/Majorette_Horse_Trailer_%281978%29_%28green%2C_white_tarpaulin%29.jpg/revision/latest?cb=20210219100453;311_15.jpg
328;Lion Cage Trailer;Majorette;300 serie;1987 • 1988 • 1989 • 1990 • 1991 • 1992 • 1993 • 1994 • 1995 • 1996 • 1997 • 1998 • 1999 • 2000 • 2001 • 2002 • 2003 • 2004 • 2005 • 2006 • 2007 • 2008 • 2009 • 2010 • 2011 • 2012;;;1:64;Trailers;Trailers;https://static.wikia.nocookie.net/majorette_model_cars/images/a/aa/Majorette_Lion_Cage_Trailer_%28white%2C_black%29.jpg/revision/latest?cb=20210612110537;328_13.jpg
323;Livestock Trailer;Majorette;300 serie;;;;1:64;Trailers;Trailers;https://static.wikia.nocookie.net/majorette_model_cars/images/a/a5/Livestock_Trailer.png/revision/latest?cb=20260703105302;323_2.jpg
335D;Mini Go Kart Trailer;MINI;300 serie;2002 • 2003 • 2004 • 2005 • 2006 • 2007 • 2008 • 2009 • 2010 • 2011 • 2012 • 2013 • 2014 • 2015 • 2016 • 2017;;;1:64;Trailers;Trailers;https://static.wikia.nocookie.net/majorette_model_cars/images/b/b4/Mini_Go_Kart_Trailer_%28red%29_2002.jpg/revision/latest?cb=20211025222015;335D_4.jpg
378 / 333;Motorcycle Trailer;Majorette;300 serie;1978 • 1982 • 1983 • 1984 • 1985 • 1986 • 1987 • 1988 • 1989 • 1990;;;1:64;Trailers;Trailers;https://static.wikia.nocookie.net/majorette_model_cars/images/f/f9/Motorcycle_Trailer_%281978%29.jpg/revision/latest?cb=20210611144456;378_-_333.jpg
362;Radar Trailer;Majorette;300 serie;;;;1:64;Trailers;Trailers;https://static.wikia.nocookie.net/majorette_model_cars/images/b/b2/Radar_Trailer_%28white%29.jpg/revision/latest?cb=20210220205628;362_8.jpg
376;Reservoir;Majorette;300 serie;1978 • 1979 • 1980 • 1981 • 1982 • 1983 • 1984 • 1985 • 1986 • 1987 • 1988 • 1989 • 1990 • 1991 • 1992 • 1996 • 1997 • 1998 • 1999 • 2000 • 2001 • 2002 • 2003 • 2004 • 2005 • 2006 • 2007;;;1:64;Trailers;Trailers;https://static.wikia.nocookie.net/majorette_model_cars/images/7/7d/Majorette_Reservoir_%28red%2C_coat_of_arms%29.jpg/revision/latest?cb=20210922112841;376_8.jpg
335F;Trailer Moto;Majorette;300 serie;2004 • 2005 • 2006 • 2007 • 2008 • 2009;;;1:64;Trailers;Trailers;https://static.wikia.nocookie.net/majorette_model_cars/images/1/15/Trailer_Moto_%28blue%29.jpg/revision/latest?cb=20210926192112;335F_1.jpg
MAJ-VOLVO_FMX_DU;Volvo FMX Dump Trailer;Volvo;Construction VOLVO;2021 • 2022 • 2023 • 2024 • 2025;;;1:64;Trailers;Trailers;https://static.wikia.nocookie.net/majorette_model_cars/images/4/4e/Volvo_FMX_Dump_Trailer_%28yellow%29_2021.jpg/revision/latest?cb=20210916173809;MAJ-VOLVO_FMX_DU_1.jpg
244A;244A;Majorette;Champions;;;black;1:64;Major Collections;Champions;https://static.wikia.nocookie.net/majorette_model_cars/images/a/a1/BMW_Z3_Coup%C3%A9_%28black%2C_echo%2C_5S%29.jpg/revision/latest?cb=20200716175209;244A_7.jpg
201A;201A;Majorette;Champions;;;white;1:64;Major Collections;Champions;https://static.wikia.nocookie.net/majorette_model_cars/images/8/8a/Ford_Focus_WRC_%28white%2C_nr4_castrol%2C_michelin%29.jpg/revision/latest?cb=20200710192802;201A.jpg
232A;232A;Majorette;Champions;;;silver;1:64;Major Collections;Champions;https://static.wikia.nocookie.net/majorette_model_cars/images/8/87/Mercedes_CLK_GTR_%28silver%2C_champions%29_2004.jpg/revision/latest?cb=20200911193011;232A_5.jpg
292A;292A;Majorette;Champions;;;white;1:64;Major Collections;Champions;https://static.wikia.nocookie.net/majorette_model_cars/images/5/55/Majorette_Mitsubishi_Pajero_%28white%2C_blue_hp_print%2C_no_201%29.jpg/revision/latest?cb=20211022141714;292A_5.jpg
292A;292A;Majorette;Champions;;;red;1:64;Major Collections;Champions;https://static.wikia.nocookie.net/majorette_model_cars/images/b/bb/Majorette_Mitsubishi_Pajero_%28red%2C_205_metabo%2C_detailed_headlights%29.jpg/revision/latest?cb=20200911222953;292A_2.jpg
205B;205B;Majorette;Champions;;;silver;1:64;Major Collections;Champions;https://static.wikia.nocookie.net/majorette_model_cars/images/3/36/Peugeot_206_WRC_Great_Britain_2003.jpg/revision/latest?cb=20200906193905;205B.jpg
205B;205B;Majorette;Champions;;;red;1:64;Major Collections;Champions;https://static.wikia.nocookie.net/majorette_model_cars/images/a/a2/Peugeot_206_WRC_Monte_Carlo_2003.jpg/revision/latest?cb=20200906194024;205B_3.jpg
205B;205B;Majorette;Champions;;;red;1:64;Major Collections;Champions;https://static.wikia.nocookie.net/majorette_model_cars/images/4/4a/Peugeot_206_WRC_Turkey_2003.jpg/revision/latest?cb=20200906194056;205B_4.jpg
205D;205D;Majorette;Champions;;;red;1:64;Major Collections;Champions;https://static.wikia.nocookie.net/majorette_model_cars/images/9/99/Peugeot_307_WRC_%28red%29_2004.jpg/revision/latest?cb=20210718183214;205D.jpg
209A;209A;Majorette;Champions;;;white;1:64;Major Collections;Champions;https://static.wikia.nocookie.net/majorette_model_cars/images/e/e5/Porsche_996_%28white%2C_80%2C_champions%29_2004.jpg/revision/latest?cb=20200912205412;209A.07.jpg
209A;209A;Majorette;Champions;;;white;1:64;Major Collections;Champions;https://static.wikia.nocookie.net/majorette_model_cars/images/6/65/Porsche_996_%28white%2C_GT2%2C_champions%29_2004.jpg/revision/latest?cb=20200912205635;209A.05.jpg
209A;209A;Majorette;Champions;;;blue;1:64;Major Collections;Champions;https://static.wikia.nocookie.net/majorette_model_cars/images/5/53/Porsche_996_%28blue%2C_silver%2C_champions%29_2004.jpg/revision/latest?cb=20200912205757;209A.04.jpg
275A;275A;Majorette;Champions;;;blue;1:64;Major Collections;Champions;https://static.wikia.nocookie.net/majorette_model_cars/images/0/08/Subaru_Impreza_WRC_%28blue%2C_6S%29.jpg/revision/latest?cb=20200805132830;275A.jpg
6 single models each year;6 single models each year;Majorette;City Premium Vehicles;2026;;;1:64;Major Collections;City;https://static.wikia.nocookie.net/majorette_model_cars/images/c/c8/City_2026.png/revision/latest?cb=20260131120241;6_single_models_each_year.jpg
6 single models each year;6 single models each year;Majorette;City Premium Vehicles;2025;;;1:64;Major Collections;City;https://static.wikia.nocookie.net/majorette_model_cars/images/6/6f/City_2025.png/revision/latest?cb=20260131120003;6_single_models_each_year_1.jpg
6 single models each year;6 single models each year;Majorette;City Asst.;2016 ► 2024;;;1:64;Major Collections;City;https://static.wikia.nocookie.net/majorette_model_cars/images/f/f9/City_Single_vehicles_assortment.jpg/revision/latest?cb=20200802185953;6_single_models_each_year_2.jpg
3 different sets;3 different sets;Majorette;City 2 pieces set;2016 - 2017;;;1:64;Major Collections;City;https://static.wikia.nocookie.net/majorette_model_cars/images/f/fe/City_2_pieces_set.jpg/revision/latest?cb=20200804061834;3_different_sets.jpg
different sets;different sets;Majorette;before 2019 - change time by time as utility series: - MAN Lion´s city bus C - Trailer Asst. City Trailer Asst. (2019) in 2020 part split to: - Trailer Asst. - MAN city bus + MAN TGX Trucks All this different series listet here as City Trailer Asst.;2014 - 2015 - 2016 - 2017 - 2018 - 2019 - 2020;;;1:64;Major Collections;City;https://static.wikia.nocookie.net/majorette_model_cars/images/2/2e/City_trailer_assortment.jpg/revision/latest?cb=20200804071555;different_sets.jpg
set includes 3 vehicles and accessories;set includes 3 vehicles and accessories;Majorette;City Play Set also named as City Theme Set and City Life;2019 - 2020;;;1:64;Major Collections;City;https://static.wikia.nocookie.net/majorette_model_cars/images/f/fe/City_play_set.jpg/revision/latest?cb=20200802193301;set_includes_3_vehicles_and_accessories.jpg
8 different sets;8 different sets;Majorette;City Transporter Asst. pre 2018 listed as Utility Transporter Asst.;2018 - 2019 - 2020;;;1:64;Major Collections;City;https://static.wikia.nocookie.net/majorette_model_cars/images/c/cc/City_transporter.jpg/revision/latest?cb=20200802200730;8_different_sets.jpg
different color variations;different color variations;Majorette;City MAN Lion´s City Bus + Siemens Avenio Tram pre 2017 part of Transporter Asst. All MAN Lion´s City Bus + Siemens Avenio Tram listed here for all years of manufacturing.;2016 - 2017 - 2018 - 2019 - 2020;;;1:64;Major Collections;City;https://static.wikia.nocookie.net/majorette_model_cars/images/0/05/City_2_MAN_Lions_bus_Siemens_Avenio_tram.jpg/revision/latest?cb=20200804055637;different_color_variations.jpg
12 single models;12 single models;Majorette;City Fiction Racers;2018 - 2019;;;1:64;Major Collections;City;https://static.wikia.nocookie.net/majorette_model_cars/images/f/f2/City_fiction_racers.jpg/revision/latest?cb=20200803052853;12_single_models.jpg
3 different sets;3 different sets;Majorette;City Playset Small;2016 - 2017 - 2018;;;1:64;Major Collections;City;https://static.wikia.nocookie.net/majorette_model_cars/images/d/dc/City_playset_small.jpg/revision/latest?cb=20200803070040;3_different_sets_1.jpg
2 different sets;2 different sets;Majorette;City Playset Medium;2016 - 2017 - 2018;;;1:64;Major Collections;City;https://static.wikia.nocookie.net/majorette_model_cars/images/1/1e/City_playset_medium.jpg/revision/latest?cb=20200803065247;2_different_sets.jpg
set with 3 vehicles;set with 3 vehicles;Majorette;City Theme Set;2017 - 2018;;;1:64;Major Collections;City;https://static.wikia.nocookie.net/majorette_model_cars/images/d/d9/City_theme_set.jpg/revision/latest?cb=20200803055244;set_with_3_vehicles.jpg
239C;Renault Master;Renault;Construction Asst.;2015 - 2016 - 2017 - 2018 - 2019 - 2020 - 2021;;;1:64;Major Collections;Construction_Asst.;https://static.wikia.nocookie.net/majorette_model_cars/images/8/86/Majorette_Renault_Master_%28white%2C_construction_service%29.jpg/revision/latest?cb=20210916175341;239C_1.jpg
242A;Liebherr R936;Liebherr;Construction Asst.;2015 - 2016 - 2017 - 2018 - 2019 - 2020 - 2021;;;1:64;Major Collections;Construction_Asst.;https://static.wikia.nocookie.net/majorette_model_cars/images/e/ea/Liebherr_R936_orange_construction_series_242A.jpg/revision/latest?cb=20201122101856;242A.jpg
263C;Liebherr L538;Liebherr;Construction Asst.;2015 - 2016 - 2017 - 2018 - 2019;;;1:64;Major Collections;Construction_Asst.;https://static.wikia.nocookie.net/majorette_model_cars/images/2/2c/Liebherr_L538_orange_263C.jpg/revision/latest?cb=20201030200235;263C.jpg
297B;Mercedes-Benz Zetros Dump Truck;Mercedes-Benz;Construction Asst.;2015 - 2016 - 2017 - 2018 - 2019 - 2020;;;1:64 / 1:87;Major Collections;Construction_Asst.;https://static.wikia.nocookie.net/majorette_model_cars/images/0/03/Mercedes-Benz_Zetros_Dump_Truck_blue.jpg/revision/latest?cb=20200814194217;297B.jpg
299F;MAN TGS Mixer;MAN;Construction Asst.;2015 - 2016 - 2017 - 2018 - 2019 - 2020 -;;;1:64;Major Collections;Construction_Asst.;https://static.wikia.nocookie.net/majorette_model_cars/images/e/e2/MAN_TGS_Mixer_red_299F.jpg/revision/latest?cb=20200816124416;299F_1.jpg
204D;Ford Mustang GT Police;Ford;2019;;;Black;1:64;Major Collections;Deluxe_Cars;https://static.wikia.nocookie.net/majorette_model_cars/images/7/7d/Ford_Mustang_GT_Police_204D.jpg/revision/latest?cb=20220512123525;204D_1.jpg
214G;Nissan GT-R;Nissan;2019;;;matt purple;1:64;Major Collections;Deluxe_Cars;https://static.wikia.nocookie.net/majorette_model_cars/images/e/e6/Nissan_GT-R_%28matt_blue%2C_white_print_7_on_doors%29.jpg/revision/latest?cb=20220512122418;214G_2.jpg
214G;Nissan GT-R;Nissan;2019;;;chrome blue;1:64;Major Collections;Deluxe_Cars;https://static.wikia.nocookie.net/majorette_model_cars/images/b/bc/Nissan_GT-R_Deluxe_Cars_spectral_blue_2019.jpg/revision/latest?cb=20201006173359;214G.jpg
204D;Ford Mustang GT;Ford;2019 - 2020;;;Matt dark red;1:64;Major Collections;Deluxe_Cars;https://static.wikia.nocookie.net/majorette_model_cars/images/7/77/Ford_Mustang_GT_Satin_rot_-_Felge_RT10SG.jpg/revision/latest?cb=20220512123234;204D.jpg
266C;Land Rover Defender 110;Land Rover;2019 - 2020;;;Olive;1:64;Major Collections;Deluxe_Cars;https://static.wikia.nocookie.net/majorette_model_cars/images/7/73/Land_Rover_Defender_110_green_Deluxe_Cars_2019.jpg/revision/latest?cb=20200620195210;266C.jpg
266C;Land Rover Defender 110;Land Rover;2019 - 2020;;;Orange;1:64;Major Collections;Deluxe_Cars;https://static.wikia.nocookie.net/majorette_model_cars/images/2/25/Land_Rover_Defender_110_Deluxe_Cars_2019_orange.jpg/revision/latest?cb=20200620195531;266C_3.jpg
266C;Land Rover Defender 110;Land Rover;2020;;;lime green;1:64;Major Collections;Deluxe_Cars;https://static.wikia.nocookie.net/majorette_model_cars/images/a/aa/Land_Rover_Defender_110_%28limegreen%2C_deluxe%2C_2020%29.jpg/revision/latest?cb=20200709114644;266C_1.jpg
214G;Nissan GT-R;Nissan;2020 - 2021 - 2022 - 2023;;;metallic dark purple;1:64;Major Collections;Deluxe_Cars;https://static.wikia.nocookie.net/majorette_model_cars/images/8/86/Nissan_GT-R_%28dark_purple%2C_deluxe%29_2020.jpg/revision/latest?cb=20201105193433;214G_1.jpg
266C;Land Rover Defender 110;Land Rover;2020 - 2021 - 2022 - 2023;;;White;1:64;Major Collections;Deluxe_Cars;https://static.wikia.nocookie.net/majorette_model_cars/images/a/a7/Land_Rover_Defender_110_white_deluxe.JPG/revision/latest?cb=20251009135717;266C_4.jpg
219I;Lamborghini Sian FKP 37;Lamborghini;2021 - 2022;;;orange;1:64;Major Collections;Deluxe_Cars;https://static.wikia.nocookie.net/majorette_model_cars/images/7/7e/Lamborghini_Sian_orange_219I_Deluxe_Models_2021.jpg/revision/latest?cb=20230603175510;219I_1.jpg
219I;Lamborghini Sian FKP 37;Lamborghini;2021 - 2022 - 2023;;;olive;1:64;Major Collections;Deluxe_Cars;https://static.wikia.nocookie.net/majorette_model_cars/images/7/78/Majorette_Lamborghini_Sian_%28olive_green%29.jpg/revision/latest?cb=20220322103658;219I.jpg
219I;Lamborghini Sian FKP 37;Lamborghini;2021 - 2022 - 2023;;;metallic blue;1:64;Major Collections;Deluxe_Cars;https://static.wikia.nocookie.net/majorette_model_cars/images/f/f2/Lamborghini_Sian_%28blue%29.jpg/revision/latest?cb=20230603175229;219I_2.jpg
213D;Bugatti Chiron Pur Sport;Bugatti;2021 - 2022 - 2023;;;Blue;1:64;Major Collections;Deluxe_Cars;https://static.wikia.nocookie.net/majorette_model_cars/images/8/83/Bugatti_Chiron_Pur_Sport_%28blue%29.jpg/revision/latest?cb=20220331140846;213D.jpg
213D;Bugatti Chiron Pur Sport;Bugatti;2021 - 2022 - 2023;;;dark red;1:64;Major Collections;Deluxe_Cars;https://static.wikia.nocookie.net/majorette_model_cars/images/7/75/Bugatti_Chiron_Pur_Sport_%28red%29.jpg/revision/latest?cb=20230603163300;213D_6.jpg
213D;Bugatti Chiron Pur Sport;Bugatti;2024;;;sand;1:64;Major Collections;Deluxe_Cars;https://static.wikia.nocookie.net/majorette_model_cars/images/1/1c/Bugatti_chiron_delux2024_sand.JPG/revision/latest?cb=20250328113748;213D_4.jpg
213D;Bugatti Chiron Pur Sport;Bugatti;2024;;;chrome;1:64;Major Collections;Deluxe_Cars;https://static.wikia.nocookie.net/majorette_model_cars/images/6/6c/Bugatti_chiron_deluxe_2024_chrome.JPG/revision/latest?cb=20250328113748;213D_3.jpg
214G;Nissan GT-R;Nissan;2024;;;red;1:64;Major Collections;Deluxe_Cars;https://static.wikia.nocookie.net/majorette_model_cars/images/4/45/Nissan_GT-R_deluxe_cars_2024.JPG/revision/latest?cb=20250408103540;214F_1.jpg
209P;Porsche Taycan Turbo S;Porsche;2024;;;chrome blue;1:64;Major Collections;Deluxe_Cars;https://static.wikia.nocookie.net/majorette_model_cars/images/8/87/Porsche_Taycan_Delux_car_blue_chrome.JPG/revision/latest?cb=20250418105000;209P_1.jpg
237K-2;Audi e-tron GT;Audi;2024;;;black;1:64;Major Collections;Deluxe_Cars;https://static.wikia.nocookie.net/majorette_model_cars/images/c/c9/Audi_e-tron_GT_Delux_Cars.JPG/revision/latest?cb=20250407104738;237K-2_1.jpg
266C;Land Rover Defender 110;Land Rover;2024;;;metallic green;1:64;Major Collections;Deluxe_Cars;https://static.wikia.nocookie.net/majorette_model_cars/images/0/0a/Land_rover_defender_110_green_deluxe.JPG/revision/latest?cb=20251009142500;266B_3.jpg
204E;Ford Mustang Mk7 Dark Horse;Ford;2025;;;Light Blue;1:64;Major Collections;Deluxe_Cars;https://static.wikia.nocookie.net/majorette_model_cars/images/2/2a/Ford_Mustang_Mk7_dark_horse_blue_deluxe.JPG/revision/latest?cb=20251009084126;204E_1.jpg
9610;Chevrolet Corvette C7 GMTM;Chevrolet;2025;;;Chrome Dark Green;1:64;Major Collections;Deluxe_Cars;https://static.wikia.nocookie.net/majorette_model_cars/images/1/13/Chevrolet_Corvette_C7_chrome_dark_green_deluxe.JPG/revision/latest?cb=20251009084126;9610_3.jpg
219I;Lamborghini Sian FKP 37;Lamborghini;2025;;;Blue;1:64;Major Collections;Deluxe_Cars;https://static.wikia.nocookie.net/majorette_model_cars/images/1/1d/Lamborghini_Sian_blue_deluxe.JPG/revision/latest?cb=20251009084126;219I_3.jpg
276B;Toyota Tacoma TRD Pro;Toyota;2025;;;metallic gray;1:64;Major Collections;Deluxe_Cars;https://static.wikia.nocookie.net/majorette_model_cars/images/4/41/Toyota_Tacoma_metallic_dark_gray_deluxe.JPG/revision/latest?cb=20251009084126;276B_2.jpg
231C;GMC Hummer EV;GMC;2025;;;Matt dark green;1:64;Major Collections;Deluxe_Cars;https://static.wikia.nocookie.net/majorette_model_cars/images/a/a5/GMC_Hummer_Dark_Green.JPG/revision/latest?cb=20250406165933;231C_4.jpg
213D;Bugatti Chiron Pur Sport;Bugatti;2025;;;White;1:64;Major Collections;Deluxe_Cars;https://static.wikia.nocookie.net/majorette_model_cars/images/b/b2/Bugatti_chiron_white_deluxe.JPG/revision/latest?cb=20251009084125;213D_7.jpg
content 6 single models;content 6 single models;Majorette;Explorer Asst.;;;;1:64;Major Collections;Explorer;https://static.wikia.nocookie.net/majorette_model_cars/images/5/55/Explorer_single_vehicles_assortment.jpg/revision/latest?cb=20200802132833;content_6_single_models.jpg
content 3 different sets;content 3 different sets;Majorette;Explorer Trailer Asst.;;;;1:64;Major Collections;Explorer;https://static.wikia.nocookie.net/majorette_model_cars/images/b/bf/Explorer_trailer_assortment.jpg/revision/latest?cb=20200802142128;content_3_different_sets.jpg
1 set (10 pieces) - content 6 different vehicles;1 set (10 pieces) - content 6 different vehicles;Majorette;Explorer Big Theme Set;;;;1:64;Major Collections;Explorer;https://static.wikia.nocookie.net/majorette_model_cars/images/5/53/Explorer_big_theme_set.jpg/revision/latest?cb=20200802142157;1_set_(10_pieces)_-_content_6_different_vehicles.jpg
content 5 vehicles;content 5 vehicles;Majorette;"Volkswagen ""The Originals"" Giftpack 2018";;;;1:64;Major Collections;Explorer;https://static.wikia.nocookie.net/majorette_model_cars/images/b/b4/Explorer_volkswagen_gift_pack_-the_originals.jpg/revision/latest?cb=20200802142241;content_5_vehicles.jpg
content 4 single models;content 4 single models;Majorette;Explorer Tuk Tuk Asst.;;;;1:64;Major Collections;Explorer;https://static.wikia.nocookie.net/majorette_model_cars/images/3/36/Explorertuk_tuk_assortment.jpg/revision/latest?cb=20200802142306;content_4_single_models.jpg
208A;Deutz-Fahr 9340 TTV;Majorette;Farm Asst.;2016 - 2017 - 2018 - 2019 - 2020 -2021 - 2022 - 2023 - 2024;;green;1:64;Major Collections;Farm_Asst.;https://static.wikia.nocookie.net/majorette_model_cars/images/f/fb/Deutz-Fahr_9340_TTV_Farm_Asst_208A_green.jpg/revision/latest?cb=20200801164800;208A.jpg
208C;Fendt 939;Majorette;Farm Asst.;2016 - 2017 - 2018 - 2019 - 2020 -2021 - 2022 - 2023 - 2024;;green;1:64;Major Collections;Farm_Asst.;https://static.wikia.nocookie.net/majorette_model_cars/images/f/f4/Fendt_939_green_208C.jpg/revision/latest?cb=20200810152242;208C.jpg
208E;Massey Ferguson 8737;Majorette;Farm Asst.;2016 - 2017 - 2018 - 2019 - 2020 -2021 - 2022 - 2023 - 2024;;red;1:64;Major Collections;Farm_Asst.;https://static.wikia.nocookie.net/majorette_model_cars/images/9/9d/Massey_Ferguson_8737_Farm_Single_Asst._208E.jpg/revision/latest?cb=20200801104529;208E.jpg
208G;Valtra T4;Majorette;Farm Asst.;2016 - 2017 - 2018 - 2019 - 2020 -2021 - 2022 - 2023 - 2024;;blue;1:64;Major Collections;Farm_Asst.;https://static.wikia.nocookie.net/majorette_model_cars/images/9/99/Valtra_T4_Farm_Asst._208G_blue.jpg/revision/latest?cb=20200801162631;208G.jpg
297B;Mercedes-Benz Zetros Wood Truck;Mercedes-Benz;Farm Asst.;2016 - 2017 - 2018 - 2019 - 2020 -2021 - 2022 - 2023 - 2024;;green;1:64 / 1:87;Major Collections;Farm_Asst.;https://static.wikia.nocookie.net/majorette_model_cars/images/e/ed/Mercedes-Benz_Atris_Wood_Truck_279B_green.jpg/revision/latest?cb=20201006163110;297B_3.jpg
208B;CLAAS Xerion 5000;Claas;Farm Asst.;2016 - 2017 - 2018 - 2019 - 2020 -2021 - 2022 - 2023 - 2024;;green;1:64;Major Collections;Farm_Asst.;https://static.wikia.nocookie.net/majorette_model_cars/images/8/8b/CLAAS_Xerion_5000_Farm_Single_Asst_208B.jpg/revision/latest?cb=20200801090921;208B.jpg
2026;2026;Majorette;Monster Rockerz Asst.;2019 - 2020;;yellow;1:64;Major Collections;Monster_Rockerz_Asst.;https://static.wikia.nocookie.net/majorette_model_cars/images/3/31/Monster_rockerz_VW_T1_yellow_9.jpg/revision/latest?cb=20201216142816;2026_4.jpg
2026;2026;Majorette;Monster Rockerz Asst.;2019 - 2020;;green;1:64;Major Collections;Monster_Rockerz_Asst.;https://static.wikia.nocookie.net/majorette_model_cars/images/8/80/Monster_Rockerz_Toyota_FJ_green.jpg/revision/latest?cb=20200920094045;2026_5.jpg
2026;2026;Majorette;Monster Rockerz Asst.;2019 - 2020 - 2021;;matt black;1:64;Major Collections;Monster_Rockerz_Asst.;https://static.wikia.nocookie.net/majorette_model_cars/images/c/c6/Monster_Rockerz_Ford_Raptor_police.jpg/revision/latest?cb=20200920093905;2026_6.jpg
2026;2026;Majorette;Monster Rockerz Asst.;2019 - 2020 - 2021;;tan;1:64;Major Collections;Monster_Rockerz_Asst.;https://static.wikia.nocookie.net/majorette_model_cars/images/b/bf/Monster_rockerz_VW_T1_Tan_Tropf_Runter.jpg/revision/latest?cb=20200920094016;2026_7.jpg
2026;2026;Majorette;Monster Rockerz Asst.;2019 - 2020 - 2021 - 2022 - 2023 - 2024;;blue;1:64;Major Collections;Monster_Rockerz_Asst.;https://static.wikia.nocookie.net/majorette_model_cars/images/6/64/Monster_rockerz_Ford_Raptor_blue.jpg/revision/latest?cb=20200920093942;2026_8.jpg
2026;2026;Majorette;Monster Rockerz Asst.;2020 - 2021 - 2022 - 2023 - 2024;;orange;1:64;Major Collections;Monster_Rockerz_Asst.;https://static.wikia.nocookie.net/majorette_model_cars/images/6/61/2020_21_City_Rockerz_VW_Beetle_Off-Road_456.JPG/revision/latest?cb=20220820135418;2026_9.jpg
2026;2026;Majorette;Monster Rockerz Asst.;2020 - 2021 - 2022 - 2023 - 2024;;black;1:64;Major Collections;Monster_Rockerz_Asst.;https://static.wikia.nocookie.net/majorette_model_cars/images/b/b4/Jeep_wrangler_rockerz_black.JPG/revision/latest?cb=20250828105433;2026_1.jpg
2026;2026;Majorette;Monster Rockerz Asst.;2022 - 2023 - 2024;;red;1:64;Major Collections;Monster_Rockerz_Asst.;https://static.wikia.nocookie.net/majorette_model_cars/images/e/ec/City_Rockerz_F150_Raptor_Fire_Rescue.jpg/revision/latest?cb=20201229192052;2026_10.jpg
2026;2026;Majorette;Monster Rockerz Asst.;2022 - 2023 - 2024;;black;1:64;Major Collections;Monster_Rockerz_Asst.;https://static.wikia.nocookie.net/majorette_model_cars/images/7/70/City_Rockerz_Jeep_Wrangler_Rubicon_police.jpg/revision/latest?cb=20201216144432;2026_3.jpg
2026;2026;Majorette;Monster Rockerz Asst.;2022 - 2023 - 2024;;light blue;1:64;Major Collections;Monster_Rockerz_Asst.;https://static.wikia.nocookie.net/majorette_model_cars/images/6/63/City_rockerz_VW_T1_Ice_Cream_light_blue.jpg/revision/latest?cb=20201216144218;2026_11.jpg
101;101;Majorette;Novacar: Serie 100;1994 - 1995;;yellow;1:64;Major Collections;Novacar:_Serie_100;https://static.wikia.nocookie.net/majorette_model_cars/images/6/64/Ferrari_348_%28yellow%2C_novacar%29_1994.jpg/revision/latest?cb=20210408132635;101_1.jpg
Ferrari 348 (GTB);Ferrari 348 (GTB);Ferrari;Novacar: Serie 100;yellow;;;1:64;Major Collections;Novacar:_Serie_100;https://static.wikia.nocookie.net/majorette_model_cars/images/6/65/Ferrari_348_%28yellow%2C_Ferrari%2C_novacar%29_1994.jpg/revision/latest?cb=20230831183520;101.jpg
102;102;Majorette;Novacar: Serie 100;1994 - 1995 - 1996;;blue;1:64;Major Collections;Novacar:_Serie_100;https://static.wikia.nocookie.net/majorette_model_cars/images/6/69/Nissan_300ZX_%28novacar%29_1994.jpg/revision/latest?cb=20210407124123;102.jpg
103;103;Majorette;Novacar: Serie 100;1994 - 1995;;white;1:64;Major Collections;Novacar:_Serie_100;https://static.wikia.nocookie.net/majorette_model_cars/images/0/06/Chevrolet_Corvette_%28novacar_white%29.jpg/revision/latest?cb=20230525151420;103.jpg
Chevrolet Corvette;Chevrolet Corvette;Chevrolet;Novacar: Serie 100;yellow;;;1:64;Major Collections;Novacar:_Serie_100;https://static.wikia.nocookie.net/majorette_model_cars/images/e/ed/Chevrolet_Corvette_%28yellow%2C_novacar%29.jpg/revision/latest?cb=20210408111922;Chevrolet_Corvette.jpg
Chevrolet Corvette;Chevrolet Corvette;Chevrolet;Novacar: Serie 100;blue;;;1:64;Major Collections;Novacar:_Serie_100;https://static.wikia.nocookie.net/majorette_model_cars/images/d/d3/Majorette_Chevrolet_Corvette_%28dark_blue%2C_15_motos_road_lifter%2C_red_stripes%29.jpg/revision/latest?cb=20201118181627;Chevrolet_Corvette_1.jpg
103 / 10;103 / 10;Majorette;Novacar: Serie 100;1996;;black;1:64;Major Collections;Novacar:_Serie_100;https://static.wikia.nocookie.net/majorette_model_cars/images/b/b8/Chevrolet_corvette_%28black_novacar%29.jpg/revision/latest?cb=20200606183916;103_-_10.jpg
104;104;Majorette;Novacar: Serie 100;1994 - 1995;;red;1:64;Major Collections;Novacar:_Serie_100;https://static.wikia.nocookie.net/majorette_model_cars/images/d/d0/Ferrari_Testarossa_%28red%2C_Novacar%29.jpg/revision/latest?cb=20210627104622;104.jpg
Ferrari Testarossa;Ferrari Testarossa;Ferrari;Novacar: Serie 100;yellow;;;1:64;Major Collections;Novacar:_Serie_100;https://static.wikia.nocookie.net/majorette_model_cars/images/0/0e/No_image.jpg/revision/latest?cb=20200531172448;258.jpg
105;105;Majorette;Novacar: Serie 100;1994 - 1995;;silver;1:64;Major Collections;Novacar:_Serie_100;https://static.wikia.nocookie.net/majorette_model_cars/images/a/ab/Mercedes_500_SL_%28silver%2C_novacar%29_1994.jpg/revision/latest?cb=20210408112824;105.jpg
Mercedes-Benz 500 SL;Mercedes-Benz 500 SL;Mercedes-Benz;Novacar: Serie 100;silver;;;1:64;Major Collections;Novacar:_Serie_100;https://static.wikia.nocookie.net/majorette_model_cars/images/7/75/Mercedes_500_SL_%28silver%2C_novacar%2C_black_interior%29.jpg/revision/latest?cb=20210408113658;Mercedes-Benz_500_SL.jpg
Mercedes-Benz 500 SL;Mercedes-Benz 500 SL;Mercedes-Benz;Novacar: Serie 100;black;;;1:64;Major Collections;Novacar:_Serie_100;https://static.wikia.nocookie.net/majorette_model_cars/images/a/ae/Mercedes_500_SL_%28black%2C_novacar%29.jpg/revision/latest?cb=20210408113826;Mercedes-Benz_500_SL_1.jpg
106;106;Majorette;Novacar: Serie 100;1994 - 1995;;white;1:64;Major Collections;Novacar:_Serie_100;https://static.wikia.nocookie.net/majorette_model_cars/images/5/51/Majorette_Peugeot_605_%28white%29.jpg/revision/latest?cb=20220513120745;106.jpg
Peugeot 605;Peugeot 605;Peugeot;Novacar: Serie 100;blue;;;1:64;Major Collections;Novacar:_Serie_100;https://static.wikia.nocookie.net/majorette_model_cars/images/2/29/Peugeot_605_%28Novacar%2C_blue%29_1996.jpg/revision/latest?cb=20201111141049;Peugeot_605.jpg
107;107;Majorette;Novacar: Serie 100;1994 - 1995 - 1996;;green;1:64;Major Collections;Novacar:_Serie_100;https://static.wikia.nocookie.net/majorette_model_cars/images/c/c8/Nissan_Terrano_%28green%29_1994.jpg/revision/latest?cb=20230903195021;107.jpg
Nissan Terrano;Nissan Terrano;Nissan;Novacar: Serie 100;green;;;1:64;Major Collections;Novacar:_Serie_100;https://static.wikia.nocookie.net/majorette_model_cars/images/0/0b/Nissan_Terrano_%28green%2C_no_print_on_sides%29.jpg/revision/latest?cb=20210407184145;Nissan_Terrano.jpg
Nissan Terrano;Nissan Terrano;Nissan;Novacar: Serie 100;red;;;1:64;Major Collections;Novacar:_Serie_100;https://static.wikia.nocookie.net/majorette_model_cars/images/3/31/Nissan_Terrano_%28red%2C_rallye%29.jpg/revision/latest?cb=20210407184211;Nissan_Terrano_1.jpg
107 / 10;107 / 10;Majorette;Novacar: Serie 100;1996;;white;1:64;Major Collections;Novacar:_Serie_100;https://static.wikia.nocookie.net/majorette_model_cars/images/8/89/Majorette_Nissan_Terrano_%28white%2C_black_sheriff_star_on_gold_background%29.jpg/revision/latest?cb=20210407183144;107_-_10.jpg
107 / 20;107 / 20;Majorette;Novacar: Serie 100;1996;;red;1:64;Major Collections;Novacar:_Serie_100;https://static.wikia.nocookie.net/majorette_model_cars/images/7/71/Nissan_Terrano_%28red%2C_fire_dept%29.jpg/revision/latest?cb=20210407183738;107_-_20.jpg
108;108;Majorette;Novacar: Serie 100;1994 - 1995;;blue;1:64;Major Collections;Novacar:_Serie_100;https://static.wikia.nocookie.net/majorette_model_cars/images/1/10/Kenworth_%28blue%2C_novacar%29_1994.jpg/revision/latest?cb=20210408133524;108_-_2319.jpg
Kenworth (T600);Kenworth (T600);Kenworth;Novacar: Serie 100;red;;;1:64;Major Collections;Novacar:_Serie_100;https://static.wikia.nocookie.net/majorette_model_cars/images/0/0e/No_image.jpg/revision/latest?cb=20200531172448;258.jpg
109;109;Majorette;Novacar: Serie 100;1994 - 1995;;white;1:64;Major Collections;Novacar:_Serie_100;https://static.wikia.nocookie.net/majorette_model_cars/images/9/94/Majorette_Chevrolet_Impala_Police_%28white%2C_gold_stripes%2C_blue_print_POLICE%29.jpg/revision/latest?cb=20230903193815;109.jpg
Chevrolet Impala;Chevrolet Impala;Chevrolet;Novacar: Serie 100;black;;;1:64;Major Collections;Novacar:_Serie_100;https://static.wikia.nocookie.net/majorette_model_cars/images/6/67/Chevrolet_impala_police_%28novacar%2C_black%2C_1996%29.jpg/revision/latest?cb=20220119141622;Chevrolet_Impala.jpg
110;110;Majorette;Novacar: Serie 100;1994 - 1995;;red;1:64;Major Collections;Novacar:_Serie_100;https://static.wikia.nocookie.net/majorette_model_cars/images/7/7f/Majorette_Renault_Espace_%28red%2C_yellow_%26_green_stripe_espace%29.jpg/revision/latest?cb=20210407133057;110.jpg
Renault Espace;Renault Espace;Renault;Novacar: Serie 100;yellow;;;1:64;Major Collections;Novacar:_Serie_100;https://static.wikia.nocookie.net/majorette_model_cars/images/b/bd/Majorette_Renault_Espace_%28yellow%29_novacar_1996.jpg/revision/latest?cb=20210407134754;Renault_Espace.jpg
110 / 10;110 / 10;Majorette;Novacar: Serie 100;1995 - 1996;;white;1:64;Major Collections;Novacar:_Serie_100;https://static.wikia.nocookie.net/majorette_model_cars/images/b/b6/Majorette_Renault_Espace_%28white%2C_ambulance%29_novacar_1995.jpg/revision/latest?cb=20210407134358;110_-_10.jpg
Renault Espace Police;Renault Espace Police;Renault;Novacar: Serie 100;white;;;1:64;Major Collections;Novacar:_Serie_100;https://static.wikia.nocookie.net/majorette_model_cars/images/8/80/Majorette_Renault_Espace_%28white%2C_police_national%29_novacar_1995.jpg/revision/latest?cb=20210407134507;Renault_Espace_Police.jpg
111;111;Majorette;Novacar: Serie 100;1994 - 1995 - 1996;;black;1:64;Major Collections;Novacar:_Serie_100;https://static.wikia.nocookie.net/majorette_model_cars/images/b/be/Majorette_Sport_Proto_%28black%29.jpg/revision/latest?cb=20221011182955;111.jpg
112;112;Majorette;Novacar: Serie 100;1994 - 1995 - 1996;;yellow;1:64;Major Collections;Novacar:_Serie_100;https://static.wikia.nocookie.net/majorette_model_cars/images/8/84/F1_Racing_%28yellow%2C_novacar%29_1994.jpg/revision/latest?cb=20200815142221;112_1.jpg
112 / 10;112 / 10;Majorette;Novacar: Serie 100;1994 - 1995 - 1995;;black;1:64;Major Collections;Novacar:_Serie_100;https://static.wikia.nocookie.net/majorette_model_cars/images/8/82/F1_Racing_%28black%2C_novacar%29_1994.jpg/revision/latest?cb=20231119185122;112_-_10.jpg
113;113;Majorette;Novacar: Serie 100;;;;1:64;Major Collections;Novacar:_Serie_100;;
114;114;Majorette;Novacar: Serie 100;1994 - 1995 - 1995;;yellow;1:64;Major Collections;Novacar:_Serie_100;https://static.wikia.nocookie.net/majorette_model_cars/images/a/af/Ford_Escort_%28novacar%29.jpg/revision/latest?cb=20210526225514;114.jpg
115;115;Majorette;Novacar: Serie 100;;;;1:64;Major Collections;Novacar:_Serie_100;;
116;116;Majorette;Novacar: Serie 100;1994;;black;1:64;Major Collections;Novacar:_Serie_100;https://static.wikia.nocookie.net/majorette_model_cars/images/a/a4/Chevrolet_Pick_Up_%28black_novacar%29_1994.jpg/revision/latest?cb=20200814142048;116.jpg
Chevrolet Pick Up;Chevrolet Pick Up;Chevrolet;Novacar: Serie 100;black;;;1:64;Major Collections;Novacar:_Serie_100;https://static.wikia.nocookie.net/majorette_model_cars/images/a/a4/Chevrolet_Pick_Up_%28black%2C_novacar%29.jpg/revision/latest?cb=20200814143140;Chevrolet_Pick_Up.jpg
Chevrolet Pick Up;Chevrolet Pick Up;Chevrolet;Novacar: Serie 100;white;;;1:64;Major Collections;Novacar:_Serie_100;https://static.wikia.nocookie.net/majorette_model_cars/images/4/4c/Chevrolet_Pick_up_%28white%2C_police%2C_novacar%29.jpg/revision/latest?cb=20200814151854;Chevrolet_Pick_Up_1.jpg
116 / 10;116 / 10;Majorette;Novacar: Serie 100;1996;;black;1:64;Major Collections;Novacar:_Serie_100;https://static.wikia.nocookie.net/majorette_model_cars/images/7/73/Chevrolet_Pick_Up_%28black%2C_novacar%29_1996.jpg/revision/latest?cb=20200814145912;116_-_10.jpg
117;117;Majorette;Novacar: Serie 100;1994 - 1995 - 1996;;red;1:64;Major Collections;Novacar:_Serie_100;https://static.wikia.nocookie.net/majorette_model_cars/images/e/ed/Honda_NSX_%28red%2C_novacar%29_1994.jpg/revision/latest?cb=20210408123234;117.jpg
118;118;Majorette;Novacar: Serie 100;;;;1:64;Major Collections;Novacar:_Serie_100;;
119;119;Majorette;Novacar: Serie 100;1995 - 1996;;blue;1:64;Major Collections;Novacar:_Serie_100;https://static.wikia.nocookie.net/majorette_model_cars/images/a/a4/Jeep_%28blue%2C_novacar%29.jpg/revision/latest?cb=20210408125546;119.jpg
120;120;Majorette;Novacar: Serie 100;1995 - 1996;;red;1:64;Major Collections;Novacar:_Serie_100;https://static.wikia.nocookie.net/majorette_model_cars/images/e/e3/Ferrari_F40_%28red%2C_novacar%29.jpg/revision/latest?cb=20210408124729;120.jpg
121;121;Majorette;Novacar: Serie 100;;;;1:64;Major Collections;Novacar:_Serie_100;;
229C;Akylone Concept;Majorette;Racing Cars;2014 - 2015 - 2016;;;1:64;Major Collections;Racing_Cars;https://static.wikia.nocookie.net/majorette_model_cars/images/c/cf/Akylone_Concept_Racing_Cars_2014_blue.jpg/revision/latest?cb=20200703180606;229C_1.jpg
271E;Alfa Romeo Tonale;Alfa Romeo;Racing Cars;2024;;;1:64;Major Collections;Racing_Cars;https://static.wikia.nocookie.net/majorette_model_cars/images/e/e2/Tonale.jpeg/revision/latest?cb=20250308060252;271E_4.jpg
237E;Audi A1 Sport;Audi;Racing Cars;2015 - 2016 - 2017 - 2018 - 2019 - 2020;;;1:64;Major Collections;Racing_Cars;https://static.wikia.nocookie.net/majorette_model_cars/images/4/49/Audi_A1_Racing_Cars_2015_1_white.jpg/revision/latest?cb=20200620184054;237E_3.jpg
237A;Audi TT;Audi;Racing Cars;2000;;;1:64;Major Collections;Racing_Cars;https://static.wikia.nocookie.net/majorette_model_cars/images/4/43/Audi_TT_%28white%2C_racing%29.jpg/revision/latest?cb=20201103201021;237A_4.jpg
279A;Chevrolet Camaro 2010;Chevrolet;Racing Cars;2015 - 2016 - 2017 - 2018;;;1:64;Major Collections;Racing_Cars;https://static.wikia.nocookie.net/majorette_model_cars/images/f/f0/Chevrolet_Camaro_2010_Racing_Cars_2015_silver_06_orange_stripes.jpg/revision/latest?cb=20200624122850;279A_5.jpg
9610;Chevrolet Corvette GMTM;Chevrolet;Racing Cars;2020 - 2021 - 2022;;;1:64;Major Collections;Racing_Cars;https://static.wikia.nocookie.net/majorette_model_cars/images/b/bd/Chevrolet_Corvette_GMTM_Racing_Cars_2020_yellow_3.jpg/revision/latest?cb=20200703195640;9610_2.jpg
245A;Citroën DS3 WRC;Citroën;Racing Cars;2012 - 2013 - 2014 - 2015 - 2016 - 2017 - 2018;;;1:64;Major Collections;Racing_Cars;https://static.wikia.nocookie.net/majorette_model_cars/images/8/8f/Citro%C3%ABn_DS4_WRC_loeb_%282013%29.jpg/revision/latest?cb=20200626160213;245A.jpg
225A;Dacia Duster;Dacia;Racing Cars;2014 - 2015 - 2016 - 2017 - 2018 - 2019 - 2020;;;1:64;Major Collections;Racing_Cars;https://static.wikia.nocookie.net/majorette_model_cars/images/d/d2/Dacia_Duster_andros_racing_%282017%29.jpg/revision/latest?cb=20200626212939;225A_2.jpg
238C;Dodge Challenger SRT Hellcat;Dodge;Racing Cars;2017 - 2018 - 2019 - 2020;;;1:64;Major Collections;Racing_Cars;https://static.wikia.nocookie.net/majorette_model_cars/images/b/bb/Dodge_Challenger_-_Hellcat_%28green%2C_racing_cars%2C_2017%29.jpg/revision/latest?cb=20210813195922;238C_6.jpg
238C;Dodge Challenger SRT Demon;Dodge;Racing Cars;2019 - 2020 - 2021 - 2022;;;1:64;Major Collections;Racing_Cars;https://static.wikia.nocookie.net/majorette_model_cars/images/3/34/Dodge_Challenger_SRT_-_Demon_rot_schwarz.jpg/revision/latest?cb=20200605175349;238C_7.jpg
238E;Dodge Charger R/T;Dodge;Racing Cars;2022;;;1:64;Major Collections;Racing_Cars;https://static.wikia.nocookie.net/majorette_model_cars/images/3/3f/Dodge_Charger_RT_%28orange%2C_black_print_Charger_RT_67%29.jpg/revision/latest?cb=20220331120235;238E_2.jpg
201C;Ford F-150 Raptor;Ford;Racing Cars;2018 - 2019 - 2020;;;1:64;Major Collections;Racing_Cars;https://static.wikia.nocookie.net/majorette_model_cars/images/a/ab/Ford_F-150_Racing_Cars_white.jpg/revision/latest?cb=20200710191554;201C_3.jpg
201B;Ford Fiesta RS WRC;Ford;Racing Cars;2012 - 2013 - 2014 - 2015 - 2016 - 2017 - 2018;;;1:64;Major Collections;Racing_Cars;https://static.wikia.nocookie.net/majorette_model_cars/images/1/12/Ford_Fiesta_RS_WRC_black_Abu_Dhabi_4.jpg/revision/latest?cb=20200620170531;201B.jpg
201A;Ford Focus WRC;Ford;Racing Cars;2005 - 2006 - 2007 - 2008 - 2009 - 2010 - 2011 - 2012 - 2013 - 2014;;;1:64;Major Collections;Racing_Cars;https://static.wikia.nocookie.net/majorette_model_cars/images/2/2d/Ford_Focus_WRC_Racing_Cars_2013_2014_bp_design_8.jpg/revision/latest?cb=20200702204543;201A_3.jpg
204B;Ford GT;Ford;Racing Cars;2023 - 2024;;;1:64;Major Collections;Racing_Cars;https://static.wikia.nocookie.net/majorette_model_cars/images/c/cd/Ford_gt_racing_cars.jpg/revision/latest?cb=20250309122202;204B_4.jpg
204A;Ford Mustang Boss 302;Ford;Racing Cars;2015 - 2016 - 2017 - 2018 - 2019;;;1:64;Major Collections;Racing_Cars;https://static.wikia.nocookie.net/majorette_model_cars/images/7/79/Ford_Mustang_Boss_%282015%2C_black%2C_racing_pill_back%2C_D5S%29.jpg/revision/latest?cb=20200629194901;204A_3.jpg
204C;Ford Mustang GT;Ford;Racing Cars;2019 - 2020 - 2021 - 2022;;;1:64;Major Collections;Racing_Cars;https://static.wikia.nocookie.net/majorette_model_cars/images/3/3e/Ford_Mustang_V8_GT.jpg/revision/latest?cb=20200605182629;204C_4.jpg
220C;Honda Civic Type R;Honda;Racing Cars;2019 - 2020 - 2021;;;1:64;Major Collections;Racing_Cars;https://static.wikia.nocookie.net/majorette_model_cars/images/e/ee/Honda_Civic_Type_R_%28metallic_gray%2C_rally%2C_2019%29.jpg/revision/latest?cb=20210403190711;220C_4.jpg
280C;Hyundai i30 N;Hyundai;Racing Cars;2021 - 2022;;;1:64;Major Collections;Racing_Cars;https://static.wikia.nocookie.net/majorette_model_cars/images/8/83/Hyundai_I30N_2021_Racing_Cars_280C.jpg/revision/latest?cb=20210526143410;280C_5.jpg
293B;Jaguar F-Type;Jaguar;Racing Cars;2020 - 2021 - 2022;;;1:64;Major Collections;Racing_Cars;https://static.wikia.nocookie.net/majorette_model_cars/images/b/b9/Jaguar_F-Type_%28metallic_orange%2C_2020%29.jpg/revision/latest?cb=20200919193347;293B_2.jpg
237;Lamborghini Countach LP400;Lamborghini;Racing Cars;2024;;;1:64;Major Collections;Racing_Cars;https://static.wikia.nocookie.net/majorette_model_cars/images/4/41/Countach_LP400_racing.JPG/revision/latest?cb=20250406123440;237_18.jpg
219D;Lamborghini Gallardo;Lamborghini;Racing Cars;2017 -2018;;;1:64;Major Collections;Racing_Cars;https://static.wikia.nocookie.net/majorette_model_cars/images/4/46/Lamborghini_Gallardo_Racing_Cars_2015_viper_green.jpg/revision/latest?cb=20210110142537;219D_3.jpg
218C;Lamborghini Reventón;Lamborghini;Racing Cars;2015 - 2016 - 2017 - 2018;;;1:64;Major Collections;Racing_Cars;https://static.wikia.nocookie.net/majorette_model_cars/images/0/0d/Lamborghini_Revent%C3%B3n_Racing_Cars_silver_black_stripe.jpg/revision/latest?cb=20200710193014;218C_1.jpg
219H;Lamborghini Urus;Lamborghini;Racing Cars;2020 - 2021 - 2022;;;1:64;Major Collections;Racing_Cars;https://static.wikia.nocookie.net/majorette_model_cars/images/9/9f/Lamborghini_Urus_2020_SUV_4x4_Giftpack_green.jpg/revision/latest?cb=20220507202919;219H_1.jpg
266D;Land Rover Defender 90;Land Rover;Racing Cars;2022;;;1:64;Major Collections;Racing_Cars;https://static.wikia.nocookie.net/majorette_model_cars/images/0/0e/No_image.jpg/revision/latest?cb=20200531172448;258.jpg
266B;Land Rover Defender 110;Land Rover;Racing Cars;2018 - 2019 - 2020;;;1:64;Major Collections;Racing_Cars;https://static.wikia.nocookie.net/majorette_model_cars/images/1/1f/Land_Rover_Defender_110_Racing_Cars_2018-2019_white_blue-red_deco.jpg/revision/latest?cb=20200702053849;266B_1.jpg
248B;Mc Laren 675 LT;Majorette;Racing Cars;2019 - 2020;;;1:64;Major Collections;Racing_Cars;https://static.wikia.nocookie.net/majorette_model_cars/images/a/a7/Mc_Laren_675_LT_%28blue%2C_racing_cars%29_2020.jpg/revision/latest?cb=20210214074819;248B_1.jpg
248C;Mc Laren Senna;Majorette;Racing Cars;2022;;;1:64;Major Collections;Racing_Cars;https://static.wikia.nocookie.net/majorette_model_cars/images/0/0e/No_image.jpg/revision/latest?cb=20200531172448;258.jpg
232E;Mercedes-AMG GT;Mercedes-Benz;Racing Cars;2016 - 2017 - 2018 - 2019;;;1:64;Major Collections;Racing_Cars;https://static.wikia.nocookie.net/majorette_model_cars/images/3/35/Mercedes_AMG_GT_Racing_Car_weiss_rote_Streifen.jpg/revision/latest?cb=20200605194401;232E_2.jpg
9613;Mercedes-AMG GT R;Mercedes-Benz;Racing Cars;2020 - 2021 - 2022;;;1:64;Major Collections;Racing_Cars;https://static.wikia.nocookie.net/majorette_model_cars/images/0/0c/Mercedes-AMG_GTR_white_2020_Racing_Cars.jpg/revision/latest?cb=20200704190715;9613_5.jpg
232D;Mercedes -Benz A-Class;Mercedes-Benz;Racing Cars;2016 - 2017 - 2018;;;1:64;Major Collections;Racing_Cars;https://static.wikia.nocookie.net/majorette_model_cars/images/d/de/Mercedes_Benz_A-Class_black_2016-2018_Racing_cars_black_checkered_design.jpg/revision/latest?cb=20200702054951;232D_1.jpg
232C;Mercedes-Benz SLS AMG;Mercedes-Benz;Racing Cars;2018;;;1:64;Major Collections;Racing_Cars;https://static.wikia.nocookie.net/majorette_model_cars/images/8/8d/Mercedes_Benz_SLS_Racing_Cars_2018_matt_black_AREA27.jpg/revision/latest?cb=20200620174100;232C_7.jpg
294F;Mini Cooper WRC;MINI;Racing Cars;2013 - 2014 2015 - 2016;;;1:64;Major Collections;Racing_Cars;https://static.wikia.nocookie.net/majorette_model_cars/images/b/b7/Majorette_Mini_Cooper_WRC_%28red%2C_white_roof_WRC%2C_D5S%29.jpg/revision/latest?cb=20201031222239;294F.jpg
292C;Mitsubishi Lancer WRC;Mitsubishi;Racing Cars;2007 - 2008 - 2009 - 2010;;;1:64;Major Collections;Racing_Cars;https://static.wikia.nocookie.net/majorette_model_cars/images/4/41/Majorette_Mitsubishi_Lancer_WRC_%28red%2C_gray_%26_black_print%2C_nr10%29.jpg/revision/latest?cb=20220318163551;292C.jpg
292A;Mitsubishi Pajero;Mitsubishi;Racing Cars;2005 - 2006 - 2007 - 2008 - 2009 - 2010 - 2011 - 2012;;;1:64;Major Collections;Racing_Cars;https://static.wikia.nocookie.net/majorette_model_cars/images/b/bb/Majorette_Mitsubishi_Pajero_%28red%2C_205_metabo%2C_detailed_headlights%29.jpg/revision/latest?cb=20200911222953;292A_2.jpg
292I;Misubishi Concept XR-Phev Evolution Vision Gran Turismo;Majorette;Racing Cars;2019 - 2020;;;1:64;Major Collections;Racing_Cars;https://static.wikia.nocookie.net/majorette_model_cars/images/5/5c/Mitsubishi_XR-PHEV_Vision_Gran_Turismo_2019_silver_GT.jpg/revision/latest?cb=20200613165301;292I_2.jpg
233A;Nissan Cefiro A31;Nissan;Racing Cars;2020 - 2021 - 2022;;;1:64;Major Collections;Racing_Cars;https://static.wikia.nocookie.net/majorette_model_cars/images/a/ab/Nissan_Cefiro_A31_%282021%29_Racing_Cars_233A.jpg/revision/latest?cb=20210311063653;233A_1.jpg
214E;Nissan Concept 2020 Vision Gran Turismo;Nissan;Racing Cars;2019 - 2020;;;1:64;Major Collections;Racing_Cars;https://static.wikia.nocookie.net/majorette_model_cars/images/e/e5/Nissan_Concept_2020_Vision_Gran_Tourismo_2019_red_black_23.jpg/revision/latest?cb=20220521135235;214E_2.jpg
214D;Nissan GT-R;Nissan;Racing Cars;2018;;;1:64;Major Collections;Racing_Cars;https://static.wikia.nocookie.net/majorette_model_cars/images/9/9f/Nissan_GT-R_2018_Racing_Cars_white_MJT.jpg/revision/latest?cb=20200624124041;214D_4.jpg
214H;Nissan GT-R Nismo GT3;Nissan;Racing Cars;2020 - 2021 - 2022;;;1:64;Major Collections;Racing_Cars;https://static.wikia.nocookie.net/majorette_model_cars/images/3/3f/Nissan_GT-R_Nismo_GT3_Racing_Cars_214H_2020_21.jpg/revision/latest?cb=20200906062845;214H_3.jpg
202A;Opel Adam;Opel;Racing Cars;2015 - 2016 - 2017 - 2018 - 2019 - 2020;;;1:64;Major Collections;Racing_Cars;https://static.wikia.nocookie.net/majorette_model_cars/images/a/a7/Opel_Adam_%28racing_cars%2C_2015%29.jpg/revision/latest?cb=20200704165119;202A_3.jpg
202C;Opel Corsa-E Rally;Opel;Racing Cars;2020 - 2021;;;1:64;Major Collections;Racing_Cars;https://static.wikia.nocookie.net/majorette_model_cars/images/8/8a/Opel_Corsa-E_Rally_%28silver%2C_black%29.jpg/revision/latest?cb=20210522075803;202C_3.jpg
205B;Peugeot 206 WRC;Peugeot;Racing Cars;2005 - 2006 - 2007 - 2008 - 2009 - 2010 - 2011 - 2012 - 2013;;;1:64;Major Collections;Racing_Cars;https://static.wikia.nocookie.net/majorette_model_cars/images/3/36/Peugeot_206_WRC_Great_Britain_2003.jpg/revision/latest?cb=20200906193905;205B.jpg
205N;Peugeot 208;Peugeot;Racing Cars;2021 - 2022;;;1:64;Major Collections;Racing_Cars;https://static.wikia.nocookie.net/majorette_model_cars/images/9/97/Peugeot_208_%28green-black%29.jpg/revision/latest?cb=20220319221233;205N_1.jpg
205D;Peugeot 307 WRC;Peugeot;Racing Cars;2005 - 2006 - 2007 - 2008 - 2009 - 2010 - 2011 - 2012 - 2013;;;1:64;Major Collections;Racing_Cars;https://static.wikia.nocookie.net/majorette_model_cars/images/9/99/Peugeot_307_WRC_%28red%29_2004.jpg/revision/latest?cb=20210718183214;205D.jpg
205J;Peugeot 308 GT;Peugeot;Racing Cars;2018 - 2019 - 2020;;;1:64;Major Collections;Racing_Cars;https://static.wikia.nocookie.net/majorette_model_cars/images/5/53/Peugeot_308_GT_Racing_Cars_white.jpg/revision/latest?cb=20200710192051;205J_3.jpg
209D;Porsche 911 GT3;Porsche;Racing Cars;2014 - 2015 - 2016 - 2017;;;1:64;Major Collections;Racing_Cars;https://static.wikia.nocookie.net/majorette_model_cars/images/3/3a/Porsche_911_GT3_RC_%282014%2C_2015%2C_2016%2C_2017%2C_green%29.jpg/revision/latest?cb=20200706174440;209D_5.jpg
209H;Porsche 911 GT3 RS;Porsche;Racing Cars;2019 - 2020 - 2021 - 2022;;;1:64;Major Collections;Racing_Cars;https://static.wikia.nocookie.net/majorette_model_cars/images/9/98/Porsche_911_GT3_RS_%28racing_cars%2C_2019%2C_white%29.jpg/revision/latest?cb=20200706141655;209H_7.jpg
247C;Porsche 917;Porsche;Racing Cars;2021 - 2022;;;1:64;Major Collections;Racing_Cars;https://static.wikia.nocookie.net/majorette_model_cars/images/0/0b/Porsche_917_%28blue%29_2021.jpg/revision/latest?cb=20221013155938;247C_1.jpg
209F;Porsche 918 Spyder;Porsche;Racing Cars;2016 - 2017 - 2018 - 2019;;;1:64;Major Collections;Racing_Cars;https://static.wikia.nocookie.net/majorette_model_cars/images/8/8d/Porsche_918_Spyder_Racing_Cars_white_-_black_inside.jpg/revision/latest?cb=20200714180017;209F_7.jpg
269C;Porsche 934;Porsche;Racing Cars;2021 - 2022;;;1:64;Major Collections;Racing_Cars;https://static.wikia.nocookie.net/majorette_model_cars/images/0/01/Porsche_934_%28white_%26_blue%2C_burton%29.jpg/revision/latest?cb=20211023155501;269C_3.jpg
210A;Renault Alpine A110;Alpine;Racing Cars;2019 - 2020;;;1:64;Major Collections;Racing_Cars;https://static.wikia.nocookie.net/majorette_model_cars/images/5/53/Renault_Alpine_A110_Racing_Cars_210A_metallic_blue_22_Rallye_Monte_Carlo.jpg/revision/latest?cb=20200707173930;210A_1.jpg
221H;Renault Alpine A110-50;Alpine;Racing Cars;2014 - 2015 - 2016 - 2017 - 2018 - 2019;;;1:64;Major Collections;Racing_Cars;https://static.wikia.nocookie.net/majorette_model_cars/images/7/7c/Renault_Alpine_A110-50_Racing_Cars_blue_2014-2019.jpg/revision/latest?cb=20200702211312;221H_1.jpg
221G;Renault Clio Sport;Renault;Racing Cars;2013 - 2014 - 2015 - 2016;;;1:64;Major Collections;Racing_Cars;https://static.wikia.nocookie.net/majorette_model_cars/images/f/fe/Renault_Clio_Sport_Racing_Cars_2013-2016_yellow_golden_checkered_design.jpg/revision/latest?cb=20220830201128;221G.jpg
222E;Renault Megane Coupé N4;Renault;Racing Cars;2018;;;1:64;Major Collections;Racing_Cars;https://static.wikia.nocookie.net/majorette_model_cars/images/6/63/Renault_Megane_Coup%C3%A9_N4_Race_Car_2018_D5S_wheels.jpg/revision/latest?cb=20210926180228;222E_5.jpg
275A;Subaru Impreza WRC (Racing Version);Subaru;Racing Cars;2005 - 2006 - 2007 - 2008 - 2009 - 2010 - 2011 - 2012;;;1:64;Major Collections;Racing_Cars;https://static.wikia.nocookie.net/majorette_model_cars/images/0/08/Subaru_Impreza_WRC_%28blue%2C_6S%29.jpg/revision/latest?cb=20200805132830;275A.jpg
275D;Subaru Impreza WRX STI;Subaru;Racing Cars;2017 - 2018 - 2019 - 2020;;;1:64;Major Collections;Racing_Cars;https://static.wikia.nocookie.net/majorette_model_cars/images/7/72/Subaru_WRX_STI_%282017%2C_blue%2C_STI_on_car%29.jpg/revision/latest?cb=20200707192514;275D_1.jpg
230C;Toyota 2000 GT;Toyota;Racing Cars;2022;;;1:64;Major Collections;Racing_Cars;https://static.wikia.nocookie.net/majorette_model_cars/images/0/08/Toyota_2000_GT_%28yellow%29.jpg/revision/latest?cb=20221005203727;230C_4.jpg
230B;Toyota Celica GT Coupé;Toyota;Racing Cars;2020 - 2021 - 2022;;;1:64;Major Collections;Racing_Cars;https://static.wikia.nocookie.net/majorette_model_cars/images/f/f2/Majorette_Toyota_Celica_GT_Coup%C3%A9_%282020%2C_racing_cars%2C_white%29.jpg/revision/latest?cb=20200705141440;230B_2.jpg
292E;Toyota Corolla WRC;Toyota;Racing Cars;2006 - 2007 - 2008 - 2009 - 2010 - 2011 - 2012 - 2013;;;1:64;Major Collections;Racing_Cars;https://static.wikia.nocookie.net/majorette_model_cars/images/0/02/Majorette_Toyota_Corolla_WRC_white_red%2C_3%2C_pilot%2C_toyota%2C_caisse%2C_d%27epargne%29_%281%29.jpg/revision/latest?cb=20220318151441;292E_1.jpg
218D;Toyota GT86;Toyota;Racing Cars;2022;;;1:64;Major Collections;Racing_Cars;https://static.wikia.nocookie.net/majorette_model_cars/images/0/0e/No_image.jpg/revision/latest?cb=20200531172448;258.jpg
264C;Volkswagen Golf GTi (Mk VII);Volkswagen;Racing Cars;2016 - 2017 - 2018 - 2019;;;1:64;Major Collections;Racing_Cars;https://static.wikia.nocookie.net/majorette_model_cars/images/f/f6/Volkswagen_Golf_GTi_Racing_Car_2016_black_15.jpg/revision/latest?cb=20200620173200;264C_4.jpg
203A;Volkswagen New Beetle GSR;Volkswagen;Racing Cars;2015 - 2016 - 2017 - 2018;;;1:64;Major Collections;Racing_Cars;https://static.wikia.nocookie.net/majorette_model_cars/images/1/13/Volkswagen_New_Beetle_GSR_Racing_Cars_yellow.jpg/revision/latest?cb=20200714180940;203A_5.jpg
264D;Volkswagen Polo R WRC;Volkswagen;Racing Cars;2016 - 2017 - 2018 - 2019 - 2020 - 2021 - 2022;;;1:64;Major Collections;Racing_Cars;https://static.wikia.nocookie.net/majorette_model_cars/images/9/98/Racing_VW_Polo_WRC_Champion.jpg/revision/latest?cb=20200606094432;264D.jpg
294H;Volvo V90;Volvo;Racing Cars;2022;;;1:64;Major Collections;Racing_Cars;https://static.wikia.nocookie.net/majorette_model_cars/images/1/19/Volvo_V90_%28white%2C_racing%29_2020.jpg/revision/latest?cb=20220512191814;294H_2.jpg
257C;257C;Majorette;S.O.S. Cars;2011 • 2012 • 2013 • 2014;;yellow;1:64;Major Collections;S.O.S._Cars;https://static.wikia.nocookie.net/majorette_model_cars/images/7/72/Majorette_BMW_M3_%28yellow%2C_red_stripes%2C_ambulance%2C_belgian_version%2C_5YO%29.jpg/revision/latest?cb=20200926215212;257C_3.jpg
279B;279B;Majorette;S.O.S. Cars;2023 • 2024;;White;1:64;Major Collections;S.O.S._Cars;https://static.wikia.nocookie.net/majorette_model_cars/images/f/fc/Chevrolet_Camaro_Mk6_Police.JPG/revision/latest?cb=20250409081434;279B_2.jpg
217E;217E;Majorette;S.O.S. Cars;2015 • 2016 • 2017;;yellow;1:64;Major Collections;S.O.S._Cars;https://static.wikia.nocookie.net/majorette_model_cars/images/f/f6/Chevrolet_Silverado_Life_Guard-Beach_Patrol.jpg/revision/latest?cb=20200605174057;217E_6.jpg
250B;250B;Majorette;S.O.S. Cars;2019 • 2020;;silver / blue;1:64;Major Collections;S.O.S._Cars;https://static.wikia.nocookie.net/majorette_model_cars/images/7/76/Mercedes_Benz_AMG_G63_2020_Gift_Set_POLIZEI_Einsatz_M%C3%BCller.jpg/revision/latest?cb=20200616155919;250B_5.jpg
299F;299F;Majorette;S.O.S. Cars;2015 • 2016 • 2017 • 2018 • 2019 • 2020;;red;1:64;Major Collections;S.O.S._Cars;https://static.wikia.nocookie.net/majorette_model_cars/images/d/d2/Majorette_Man_TGS_Fire_Truck_%28red%2C_909_fire_brigade%29.jpg/revision/latest?cb=20200531154612;299F.jpg
299F;299F;Majorette;S.O.S. Cars;2019 - 2020 - 2021 - 2022 - 2023 - 2024;;red;1:64;Major Collections;S.O.S._Cars;https://static.wikia.nocookie.net/majorette_model_cars/images/1/1e/Man_TGS_Fire_Truck_%28yellow_stripe%29.jpg/revision/latest?cb=20200601184336;299F_4.jpg
250B;250B;Majorette;S.O.S. Cars;2017 • 2018 • 2019 • 2020;;silver / blue;1:64;Major Collections;S.O.S._Cars;https://static.wikia.nocookie.net/majorette_model_cars/images/b/b4/Mercedes-Benz_AMG_GT_Polizei.jpg/revision/latest?cb=20200605194711;232E_1.jpg
297B;297B;Majorette;S.O.S. Cars;2015 • 2016 • 2017 • 2018 • 2019;;red;1:64;Major Collections;S.O.S._Cars;https://static.wikia.nocookie.net/majorette_model_cars/images/3/39/Mercedes_Benz_Zetros_Fire_Brigade.jpg/revision/latest?cb=20200605193703;297B_6.jpg
209A;209A;Majorette;S.O.S. Cars;2011 • 2012 • 2013 • 2014;;silver;1:64;Major Collections;S.O.S._Cars;https://static.wikia.nocookie.net/majorette_model_cars/images/5/5e/Porsche_996_%28silver%2C_polizei_germany%2C_5SV%29.jpg/revision/latest?cb=20200912230951;209A_4.jpg
209I;209I;Majorette;S.O.S. Cars;2015 • 2016 • 2017 • 2018 • 2019 • 2020 • 2021 • 2022 • 2023 • 2024;;silver / blue;1:64;Major Collections;S.O.S._Cars;https://static.wikia.nocookie.net/majorette_model_cars/images/3/31/Porsche_Panamera_Turbo_silver_german_police_2020_Discovery_Pack.jpg/revision/latest?cb=20201030184634;209I_2.jpg
239C;239C;Majorette;S.O.S. Cars;2015 • 2016 • 2017 • 2018 • 2019 • 2020 • 2021;;White;1:64;Major Collections;S.O.S._Cars;https://static.wikia.nocookie.net/majorette_model_cars/images/e/ec/Renault_Master_%28SOS_Germany%29.jpg/revision/latest?cb=20210120143940;239C_3.jpg
221C;221C;Majorette;S.O.S. Cars;2011 • 2012;;red;1:64;Major Collections;S.O.S._Cars;https://static.wikia.nocookie.net/majorette_model_cars/images/0/07/Renault_Megane_II_%28international%29.jpg/revision/latest?cb=20210926183806;221C_3.jpg
275A;275A;Majorette;S.O.S. Cars;2012;;white / black;1:64;Major Collections;S.O.S._Cars;https://static.wikia.nocookie.net/majorette_model_cars/images/7/7b/Subaru_Impreza_police.jpg/revision/latest?cb=20200807152429;275A_3.jpg
275D;275D;Majorette;S.O.S. Cars;2018;;white;1:64;Major Collections;S.O.S._Cars;https://static.wikia.nocookie.net/majorette_model_cars/images/7/7f/Subaru_Impreza_WRX_STI_Police_%28white%29_SOS_Cars.jpg/revision/latest?cb=20200807163130;275D_2.jpg
215A;215A;Majorette;S.O.S. Cars;2021;;white;1:64;Major Collections;S.O.S._Cars;https://static.wikia.nocookie.net/majorette_model_cars/images/4/4c/Suzuki_Jimny_SOS_2021_215A_Notarzt.jpg/revision/latest?cb=20210318074259;215A_4.jpg
215A;215A;Majorette;S.O.S. Cars;2022 • 2023 • 2024;;blue;1:64;Major Collections;S.O.S._Cars;https://static.wikia.nocookie.net/majorette_model_cars/images/c/c5/Suzuki_jimmi_police_blue.jpg/revision/latest?cb=20250421183010;215A_3.jpg
292B;292B;Majorette;S.O.S. Cars;2013 • 2014;;red;1:64;Major Collections;S.O.S._Cars;https://static.wikia.nocookie.net/majorette_model_cars/images/b/b4/Toyota_Hilux_%28red%2C_fuerwehr%2C_D5S_wheels%29.jpg/revision/latest?cb=20200730190102;292B_6.jpg
203C;203C;Majorette;S.O.S. Cars;2012 • 2013 • 2014;;red;1:64;Major Collections;S.O.S._Cars;https://static.wikia.nocookie.net/majorette_model_cars/images/8/89/Volkswagen_Amarok_%282014%29.png/revision/latest?cb=20200605175958;203C_4.jpg
203C;203C;Majorette;S.O.S. Cars;2015 • 2016 • 2017;;red;1:64;Major Collections;S.O.S._Cars;https://static.wikia.nocookie.net/majorette_model_cars/images/d/d5/Majorette_Volkswagen_Amarok_%28red%2C_127%2C_909%2C_fire_brigade%2C_white_roof%29.jpg/revision/latest?cb=20211025174727;203C_1.jpg
203C;203C;Majorette;S.O.S. Cars;2015 • 2016 • 2017;;black;1:64;Major Collections;S.O.S._Cars;https://static.wikia.nocookie.net/majorette_model_cars/images/e/e2/Volkswagen_Amarok_%28black%2C_police%29_2015.jpg/revision/latest?cb=20211025171541;203C_5.jpg
203J;203J;Majorette;S.O.S. Cars;2019 • 2020 • 2021 • 2022 • 2023 • 2024;;white;1:64;Major Collections;S.O.S._Cars;https://static.wikia.nocookie.net/majorette_model_cars/images/4/45/Volkswagen_Crafter_%28white%2C_SOS%2C_2019%29.jpg/revision/latest?cb=20200627181426;203J.jpg
203J;203J;Majorette;S.O.S. Cars;2023 - 2024;;white;1:64;Major Collections;S.O.S._Cars;https://static.wikia.nocookie.net/majorette_model_cars/images/1/10/Volkswagen_crafter_ambulanz.JPG/revision/latest?cb=20251203170721;203J_1.jpg
203J;203J;Majorette;S.O.S. Cars;2023 - 2024;;red;1:64;Major Collections;S.O.S._Cars;https://static.wikia.nocookie.net/majorette_model_cars/images/2/21/VW_crafter_fore_brigade.JPG/revision/latest?cb=20250413093917;203J_2.jpg
220.1;220.1;Majorette;Special Forces;1995 - 1996;;olive green;1:64;Major Collections;Special_Forces:_Serie_220;https://static.wikia.nocookie.net/majorette_model_cars/images/4/4a/Chevrolet_Blazer_4x4_%28olive_green%2C_white_star_in_circle_on_hood%29.jpg/revision/latest?cb=20201125143810;220.1.jpg
1997 - 1998 - 1999;1997 - 1998 - 1999;Majorette;Special Forces;;;;1:64;Major Collections;Special_Forces:_Serie_220;https://static.wikia.nocookie.net/majorette_model_cars/images/2/20/Chevrolet_Blazer_4x4_%28olive_green%2C_camouflage%2C_no_tampo%29.jpg/revision/latest?cb=20210303133547;1997_-_1998_-_1999.jpg
1997 - 1998 - 1999;1997 - 1998 - 1999;Majorette;Special Forces;;;;1:64;Major Collections;Special_Forces:_Serie_220;https://static.wikia.nocookie.net/majorette_model_cars/images/c/c1/Majorette_Chevrolet_Blazer_4x4_%28sand%2C_olive_green_camouflage%29.jpg/revision/latest?cb=20210303133617;1997_-_1998_-_1999_1.jpg
220.2;220.2;Majorette;Special Forces;1995 - 1996;;olive green;1:64;Major Collections;Special_Forces:_Serie_220;https://static.wikia.nocookie.net/majorette_model_cars/images/9/9d/Camion_Missile_Launcher_%28olive_green%2C_special_forces%29.jpg/revision/latest?cb=20210714191229;220.2.jpg
1997 - 1998 - 1999;1997 - 1998 - 1999;Majorette;Special Forces;;;;1:64;Major Collections;Special_Forces:_Serie_220;https://static.wikia.nocookie.net/majorette_model_cars/images/d/d3/Majorette_Camion_Misile_launcher_%28sand_camouflage%2C_olive_missiles%29.jpg/revision/latest?cb=20210714133134;1997_-_1998_-_1999_2.jpg
1997 - 1998 - 1999;1997 - 1998 - 1999;Majorette;Special Forces;;;;1:64;Major Collections;Special_Forces:_Serie_220;https://static.wikia.nocookie.net/majorette_model_cars/images/2/26/Majorette_Camion_Misile_launcher_%28olive_camouflage%2C_olive_missiles%29.jpg/revision/latest?cb=20210714132839;1997_-_1998_-_1999_3.jpg
220.5;220.5;Majorette;Special Forces;1996 - 1997;;olive;1:64;Major Collections;Special_Forces:_Serie_220;https://static.wikia.nocookie.net/majorette_model_cars/images/a/a9/Chevrolet_Impala_police_%28olive%2C_military_police%2C_1995%29.jpg/revision/latest?cb=20200625144650;220.5.jpg
1998 - 1999;1998 - 1999;Majorette;Special Forces;;;;1:64;Major Collections;Special_Forces:_Serie_220;https://static.wikia.nocookie.net/majorette_model_cars/images/b/b8/Chevrolet_Impala_police_%28olive_tan%2C_military_police%2C_1998%29.jpg/revision/latest?cb=20200625133748;1998_-_1999.jpg
220.4;220.4;Majorette;Special Forces;1995 - 1996 - 1997;;olive green;1:64;Major Collections;Special_Forces:_Serie_220;https://static.wikia.nocookie.net/majorette_model_cars/images/f/f0/Ford_Ranger_Ambulance_%28olive_green%2C_special_forces%29_1995.jpg/revision/latest?cb=20210522120737;220.4.jpg
1995 - 1996 - 1997;1995 - 1996 - 1997;Majorette;Special Forces;;;;1:64;Major Collections;Special_Forces:_Serie_220;https://static.wikia.nocookie.net/majorette_model_cars/images/e/e8/Ford_Ranger_Ambulance_%28sand%2C_8DOT%29.jpg/revision/latest?cb=20210522133035;1995_-_1996_-_1997.jpg
1998 - 1999;1998 - 1999;Majorette;Special Forces;;;;1:64;Major Collections;Special_Forces:_Serie_220;https://static.wikia.nocookie.net/majorette_model_cars/images/5/53/Majorette_Ford_Ranger_Ambulance_%28olive_green_%26_sand_camouflage%2C_8DOT%29.jpg/revision/latest?cb=20210522121728;1998_-_1999_1.jpg
1998 - 1999;1998 - 1999;Majorette;Special Forces;;;;1:64;Major Collections;Special_Forces:_Serie_220;https://static.wikia.nocookie.net/majorette_model_cars/images/8/8e/Ford_Ranger_Ambulance_%28sand_%26_olive_green_camouflage%2C_8DOT%29.jpg/revision/latest?cb=20210522133151;1998_-_1999_2.jpg
220.7;220.7;Majorette;Special Forces;1995 - 1996;;olive;1:64;Major Collections;Special_Forces:_Serie_220;https://static.wikia.nocookie.net/majorette_model_cars/images/f/f2/Jeep_CJ-7_4_x_4_hardtop_special_forces_%281995%29.jpg/revision/latest?cb=20200702151348;220.7.jpg
1997;1997;Majorette;Special Forces;;;;1:64;Major Collections;Special_Forces:_Serie_220;https://static.wikia.nocookie.net/majorette_model_cars/images/7/74/Jeep_CJ-7_4_x_4_Hardtop_military_%28desert_sand%29.jpg/revision/latest?cb=20200702165607;1997.jpg
220.9;220.9;Majorette;Special Forces;1996;;olive green;1:64;Major Collections;Special_Forces:_Serie_220;https://static.wikia.nocookie.net/majorette_model_cars/images/5/57/6_x_6_all_terain_%28olive%2C_special_forces%29.jpg/revision/latest?cb=20210714170026;220.9.jpg
1997 - 1998 - 1999;1997 - 1998 - 1999;Majorette;Special Forces;;;;1:64;Major Collections;Special_Forces:_Serie_220;https://static.wikia.nocookie.net/majorette_model_cars/images/7/74/Majorette_6_x_6_All_Terrain_With_Cannon_%28olive_camouflage%2C_cannon%29.jpg/revision/latest?cb=20210714135457;1997_-_1998_-_1999_4.jpg
1997 - 1998 - 1999;1997 - 1998 - 1999;Majorette;Special Forces;;;;1:64;Major Collections;Special_Forces:_Serie_220;https://static.wikia.nocookie.net/majorette_model_cars/images/8/81/Majorette_6_x_6_All_Terrain_With_Cannon_%28sand_camouflage%2C_cannon%29.jpg/revision/latest?cb=20210714135133;1997_-_1998_-_1999_5.jpg
220.10;220.10;Majorette;Special Forces;1996;;olive green;1:64;Major Collections;Special_Forces:_Serie_220;https://static.wikia.nocookie.net/majorette_model_cars/images/d/da/6_x_6_all_terain_rocket_launcher_%28olive%2C_special_forces%29.jpg/revision/latest?cb=20210714170535;220.10.jpg
1997 - 1998 - 1999;1997 - 1998 - 1999;Majorette;Special Forces;;;;1:64;Major Collections;Special_Forces:_Serie_220;https://static.wikia.nocookie.net/majorette_model_cars/images/7/73/Majorette_6_x_6_All_Terrain_With_Rocket_Launcher_%28sand_camouflage%2C_rocket_launcher%29.jpg/revision/latest?cb=20210714140147;1997_-_1998_-_1999_6.jpg
220.13;220.13;Majorette;Special Forces;1998 - 1999;;olive green;1:64;Major Collections;Special_Forces:_Serie_220;https://static.wikia.nocookie.net/majorette_model_cars/images/e/e2/Majorette_Jeep_CJ-7_%28olive_green%2C_tan_camouflage%29.jpg/revision/latest?cb=20210303140748;220.13.jpg
1998 - 1999;1998 - 1999;Majorette;Special Forces;;;;1:64;Major Collections;Special_Forces:_Serie_220;https://static.wikia.nocookie.net/majorette_model_cars/images/9/97/Majorette_Jeep_CJ-7_%28tan%2C_olive_green_camouflage%29.jpg/revision/latest?cb=20210303143835;1998_-_1999_3.jpg
376;376;Majorette;Special Forces;1998 - 1999;;tan camouflage;1:64;Major Collections;Special_Forces:_Serie_220;https://static.wikia.nocookie.net/majorette_model_cars/images/3/34/Range_Rover_Rescue_Team_%2B_Reservoir_%28sand_camouflage%2C_special_forces%29.jpg/revision/latest?cb=20210922150051;376_9.jpg
379;379;Majorette;Special Forces;1997;;olive green;1:64;Major Collections;Special_Forces:_Serie_220;https://static.wikia.nocookie.net/majorette_model_cars/images/3/39/Majorette_GMC_Brigadier_Powder_Transporter_%28olive_green%29.jpg/revision/latest?cb=20210910152843;379_5.jpg
series content 6 models each year until 2022 , then 12 models each year;series content 6 models each year until 2022 , then 12 models each year;Majorette;Vintage Cars;2018 - 2019 - 2020 - 2021 - 2022 - 2023 - 2024 - 2025;;;1:64;Major Collections;Vintage_Series;https://static.wikia.nocookie.net/majorette_model_cars/images/a/a6/Vintage_Single_Cars_Assortment.jpg/revision/latest?cb=20201106095636;series_content_6_models_each_year_until_2022_,_then_12_models_each_year.jpg
series content 6 models each year;series content 6 models each year;Majorette;Vintage Deluxe Metal Series;2021 - 2022;;;1:64;Major Collections;Vintage_Series;https://static.wikia.nocookie.net/majorette_model_cars/images/9/9d/Vintage_Deluxe_Metal_Series.jpg/revision/latest?cb=20220512152959;series_content_6_models_each_year.jpg
series content 6 models each year;series content 6 models each year;Majorette;Vintage Deluxe Cars;2019 - 2020 - 2021;;;1:64;Major Collections;Vintage_Series;https://static.wikia.nocookie.net/majorette_model_cars/images/3/31/Vintage_Deluxe_Cars_Assortment.jpg/revision/latest?cb=20201106095718;series_content_6_models_each_year_1.jpg
3 different sets;3 different sets;Majorette;Vintage Trailer;2018 - 2019 - 2020 - 2021;;;1:64;Major Collections;Vintage_Series;https://static.wikia.nocookie.net/majorette_model_cars/images/4/41/Vintage_Trailer_Assortment.jpg/revision/latest?cb=20201106095841;3_different_sets_2.jpg
Vintage giftpacks, Rusty Vintage Giftpack;Vintage giftpacks, Rusty Vintage Giftpack;Majorette;Vintage Giftpacks;2017 - 2018 - 2019 - 2020 - 2021 - 2022;;;1:64;Major Collections;Vintage_Series;https://static.wikia.nocookie.net/majorette_model_cars/images/5/5a/Vintage_Giftpack.jpg/revision/latest?cb=20201106095936;Vintage_giftpacks,_Rusty_Vintage_Giftpack.jpg
serie contents 6 models each year;serie contents 6 models each year;Majorette;Vision Gran Turismo - 6 cars asst.;2017 - 2018;;;1:64;Major Collections;Vision_Gran_Turismo;https://static.wikia.nocookie.net/majorette_model_cars/images/a/ad/Vision_Gran_Turismo_Car_Asst.jpg/revision/latest?cb=20220520205128;serie_contents_6_models_each_year.jpg
series content different packs;series content different packs;Majorette;Vision Grand Turismo - 3 pieces set;2017 - 2018;;;1:64;Major Collections;Vision_Gran_Turismo;https://static.wikia.nocookie.net/majorette_model_cars/images/2/23/Vision_Gran_Turismo_3packs.jpg/revision/latest?cb=20220520205335;series_content_different_packs.jpg
5 Pieces Giftpack;5 Pieces Giftpack;Majorette;Vision Gran Turismo - Giftpack 2017;2017;;;1:64;Major Collections;Vision_Gran_Turismo;https://static.wikia.nocookie.net/majorette_model_cars/images/4/46/Vision_Gran_Turismo_Giftpack_2017.jpg/revision/latest?cb=20220520204656;5_Pieces_Giftpack.jpg
5 Pieces Giftpack;5 Pieces Giftpack;Majorette;Vision Gran Turismo - Giftpack 2018;2018;;;1:64;Major Collections;Vision_Gran_Turismo;https://static.wikia.nocookie.net/majorette_model_cars/images/0/07/Vision_Gran_Turismo_Giftpack_2018.jpg/revision/latest?cb=20220520204833;5_Pieces_Giftpack_1.jpg
201E;201E;Majorette;WRC Cars;2019 - 2020 - 2021;;dark blue;1:64;Major Collections;WRC_Cars;https://static.wikia.nocookie.net/majorette_model_cars/images/d/d2/Ford_Fiesta_WRC_2020_WRC_Cars_rubber_tires.jpg/revision/latest?cb=20200710124619;201E.jpg
280A;280A;Majorette;WRC Cars;2019 - 2020 - 2021;;light blue;1:64;Major Collections;WRC_Cars;https://static.wikia.nocookie.net/majorette_model_cars/images/b/be/Hyundai_i20_Coupe_WRC_2020_WRC_Cars_rubber_tires.jpg/revision/latest?cb=20200710115606;280A.jpg
264D;264D;Majorette;WRC Cars;2019 - 2020 - 2021;;color gradient front to back from dark blue - light blue till white;1:64;Major Collections;WRC_Cars;https://static.wikia.nocookie.net/majorette_model_cars/images/4/40/Volkswagen_Polo_R_WRC_2020_WRC_rubber_tires.jpg/revision/latest?cb=20200710113532;264D_2.jpg
254N;254N;Majorette;WRC Cars;2019 - 2020 - 2021 - 2022 - 2023 - 2024;;red;1:64;Major Collections;WRC_Cars;https://static.wikia.nocookie.net/majorette_model_cars/images/e/eb/Citro%C3%ABn_C3_WRC_2018_-_2020_WRC_Cars_Series_rubber_tires_red.jpg/revision/latest?cb=20200710122519;254N.jpg
280A;280A;Majorette;WRC Cars;2022 - 2023 - 2024;;purple;1:64;Major Collections;WRC_Cars;https://static.wikia.nocookie.net/majorette_model_cars/images/a/a0/Hyunda_i20_Coupe_WRC_%28Thierry_Neuville%29.jpg/revision/latest?cb=20230603183749;280A_1.jpg
201E;201E;Majorette;WRC Cars;2022 - 2023 - 2024;;white;1:64;Major Collections;WRC_Cars;https://static.wikia.nocookie.net/majorette_model_cars/images/5/5a/Ford_Fiesta_WRC_%28Gus_Greensmith%29_2022.jpg/revision/latest?cb=20230603182123;201E_1.jpg
series content 5 models;series content 5 models;Majorette;Buriram United Cars Asst.;2019;;;1:64;Minor Collections;Buriram_United;https://static.wikia.nocookie.net/majorette_model_cars/images/a/a8/Buriram_United_Cars_Asst.jpg/revision/latest?cb=20200703163137;series_content_5_models.jpg
241;241;Majorette;Cadbury's;1994 - 1995;;blue;1:64;Minor Collections;Cadbury's;https://static.wikia.nocookie.net/majorette_model_cars/images/0/08/Ford_Covered_truck_%28blue%2C_Cadbury%27s%29.jpg/revision/latest?cb=20201124013027;241_9.jpg
234;234;Majorette;Cadbury's;1994;;yellow;1:64;Minor Collections;Cadbury's;https://static.wikia.nocookie.net/majorette_model_cars/images/6/66/Fourgon_%28yellow%2C_cadbury%27s%29.jpg/revision/latest?cb=20201121132435;234_15.jpg
Ford E-350 (Fourgon);Ford E-350 (Fourgon);Ford;Cadbury's;red;;;1:64;Minor Collections;Cadbury's;https://static.wikia.nocookie.net/majorette_model_cars/images/8/81/Fourgon_%28red%2C_cadbury%27s%29.jpg/revision/latest?cb=20201121132501;Ford_E-350_(Fourgon).jpg
Ford E-350 (Fourgon);Ford E-350 (Fourgon);Ford;Cadbury's;red & blue;;;1:64;Minor Collections;Cadbury's;https://static.wikia.nocookie.net/majorette_model_cars/images/c/c3/Fourgon_%28red_%26_blue_%28cadbury%27s%2C_white_doors%29.jpg/revision/latest?cb=20201120231319;Ford_E-350_(Fourgon)_1.jpg
Ford E-350 (Fourgon);Ford E-350 (Fourgon);Ford;Cadbury's;red & blue;;;1:64;Minor Collections;Cadbury's;https://static.wikia.nocookie.net/majorette_model_cars/images/8/81/Fourgon_%28red_%26_blue_%28cadbury%27s%2C_blue_doors%29.jpg/revision/latest?cb=20201120231105;Ford_E-350_(Fourgon)_2.jpg
Ford E-350 (Fourgon);Ford E-350 (Fourgon);Ford;Cadbury's;dark purple;;;1:64;Minor Collections;Cadbury's;https://static.wikia.nocookie.net/majorette_model_cars/images/2/26/Fourgon_%28dark_purple%2C_cadbury%2C_dairy_milk_buttons%29.jpg/revision/latest?cb=20201120225739;Ford_E-350_(Fourgon)_3.jpg
Ford E-350 (Fourgon);Ford E-350 (Fourgon);Ford;Cadbury's;dark purple;;;1:64;Minor Collections;Cadbury's;https://static.wikia.nocookie.net/majorette_model_cars/images/d/d8/Fourgon_%28dark_purple%2C_cadbury_dairy_milk%29.jpg/revision/latest?cb=20201120225635;Ford_E-350_(Fourgon)_4.jpg
245;245;Majorette;Cadbury's;1994;;dark purple;1:64;Minor Collections;Cadbury's;https://static.wikia.nocookie.net/majorette_model_cars/images/d/dd/Majorette-Ford-Cadburys-Dairy-Milk-Tanker-Diecast.jpg/revision/latest?cb=20200628002701;245_14.jpg
Ford Cargo Tanker;Ford Cargo Tanker;Ford;Cadbury's;red & blue;;;1:64;Minor Collections;Cadbury's;https://static.wikia.nocookie.net/majorette_model_cars/images/2/22/Ford_Cargo_Tanker_%28redn_blue_tank%2C_cadbury%27s_creme_eggs%2C_1994%29.jpg/revision/latest?cb=20200628005819;Ford_Cargo_Tanker.jpg
Ford Cargo Tanker;Ford Cargo Tanker;Ford;Cadbury's;red & yellow;;;1:64;Minor Collections;Cadbury's;https://static.wikia.nocookie.net/majorette_model_cars/images/d/da/Ford_Cargo_Tanker_%28cadbury%27s%29.jpg/revision/latest?cb=20201121142541;Ford_Cargo_Tanker_1.jpg
Ford Cargo Tanker;Ford Cargo Tanker;Ford;Cadbury's;dark purple;;;1:64;Minor Collections;Cadbury's;https://static.wikia.nocookie.net/majorette_model_cars/images/8/80/Ford_Cargo_Tanker_%28purple%2C_purple_tank%2C_cadbury_dairy_milk_buttons%29.jpg/revision/latest?cb=20200628005618;Ford_Cargo_Tanker_2.jpg
Ford Cargo Tanker;Ford Cargo Tanker;Ford;Cadbury's;yellow;;;1:64;Minor Collections;Cadbury's;https://static.wikia.nocookie.net/majorette_model_cars/images/6/69/Ford_Cargo_Tanker_%28yellow%2C_yellow_tank%2C_red_cadbury_caramel%2C_1995%29.jpg/revision/latest?cb=20200628005742;Ford_Cargo_Tanker_3.jpg
Ford Cargo Tanker;Ford Cargo Tanker;Ford;Cadbury's;orange;;;1:64;Minor Collections;Cadbury's;https://static.wikia.nocookie.net/majorette_model_cars/images/6/62/Ford_Cargo_Tanker_%28yellow%2C_yellow_tank%2C_purple_cadbury_caramel%2C_1995%29.jpg/revision/latest?cb=20200628005718;Ford_Cargo_Tanker_4.jpg
201;201;Majorette;Cadbury's;1994 - 1995;;dark purple;1:64;Minor Collections;Cadbury's;https://static.wikia.nocookie.net/majorette_model_cars/images/0/05/Ford_Model_A_Van_%28purple%2C_cadbury%27s%2C_Buttons%29.jpg/revision/latest?cb=20200910152654;201_7.jpg
Ford Model A Van;Ford Model A Van;Ford;Cadbury's;dark purple;;;1:64;Minor Collections;Cadbury's;https://static.wikia.nocookie.net/majorette_model_cars/images/1/1d/Majorette_Ford_Model_A_%28purple%2C_cadbury%27s_dairy_milk%29.jpg/revision/latest?cb=20200910142045;Ford_Model_A_Van.jpg
Ford Model A Van;Ford Model A Van;Ford;Cadbury's;yellow;;;1:64;Minor Collections;Cadbury's;https://static.wikia.nocookie.net/majorette_model_cars/images/3/33/Ford_Medel_A_Van_%28yellow%2C_Cadbury%27s_crunchie%29.jpg/revision/latest?cb=20201124011834;Ford_Model_A_Van_1.jpg
265;265;Majorette;Cadbury's;1994 - 1995;;red;1:64;Minor Collections;Cadbury's;https://static.wikia.nocookie.net/majorette_model_cars/images/c/cf/Renault_J_Container_%28red%2C_Cadbury%27s%29.jpg/revision/latest?cb=20201124010811;265_11.jpg
Renault J Container;Renault J Container;Renault;Cadbury's;blue;;;1:64;Minor Collections;Cadbury's;https://static.wikia.nocookie.net/majorette_model_cars/images/2/20/Renault_J_Container_%28blue%2C_Cadbury%27s_roses%29.jpg/revision/latest?cb=20201124010700;Renault_J_Container.jpg
340;340;Majorette;Cadbury's;1994;;dark purple;1:64;Minor Collections;Cadbury's;https://static.wikia.nocookie.net/majorette_model_cars/images/7/70/Volvo_Semi_Container_%28cadburys%29.jpg/revision/latest?cb=20220223154722;340_6.jpg
1995;1995;Majorette;Cadbury's;;;;1:64;Minor Collections;Cadbury's;https://static.wikia.nocookie.net/majorette_model_cars/images/5/55/Volvo_Semi_Container_%28cadburys_dairy_milk_buttons%29.jpg/revision/latest?cb=20220223155409;1995.jpg
1995;1995;Majorette;Cadbury's;;;;1:64;Minor Collections;Cadbury's;https://static.wikia.nocookie.net/majorette_model_cars/images/5/5c/Volvo_Semi_Container_%28cadbury%27s_creme_eggs%29.jpg/revision/latest?cb=20220223155932;1995_1.jpg
277;277;Majorette;Circus Pinder;2000 - 2001 - 2002 - 2003 - 2004 - 2005 - 2006;;yellow;1:64;Minor Collections;Circus_Pinder;https://static.wikia.nocookie.net/majorette_model_cars/images/d/d4/4_x_4_Toyota_Land_Cruiser_%28Pinder%29_2000.jpg/revision/latest?cb=20200801195341;277_8.jpg
278;278;Majorette;Circus Pinder;1998 - 1999;;red & yellow;1:64;Minor Collections;Circus_Pinder;https://static.wikia.nocookie.net/majorette_model_cars/images/0/0c/Camping_Car_%28Pinder%29.jpg/revision/latest?cb=20200910162943;278_8.jpg
313;313;Majorette;Circus Pinder;1998 - 1999 - 2000 - 2001 - 2002 - 2003 - 2004 - 2005 - 2006 - 2007 - 2008 - 2009 - 2010 - 2011 - 2012;;red & yellow;1:64;Minor Collections;Circus_Pinder;https://static.wikia.nocookie.net/majorette_model_cars/images/f/fa/Camping_Car_Deluxe_%28red_%26_yellow%2C_pinder%2C_D5S%29.jpg/revision/latest?cb=20220703121234;313_3.jpg
370;370;Majorette;Circus Pinder;1998 - 1999;;yellow;1:64;Minor Collections;Circus_Pinder;https://static.wikia.nocookie.net/majorette_model_cars/images/6/63/Majorette_Caravane_Residentiele_%28yellow%2C_pinder%29_1998.jpg/revision/latest?cb=20210313160633;370_2.jpg
291;291;Majorette;Circus Pinder;1998 - 1999;;yellow;1:64;Minor Collections;Circus_Pinder;https://static.wikia.nocookie.net/majorette_model_cars/images/e/ea/Majorette_Chevrolet_Blazer_4x4_%28yellow%2C_pinder%29.jpg/revision/latest?cb=20201125150447;291_8.jpg
225A;225A;Majorette;Circus Pinder;2011 - 2012 - 2013;;yellow;1:64;Minor Collections;Circus_Pinder;https://static.wikia.nocookie.net/majorette_model_cars/images/9/99/Dacia_Duster_%28Pinder%29.jpg/revision/latest?cb=20210130143604;225A_5.jpg
270;270;Majorette;Circus Pinder;1999 - 2000 - 2001 - 2002 - 2003 - 2004 - 2005 - 2006 - 2007 - 2008 - 2009 - 2010 - 2011 - 2012 - 2013;;yellow;1:64;Minor Collections;Circus_Pinder;https://static.wikia.nocookie.net/majorette_model_cars/images/8/87/Ford_Econoline_%28Pinder%2C_5SW%29.jpg/revision/latest?cb=20220121135049;270_10.jpg
201;201;Majorette;Circus Pinder;2000;;yellow;1:64;Minor Collections;Circus_Pinder;https://static.wikia.nocookie.net/majorette_model_cars/images/a/a6/Ford_Model_A_Van_%28orange_%26_red%2C_Pinder%29.jpg/revision/latest?cb=20200910170532;201_8.jpg
259;259;Majorette;Circus Pinder;1998 - 1999 - 2000 - 2001 - 2002 - 2003 - 2004 - 2005 - 2006 - 2007 - 2008 - 2009 - 2010 - 2011 - 2012 - 2013;;yellow;1:64;Minor Collections;Circus_Pinder;https://static.wikia.nocookie.net/majorette_model_cars/images/0/03/Fourgon_%28Glacier%29_%28yellow%2C_Pinder%2C_NUC2%29.jpg/revision/latest?cb=20200910164940;259_8.jpg
249;249;Majorette;Circus Pinder;1998 - 1999 - 2000 - 2001 - 2002 - 2003 - 2004 - 2005 - 2006 - 2007 - 2008 - 2009 - 2010 - 2011 - 2012 - 2013;;yellow;1:64;Minor Collections;Circus_Pinder;https://static.wikia.nocookie.net/majorette_model_cars/images/e/ed/GMC_Jimmy_%28yellow%2C_circus%29.jpg/revision/latest?cb=20220321145037;249_16.jpg
328;328;Majorette;Circus Pinder;1998 - 1999 - 2000 - 2001 - 2002 - 2003 - 2004 - 2005 - 2006 - 2007 - 2008 - 2009 - 2010 - 2011 - 2012;;yellow;1:64;Minor Collections;Circus_Pinder;https://static.wikia.nocookie.net/majorette_model_cars/images/c/c5/Land_Rover_90_raid_%2B_Lion_Cage_Trailer_%28yellow%2C_pinder%2C_5RDL%29.jpg/revision/latest?cb=20210219170610;328_14.jpg
299E;299E;Majorette;Circus Pinder;2017 - 2018;;;1:64;Minor Collections;Circus_Pinder;https://static.wikia.nocookie.net/majorette_model_cars/images/f/fb/MAN_TGX_Pinder.png/revision/latest?cb=20260623195608;299E_3.jpg
299E;299E;Majorette;Circus Pinder;2017 - 2018;;;1:64;Minor Collections;Circus_Pinder;https://static.wikia.nocookie.net/majorette_model_cars/images/0/04/MAN_TGX_Pinder_tanker.png/revision/latest?cb=20260623195701;299E_4.jpg
297B;297B;Majorette;Circus Pinder;2017 - 2018;;red;1:64;Minor Collections;Circus_Pinder;https://static.wikia.nocookie.net/majorette_model_cars/images/2/20/Mercedes-Benz_Zetros_Pinder_297B.jpg/revision/latest?cb=20210130150128;297B_7.jpg
272;272;Majorette;Circus Pinder;1999;;red;1:64;Minor Collections;Circus_Pinder;https://static.wikia.nocookie.net/majorette_model_cars/images/e/e2/Renault_Espace_%28red%2C_pinder%29.jpg/revision/latest?cb=20210407150607;272_9.jpg
233;233;Majorette;Circus Pinder;1998;;;1:64;Minor Collections;Circus_Pinder;https://static.wikia.nocookie.net/majorette_model_cars/images/1/14/Express_Pinder.png/revision/latest?cb=20260623201205;233_9.jpg
288;288;Majorette;Circus Pinder;1999 - 2000 - 2001 - 2002 - 2003 - 2004 - 2005 - 2006 - 2007 - 2008 - 2009- 2010 - 2011 - 2012 - 2013;;red;1:64;Minor Collections;Circus_Pinder;https://static.wikia.nocookie.net/majorette_model_cars/images/3/3a/Majorette_Renault_Kangoo_%28red%2C_Pinder%2C_5CS_wheels%29.jpg/revision/latest?cb=20200717190450;288_3.jpg
288B;288B;Majorette;Circus Pinder;2011 - 2012 - 2013 - 2014 - 2015 - 2016 - 2017 - 2018;;red;1:64;Minor Collections;Circus_Pinder;https://static.wikia.nocookie.net/majorette_model_cars/images/5/5a/Renault_Kangoo_Express_Pinder_288B.jpg/revision/latest?cb=20210130142839;288B_6.jpg
239C;239C;Majorette;Circus Pinder;2011 - 2012 - 2013 - 2014 - 2015 - 2016 - 2017 - 2018;;red;1:64;Minor Collections;Circus_Pinder;https://static.wikia.nocookie.net/majorette_model_cars/images/e/e2/Renault_Master_%28red%2C_Pinder%29.jpg/revision/latest?cb=20210120190551;239C_4.jpg
238B;238B;Majorette;Circus Pinder;2014 - 2015 - 2016 - 2017 - 2018;;yellow;1:64;Minor Collections;Circus_Pinder;https://static.wikia.nocookie.net/majorette_model_cars/images/c/c9/Renault_Trafic_Pinder_239B.jpg/revision/latest?cb=20210130145408;238B_4.jpg
276;276;Majorette;Circus Pinder;1998 - 1999 - 2000 - 2001 - 2002 - 2003 - 2004 - 2005 - 2006 - 2007 - 2008 - 2009 - 2010 - 2011 - 2012 - 2013;;yellow;1:64;Minor Collections;Circus_Pinder;https://static.wikia.nocookie.net/majorette_model_cars/images/d/d5/Majorette_Toyota_Runner_%28dark_yellow%2C_pinder%2C_black_interior%2C_5RDL_wheels%29.jpg/revision/latest?cb=20201117185123;276_5.jpg
325;325;Majorette;Circus Pinder;1998 - 1999 - 2000 - 2001;;yellow;1:64;Minor Collections;Circus_Pinder;https://static.wikia.nocookie.net/majorette_model_cars/images/9/94/Toyota_Runner_%2B_Caravane_%281983%29_%28yellow%2C_pinder%29_1998.jpg/revision/latest?cb=20210312222454;325_13.jpg
203C;203C;Majorette;Circus Pinder;2014 - 2015 - 2016 - 2017 - 2018;;yellow;1:64;Minor Collections;Circus_Pinder;https://static.wikia.nocookie.net/majorette_model_cars/images/2/28/Volkswagen_Amarok_Pinder_203C.jpg/revision/latest?cb=20210130144550;203C_6.jpg
340;340;Majorette;Circus Pinder;1998 - 1999 - 2000 - 2001 - 2002 - 2003 - 2004 - 2005 - 2006 - 2007 - 2008;;yellow;1:64;Minor Collections;Circus_Pinder;https://static.wikia.nocookie.net/majorette_model_cars/images/e/e4/Volvo_Semi_Container_%28le_cirque_pinder%2C_zoo%29_1999.jpg/revision/latest?cb=20220223172844;340_7.jpg
278;278;Majorette;Circus Pinder;2000 - 2001 - 2002 - 2003 - 2004 - 2005 - 2006 - 2007 - 2008 - 2009- 2010 - 2011 - 2012;;yellow / red;1:64;Minor Collections;Circus_Pinder;https://static.wikia.nocookie.net/majorette_model_cars/images/4/4e/Western_Locomotive_%28yellow%2C_pinder%29.jpg/revision/latest?cb=20201124001034;278_9.jpg
313;313;Majorette;Coca Cola;1995 - 1996 - 1997;;red & white;1:64;Minor Collections;Coca_Cola_Serie;https://static.wikia.nocookie.net/majorette_model_cars/images/6/68/Majorette_Camping_Car_Deluxe_%28red_%26_white%2C_coca_cola%29_1995.jpg/revision/latest?cb=20220702201257;313_4.jpg
Camping Car Deluxe;Camping Car Deluxe;Majorette;Coca Cola;red & blue;;;1:64;Minor Collections;Coca_Cola_Serie;https://static.wikia.nocookie.net/majorette_model_cars/images/6/63/Majorette_Camping_Car_Deluxe_%28red_%26_blue%2C_coca_cola%29.jpg/revision/latest?cb=20220702200427;Camping_Car_Deluxe.jpg
370;370;Majorette;Coca Cola;1998;;white;1:64;Minor Collections;Coca_Cola_Serie;https://static.wikia.nocookie.net/majorette_model_cars/images/7/7a/Majorette_Caravane_Residentiele_%28white_coca_cola%29_1998.jpg/revision/latest?cb=20210313155008;370_3.jpg
291;291;Majorette;Coca Cola;1995 - 1996 - 1997;;red;1:64;Minor Collections;Coca_Cola_Serie;https://static.wikia.nocookie.net/majorette_model_cars/images/9/90/Chevrolet_Blazer_4x4_%28red%2C_coca_cola%29.jpg/revision/latest?cb=20201125202339;291_9.jpg
279;279;Majorette;Coca Cola;1998;;white;1:64;Minor Collections;Coca_Cola_Serie;https://static.wikia.nocookie.net/majorette_model_cars/images/a/a7/Chevrolet_Corvette_58_%28white%2C_coca_cola%29.jpg/revision/latest?cb=20200722204145;279_10.jpg
Chevrolet Corvette '58;Chevrolet Corvette '58;Chevrolet;Coca Cola;red;;;1:64;Minor Collections;Coca_Cola_Serie;https://static.wikia.nocookie.net/majorette_model_cars/images/4/45/Chevrolet_Corvette_58_%28red%2C_coca_cola%29.jpg/revision/latest?cb=20200722204121;Chevrolet_Corvette_'58.jpg
223;223;Majorette;Coca Cola;1995 - 1996;;red;1:64;Minor Collections;Coca_Cola_Serie;https://static.wikia.nocookie.net/majorette_model_cars/images/c/c0/Majorette_chevy_%28red_coca_cola%29.jpg/revision/latest?cb=20210113142118;223_15.jpg
234;234;Majorette;Coca Cola;1995 - 1996 - 1997;;red;1:64;Minor Collections;Coca_Cola_Serie;https://static.wikia.nocookie.net/majorette_model_cars/images/9/99/Fourgon_%28red%2C_coca_cola%29.jpg/revision/latest?cb=20201211104015;234_9.jpg
259;259;Majorette;Coca Cola;1998;;red;1:64;Minor Collections;Coca_Cola_Serie;https://static.wikia.nocookie.net/majorette_model_cars/images/0/0e/No_image.jpg/revision/latest?cb=20200531172448;258.jpg
255;255;Majorette;Coca Cola;1998;;red;1:64;Minor Collections;Coca_Cola_Serie;https://static.wikia.nocookie.net/majorette_model_cars/images/c/ce/Ford_Ranger_Ambulance_%28coca_cola%29.jpg/revision/latest?cb=20210522182012;255_13.jpg
290;290;Majorette;Coca Cola;1998;;red;1:64;Minor Collections;Coca_Cola_Serie;https://static.wikia.nocookie.net/majorette_model_cars/images/d/de/Ford_Thunderbird_57_%28red%2C_coca_cola%29.png/revision/latest?cb=20200724180827;290_7.jpg
236;236;Majorette;Coca Cola;1995 - 1996 - 1997;;white;1:64;Minor Collections;Coca_Cola_Serie;https://static.wikia.nocookie.net/majorette_model_cars/images/0/0d/Cherokee_4x4_%28white%2C_coca_cola%2C_1997%29.jpg/revision/latest?cb=20200630211401;236_17.jpg
326;326;Majorette;Coca Cola;1997;;red;1:64;Minor Collections;Coca_Cola_Serie;https://static.wikia.nocookie.net/majorette_model_cars/images/5/50/Majorette_mercedes_stretch_limousine_coca_cola.jpg/revision/latest?cb=20210507110849;326_5.jpg
262;262;Majorette;Coca Cola;1995 - 1996 - 1997;;red;1:64;Minor Collections;Coca_Cola_Serie;https://static.wikia.nocookie.net/majorette_model_cars/images/8/83/Minibus_%28coca_cola%2C_5_passengers%29.jpg/revision/latest?cb=20210525160333;262_15.jpg
Minibus Airport;Minibus Airport;Majorette;Coca Cola;red;;;1:64 / 1:87;Minor Collections;Coca_Cola_Serie;https://static.wikia.nocookie.net/majorette_model_cars/images/4/42/Minibus_%28coca_cola_footbal%29.jpg/revision/latest?cb=20210525165038;Minibus_Airport.jpg
373;373;Majorette;Coca Cola;1995 - 1996 - 1997;;red;1:64;Minor Collections;Coca_Cola_Serie;https://static.wikia.nocookie.net/majorette_model_cars/images/d/d1/Neoplan_Autocar_Jetliner_%28red%2C_Coca_cola%2C_NUC2%29.jpg/revision/latest?cb=20210610200914;373_14.jpg
Neoplan Autocar Jetliner;Neoplan Autocar Jetliner;Majorette;Coca Cola;red;;;1:64;Minor Collections;Coca_Cola_Serie;https://static.wikia.nocookie.net/majorette_model_cars/images/8/83/Neoplan_Autocar_Jetliner_%28red%2C_Coca_cola%2C_NUC2%29_1995.jpg/revision/latest?cb=20210610195358;Neoplan_Autocar_Jetliner.jpg
Neoplan Autocar Jetliner;Neoplan Autocar Jetliner;Majorette;Coca Cola;red / white;;;1:64;Minor Collections;Coca_Cola_Serie;https://static.wikia.nocookie.net/majorette_model_cars/images/f/fd/Neoplan_Autocar_Jetliner_%28red%2C_Coca_cola%2C_NUC2%29_1998.jpg/revision/latest?cb=20210610200216;Neoplan_Autocar_Jetliner_1.jpg
272;272;Majorette;Coca Cola;1998;;white;1:64;Minor Collections;Coca_Cola_Serie;https://static.wikia.nocookie.net/majorette_model_cars/images/8/80/Renault_Espace_%28coca_cola%29_1998.jpg/revision/latest?cb=20210407151907;272_10.jpg
265;265;Majorette;Coca Cola;1995 - 1996 - 1997 - 1998;;red;1:64;Minor Collections;Coca_Cola_Serie;https://static.wikia.nocookie.net/majorette_model_cars/images/9/98/Renault_J_Container_%28red%2C_coca_cola%29.jpg/revision/latest?cb=20201121224434;265_12.jpg
340;340;Majorette;Coca Cola;1995 - 1996 - 1997;;red;1:64;Minor Collections;Coca_Cola_Serie;https://static.wikia.nocookie.net/majorette_model_cars/images/f/f9/Volvo_Semi_Container_%28coca_cola%29_1995.jpg/revision/latest?cb=20220223160126;340_8.jpg
1998;1998;Majorette;Coca Cola;;;;1:64;Minor Collections;Coca_Cola_Serie;https://static.wikia.nocookie.net/majorette_model_cars/images/7/7b/Volvo_Semi_Container_%28coca_cola%29_1998.jpg/revision/latest?cb=20220223170819;1998.jpg
355;355;Majorette;Coca Cola;1997;;white;1:64;Minor Collections;Coca_Cola_Serie;https://static.wikia.nocookie.net/majorette_model_cars/images/a/a3/Volvo_Semi_tanker_coca_cola.jpg/revision/latest?cb=20210910141917;355_7.jpg
268;268;Majorette;Color Pack;1989 - 1990;;warm: cream cold: red;1:64;Minor Collections;Color_Pack:_Serie_2250;https://static.wikia.nocookie.net/majorette_model_cars/images/1/1e/Chevrolet_Corvette_%28color_pack%29.jpg/revision/latest?cb=20200726192110;268_14.jpg
238;238;Majorette;Color Pack;1989 - 1990;;warm: green cold: blue;1:64;Minor Collections;Color_Pack:_Serie_2250;https://static.wikia.nocookie.net/majorette_model_cars/images/7/72/F1_Racing_%28color_pack%29.jpg/revision/latest?cb=20200726192646;238_13.jpg
237;237;Majorette;Color Pack;1989 - 1990;;warm: red cold: blue;1:64;Minor Collections;Color_Pack:_Serie_2250;https://static.wikia.nocookie.net/majorette_model_cars/images/e/e5/Lamborghini_Countach_%28colour_pack%29.jpg/revision/latest?cb=20200726191155;237_19.jpg
210;210;Majorette;Color Pack;1989 - 1990;;warm: orange cold: pink;1:64;Minor Collections;Color_Pack:_Serie_2250;https://static.wikia.nocookie.net/majorette_model_cars/images/8/84/Majorette_Peugeot_205_CTI_%28yellow%2C_CTI%29.jpg/revision/latest?cb=20200726104424;210_13.jpg
206;206;Majorette;Color Pack;1989 - 1990;;warm: light blue cold: dark blue;1:64;Minor Collections;Color_Pack:_Serie_2250;https://static.wikia.nocookie.net/majorette_model_cars/images/1/17/Pontiac_Fiero_%28color_pack%29.jpg/revision/latest?cb=20200726191115;206_15.jpg
248;248;Majorette;Color Pack;1989 - 1990;;warm: orange cold: red;1:64;Minor Collections;Color_Pack:_Serie_2250;https://static.wikia.nocookie.net/majorette_model_cars/images/a/a8/Pontiac_Firebird_%28color_pack%29.jpg/revision/latest?cb=20200726191656;248_7.jpg
209;209;Majorette;Color Pack;1989;;warm: pale yellow cold: green;1:64;Minor Collections;Color_Pack:_Serie_2250;https://static.wikia.nocookie.net/majorette_model_cars/images/d/d4/Porsche_Turbo_%28colour_pack%29.jpg/revision/latest?cb=20200726191914;209_11.jpg
235;235;Majorette;Color Pack;1990;;warm: yellow cold: dark green;1:64;Minor Collections;Color_Pack:_Serie_2250;https://static.wikia.nocookie.net/majorette_model_cars/images/e/ea/Volkswagen_Golf_GTi_%28Mk_II%29.jpg/revision/latest?cb=20200726194349;235_15.jpg
451;451;Majorette;Crazy Roadsters;1993 - 1994 - 1995 - 1996 - 1997;;white / black;1:64;Minor Collections;Crazy_Roadsters:_Serie_450;https://static.wikia.nocookie.net/majorette_model_cars/images/2/26/Excalibur_Crazy_Roadster_%28tom_dog%29_1993.jpg/revision/latest?cb=20200815222648;451.jpg
452;452;Majorette;Crazy Roadsters;1993 - 1994 - 1995 - 1996 - 1997;;yellow / purple;1:64;Minor Collections;Crazy_Roadsters:_Serie_450;https://static.wikia.nocookie.net/majorette_model_cars/images/e/eb/Excalibur_Crazy_Roadster_%28Croco_Bill%29.jpg/revision/latest?cb=20200815222350;452.jpg
453;453;Majorette;Crazy Roadsters;1993;;green;1:64;Minor Collections;Crazy_Roadsters:_Serie_450;https://static.wikia.nocookie.net/majorette_model_cars/images/2/2a/Renault_JP4_%28green%2C_Crazy_Roadster%2C_Teddy_Bear%29.jpg/revision/latest?cb=20200809203535;453.jpg
453;453;Majorette;Crazy Roadsters;1994 - 1995 - 1996 - 1997;;yellow;1:64;Minor Collections;Crazy_Roadsters:_Serie_450;https://static.wikia.nocookie.net/majorette_model_cars/images/b/ba/Renault_JP4_%28yellow%2C_Crazy_Roadster%2C_Teddy_Bear%29.jpg/revision/latest?cb=20200809203052;453_1.jpg
454;454;Majorette;Crazy Roadsters;1993 - 1994 - 1995 - 1996 - 1997;;red;1:64;Minor Collections;Crazy_Roadsters:_Serie_450;https://static.wikia.nocookie.net/majorette_model_cars/images/6/60/Majorette_Renault_JP4_%28red%2C_turtle%29.jpg/revision/latest?cb=20200809202821;454.jpg
455;455;Majorette;Crazy Roadsters;1994 - 1995 - 1996 - 1997;;dark purple;1:64;Minor Collections;Crazy_Roadsters:_Serie_450;https://static.wikia.nocookie.net/majorette_model_cars/images/8/80/Morgan_Crazy_Roadster_%28big_bedert%29_1994.jpg/revision/latest?cb=20200815215220;455.jpg
456;456;Majorette;Crazy Roadsters;1993 - 1994 - 1995 - 1996 - 1997;;yellow;1:64;Minor Collections;Crazy_Roadsters:_Serie_450;https://static.wikia.nocookie.net/majorette_model_cars/images/1/1c/Morgan_Crazy_Roadster_%28Elliot_the_Cat%29.jpg/revision/latest?cb=20200815211635;456.jpg
457;457;Majorette;Crazy Roadsters;1995 - 1996 - 1997;;yellow;1:64;Minor Collections;Crazy_Roadsters:_Serie_450;https://static.wikia.nocookie.net/majorette_model_cars/images/c/cb/VW_beetle_Crazy_Roadster_%28yellow%2C_oui_oui%29_1995.jpg/revision/latest?cb=20200815224151;457.jpg
457;457;Majorette;Crazy Roadsters;1995 - 1996 - 1997;;green;1:64;Minor Collections;Crazy_Roadsters:_Serie_450;https://static.wikia.nocookie.net/majorette_model_cars/images/e/ef/Airplane_Crazy_Roadster_%28green%2C_oui_oui%29_1995.jpg/revision/latest?cb=20200815224237;457_1.jpg
256;256;Majorette;Dallas;1982;;;1:64;Minor Collections;Dallas;https://static.wikia.nocookie.net/majorette_model_cars/images/3/31/Dallas_BMW_733_%28gold%2C_3S%29.jpg/revision/latest?cb=20200829125001;256_9.jpg
254;254;Majorette;Dallas;1982;;;1:64;Minor Collections;Dallas;https://static.wikia.nocookie.net/majorette_model_cars/images/b/b9/Dallas_Cattle_wagon_%283S_wheels%29.jpg/revision/latest?cb=20200829125210;254_6.jpg
268;268;Majorette;Dallas;1982;;;1:64;Minor Collections;Dallas;https://static.wikia.nocookie.net/majorette_model_cars/images/7/7f/Dallas_Jeep_%28red%29.jpg/revision/latest?cb=20200829125412;268_15.jpg
249;249;Majorette;Dallas;1982;;;1:64;Minor Collections;Dallas;https://static.wikia.nocookie.net/majorette_model_cars/images/7/7f/Dallas_mercedes_%28silver%29.jpg/revision/latest?cb=20200829125440;249_17.jpg
247;247;Majorette;Dallas;1982;;;1:64;Minor Collections;Dallas;https://static.wikia.nocookie.net/majorette_model_cars/images/c/c5/Dallas_Porsche_%28black%29.jpg/revision/latest?cb=20200829125503;247_5.jpg
245;245;Majorette;Dallas;1982;;;1:64;Minor Collections;Dallas;https://static.wikia.nocookie.net/majorette_model_cars/images/a/a1/Dallas_Tanker.jpg/revision/latest?cb=20200829125714;245_15.jpg
369;369;Majorette;Dallas;1982;;;1:64;Minor Collections;Dallas;https://static.wikia.nocookie.net/majorette_model_cars/images/d/d3/Dallas_Tractor_%2B_trailer.jpg/revision/latest?cb=20200829125740;369_3.jpg
311;311;Majorette;Dallas;1982;;;1:64;Minor Collections;Dallas;https://static.wikia.nocookie.net/majorette_model_cars/images/0/07/Dallas_Volvo_%2B_Trailer_%28red%2C_red_trailer%29.jpg/revision/latest?cb=20210619130020;311_16.jpg
1001;1001;Majorette;Deluxe Collection;1990 - 1991 - 1992 - 1993;;blue;1:64;Minor Collections;Deluxe_Collection:_Serie_1000;https://static.wikia.nocookie.net/majorette_model_cars/images/1/12/Jaguar_XJ-SC_Cabrio_%28blue%2C_deluxe%29.jpg/revision/latest?cb=20201113165235;1001.jpg
Jaguar XJ-SC Cabrio;Jaguar XJ-SC Cabrio;Jaguar;Deluxe Collection;green;;;1:64;Minor Collections;Deluxe_Collection:_Serie_1000;https://static.wikia.nocookie.net/majorette_model_cars/images/2/28/Jaguar_XJ-SC_Cabrio_%28green%2C_deluxe%29.jpg/revision/latest?cb=20201113165259;Jaguar_XJ-SC_Cabrio.jpg
1002;1002;Majorette;Deluxe Collection;1990 - 1991 - 1992 - 1993;;red;1:64;Minor Collections;Deluxe_Collection:_Serie_1000;https://static.wikia.nocookie.net/majorette_model_cars/images/8/8c/Majorette_Ferrari_F40_%28red%2C_deluxe_collection%29.jpg/revision/latest?cb=20201113115539;1002.jpg
Ferrari F40;Ferrari F40;Ferrari;Deluxe Collection;yellow;;;1:64;Minor Collections;Deluxe_Collection:_Serie_1000;https://static.wikia.nocookie.net/majorette_model_cars/images/e/e2/Majorette_Ferrari_F40_%28yellow%2C_deluxe_collection%29.jpg/revision/latest?cb=20201113120800;Ferrari_F40.jpg
1003;1003;Majorette;Deluxe Collection;1990 - 1991 - 1992 - 1993;;white;1:64;Minor Collections;Deluxe_Collection:_Serie_1000;https://static.wikia.nocookie.net/majorette_model_cars/images/6/6b/Porsche_911_Turbo_%28white%2C_deluxe_collection%29.jpg/revision/latest?cb=20201113141348;1003.jpg
Porsche 911 Turbo;Porsche 911 Turbo;Porsche;Deluxe Collection;silver;;;1:64;Minor Collections;Deluxe_Collection:_Serie_1000;https://static.wikia.nocookie.net/majorette_model_cars/images/d/d7/Porsche_911_Turbo_%28silver%2C_deluxe_collection%29.jpg/revision/latest?cb=20201113141418;Porsche_911_Turbo.jpg
1004;1004;Majorette;Deluxe Collection;1990 - 1991 - 1992 - 1993;;black;1:64;Minor Collections;Deluxe_Collection:_Serie_1000;https://static.wikia.nocookie.net/majorette_model_cars/images/2/2c/Lamborghini_Countach_%28black%2C_deluxe%29.jpg/revision/latest?cb=20201113144246;1004.jpg
Lamborghini Countach;Lamborghini Countach;Lamborghini;Deluxe Collection;red;;;1:64;Minor Collections;Deluxe_Collection:_Serie_1000;https://static.wikia.nocookie.net/majorette_model_cars/images/3/38/Lamborghini_Countach_%28red%2C_deluxe%29.jpg/revision/latest?cb=20201211113032;Lamborghini_Countach.jpg
1005;1005;Majorette;Deluxe Collection;1990 - 1991 - 1992 - 1993;;red;1:64;Minor Collections;Deluxe_Collection:_Serie_1000;https://static.wikia.nocookie.net/majorette_model_cars/images/7/7b/Ferrari_Testarossa_%28red%2C_deluxe%29.jpg/revision/latest?cb=20201211114122;1005.jpg
Ferrari Testarossa;Ferrari Testarossa;Ferrari;Deluxe Collection;white;;;1:64;Minor Collections;Deluxe_Collection:_Serie_1000;https://static.wikia.nocookie.net/majorette_model_cars/images/1/1c/Ferrari_Testarossa_%28white%2C_deluxe%29.jpg/revision/latest?cb=20201113152329;Ferrari_Testarossa.jpg
1006;1006;Majorette;Deluxe Collection;1990 - 1991 - 1992 - 1993;;tan;1:64;Minor Collections;Deluxe_Collection:_Serie_1000;https://static.wikia.nocookie.net/majorette_model_cars/images/8/83/Rolls_Royce_Corniche_II_%28tan%2C_deluxe%29.jpg/revision/latest?cb=20201113163207;1006.jpg
Rolls Royce Corniche II;Rolls Royce Corniche II;Rolls-Royce;Deluxe Collection;maroon;;;1:64;Minor Collections;Deluxe_Collection:_Serie_1000;https://static.wikia.nocookie.net/majorette_model_cars/images/5/5f/Rolls_Royce_Corniche_II_%28maroon%2C_deluxe%29.jpg/revision/latest?cb=20210620174520;Rolls_Royce_Corniche_II.jpg
1007;1007;Majorette;Deluxe Collection;1991 - 1992 - 1993;;silver;1:64;Minor Collections;Deluxe_Collection:_Serie_1000;https://static.wikia.nocookie.net/majorette_model_cars/images/0/0f/Mercedes_500_SL_%28silver%2C_deluxe%29.jpg/revision/latest?cb=20201113145929;1007.jpg
Mercedes 500 SL;Mercedes 500 SL;Mercedes-Benz;Deluxe Collection;beige;;;1:64;Minor Collections;Deluxe_Collection:_Serie_1000;https://static.wikia.nocookie.net/majorette_model_cars/images/8/8b/Mercedes_500_SL_%28beide%2C_deluxe%29.jpg/revision/latest?cb=20201113145958;Mercedes_500_SL.jpg
1008;1008;Majorette;Deluxe Collection;The BMW never made it to production.;;red;1:64;Minor Collections;Deluxe_Collection:_Serie_1000;;
215;215;Majorette;Driver 2;2002 - 2003;;turquoise;1:64;Minor Collections;Driver_2;https://static.wikia.nocookie.net/majorette_model_cars/images/a/af/Chevrolet_Corvette_%28turquoise%2C_driver_2%29.jpg/revision/latest?cb=20200725165609;215_16.jpg
279;279;Majorette;Driver 2;2002 - 2003;;light blue;1:64;Minor Collections;Driver_2;https://static.wikia.nocookie.net/majorette_model_cars/images/e/e0/Chevrolet_Corvette_58_%28light_blue%2C_driver_2%29_2002.jpg/revision/latest?cb=20200812162309;279_11.jpg
217;217;Majorette;Driver 2;2002 - 2003;;purple;1:64;Minor Collections;Driver_2;https://static.wikia.nocookie.net/majorette_model_cars/images/8/8f/Chevrolet_Pick_Up_%28purple%2C_driver_2%29.jpg/revision/latest?cb=20200812164520;217_14.jpg
223;223;Majorette;Driver 2;2002 - 2003;;dark purple;1:64;Minor Collections;Driver_2;https://static.wikia.nocookie.net/majorette_model_cars/images/3/31/Majorette_Chevy_57_%28dark_purple%2C_driver_2%29.jpg/revision/latest?cb=20200812162158;223_11.jpg
238A;238A;Majorette;Driver 2;2002 - 2003;;yellow;1:64;Minor Collections;Driver_2;https://static.wikia.nocookie.net/majorette_model_cars/images/4/45/Dodge_Concept_Car_%28yellow%2C_driver_2%29_2002.jpg/revision/latest?cb=20200812162422;238A_4.jpg
296;296;Majorette;Driver 2;2002 - 2003;;metallic blue;1:64;Minor Collections;Driver_2;https://static.wikia.nocookie.net/majorette_model_cars/images/7/70/Majorette_El_Camino_SS_%28blue%2C_driver_2%29.jpg/revision/latest?cb=20200719003705;296_13.jpg
203S;203S;Majorette;Driver 2;2002 - 2003;;tan;1:64;Minor Collections;Driver_2;https://static.wikia.nocookie.net/majorette_model_cars/images/1/13/Ford_Mustang_GT_%28tan%2C_driver_2%29.jpg/revision/latest?cb=20200812164220;203S.jpg
205S;205S;Majorette;Driver 2;2002 - 2003;;orange;1:64;Minor Collections;Driver_2;https://static.wikia.nocookie.net/majorette_model_cars/images/4/42/Ford_Mustang_GT_%28orange%2C_driver_2%29.jpg/revision/latest?cb=20200812164402;205S.jpg
290;290;Majorette;Driver 2;2002 - 2003;;red;1:64;Minor Collections;Driver_2;https://static.wikia.nocookie.net/majorette_model_cars/images/d/d0/Ford_Thunderbird_57_%28red%2C_driver_2%29.jpg/revision/latest?cb=20200812162541;290_8.jpg
211;211;Majorette;Driver 2;2002 - 2003;;orange;1:64;Minor Collections;Driver_2;https://static.wikia.nocookie.net/majorette_model_cars/images/f/fe/GT_Racing_driver_2_%28orange%29.jpg/revision/latest?cb=20200823185943;211_10.jpg
212;212;Majorette;Driver 2;2002 - 2003;;orange;1:64;Minor Collections;Driver_2;https://static.wikia.nocookie.net/majorette_model_cars/images/8/8f/Pontiac_Fire_bird_4th_generation_%28Orange%2C_driver_2%29.jpg/revision/latest?cb=20200812162716;212_13.jpg
213 / 14;213 / 14;Majorette;Driver 2;2002 - 2003;;red;1:64;Minor Collections;Driver_2;https://static.wikia.nocookie.net/majorette_model_cars/images/a/a9/Roadster_%28red%2C_driver_2%29.jpg/revision/latest?cb=20200812164021;213_-_14.jpg
216S;216S;Majorette;Driver 2;2002 - 2003;;red;1:64;Minor Collections;Driver_2;https://static.wikia.nocookie.net/majorette_model_cars/images/d/d8/Ferrari_GTO_%28red%2C_driver_2%29.jpg/revision/latest?cb=20200725163941;216S_4.jpg
218S;218S;Majorette;Driver 2;2002 - 2003;;metallic orange;1:64;Minor Collections;Driver_2;https://static.wikia.nocookie.net/majorette_model_cars/images/1/1e/Stock_Car_%28gold%2C_driver_2%29.jpg/revision/latest?cb=20200824215730;218S_3.jpg
287;287;Majorette;eXtractor;2001 - 2002 - 2003;;yellow;1:64;Minor Collections;EXtractor_Serie;https://static.wikia.nocookie.net/majorette_model_cars/images/d/d6/Majorette_Bulldozer_%28yellow%2C_black_cabine%2C_grey_plow%29_1989.jpg/revision/latest?cb=20201225160808;287_2.jpg
231;231;Majorette;eXtractor;2001;;yellow;1:64;Minor Collections;EXtractor_Serie;https://static.wikia.nocookie.net/majorette_model_cars/images/2/20/Extractor_Bank_security_204_04.jpg/revision/latest?cb=20211020153349;231_13.jpg
291;291;Majorette;eXtractor;2001 - 2002 - 2003 - 2004;;orange;1:64;Minor Collections;EXtractor_Serie;https://static.wikia.nocookie.net/majorette_model_cars/images/8/81/Chevrolet_Blazer_4x4_%28orange%2C_extractor%29.jpg/revision/latest?cb=20201125153008;291_10.jpg
217;217;Majorette;eXtractor;2001 - 2002 - 2003;;orange;1:64;Minor Collections;EXtractor_Serie;https://static.wikia.nocookie.net/majorette_model_cars/images/4/41/Chevrolet_Pick_Up_%28orange_Xtractor%29_2001.jpg/revision/latest?cb=20200814131756;217_15.jpg
271;271;Majorette;eXtractor;2001 - 2002 - 2003 - 2004 - 2005;;orange;1:64;Minor Collections;EXtractor_Serie;https://static.wikia.nocookie.net/majorette_model_cars/images/0/0b/Ford_Econoline_%28extractor%2C_5SW%29.jpg/revision/latest?cb=20230522205107;271_6.jpg
295;295;Majorette;eXtractor;2001 - 2002 - 2003;;orange;1:64;Minor Collections;EXtractor_Serie;https://static.wikia.nocookie.net/majorette_model_cars/images/0/0b/Ford_Transit_Tug_%28extractor%2C_6S%29.jpg/revision/latest?cb=20220830194700;295_3.jpg
315;315;Majorette;eXtractor;2002 - 2003 - 2004 - 2005;;orange;1:64;Minor Collections;EXtractor_Serie;https://static.wikia.nocookie.net/majorette_model_cars/images/4/48/Ford_transit_tug_%2B_trailer_%28Extractor%2C_6S%29.jpg/revision/latest?cb=20220120215227;315_1.jpg
283;283;Majorette;eXtractor;2001 - 2002 - 2003 - 2004;;yellow;1:64;Minor Collections;EXtractor_Serie;https://static.wikia.nocookie.net/majorette_model_cars/images/1/17/Magirus_Crane_Truck_%28orange%2C_orange_cab%2C_NUC2%29_extractor.jpg/revision/latest?cb=20210408202402;283_4.jpg
249;249;Majorette;eXtractor;2001 - 2002 - 2003 - 2004;;yellow;1:64;Minor Collections;EXtractor_Serie;https://static.wikia.nocookie.net/majorette_model_cars/images/5/58/Gmc-USA-blazer-jimmy-majorette.jpg/revision/latest?cb=20220321161106;249_18.jpg
236;236;Majorette;eXtractor;2001;;yellow;1:64;Minor Collections;EXtractor_Serie;https://static.wikia.nocookie.net/majorette_model_cars/images/7/79/4_x_4_cherokee_%28yellow%2C_X_tractor%29%29.jpg/revision/latest?cb=20200624211613;236_15.jpg
2213;2213;Majorette;eXtractor;2001 - 2002 - 2003 - 2004 - 2005;;yellow;1:64;Minor Collections;EXtractor_Serie;https://static.wikia.nocookie.net/majorette_model_cars/images/9/91/Jeep_CJ-7_4_x4_Xtractor_%28yellow%2C_2001%29.jpg/revision/latest?cb=20200702143437;2213.jpg
2213;2213;Majorette;eXtractor;2001 - 2002 - 2003 - 2004 - 2005;;yellow;1:64;Minor Collections;EXtractor_Serie;https://static.wikia.nocookie.net/majorette_model_cars/images/3/30/Jeep_CJ-7_4_x_4_%28eXtractor%2C_Roll_Bar%29.jpg/revision/latest?cb=20200820172317;2213_1.jpg
266;266;Majorette;eXtractor;2001 - 2002 - 2003 - 2004 - 2005;;orange;1:64;Minor Collections;EXtractor_Serie;https://static.wikia.nocookie.net/majorette_model_cars/images/5/5f/Majorette_Land_Rover_Defender_90_Lightbar_Version_%28orange%2C_extractor%2C_5DOT_wheels%29.jpg/revision/latest?cb=20210219101356;266_15.jpg
242;242;Majorette;eXtractor;2001 - 2002 - 2003 - 2004 - 2005;;light orange;1:64;Minor Collections;EXtractor_Serie;https://static.wikia.nocookie.net/majorette_model_cars/images/d/d2/Majorette_Pelle_Mecanique_%28light_orange%2C_black_shovel%2C_no_tampo%29.jpg/revision/latest?cb=20210408204807;242_3.jpg
226;226;Majorette;eXtractor;2001 - 2002 - 2003 - 2004 - 2005;;light orange;1:64;Minor Collections;EXtractor_Serie;https://static.wikia.nocookie.net/majorette_model_cars/images/d/da/Rouleau_compresseur_%28orange%2C_plastic_axe%29.jpg/revision/latest?cb=20210408231326;226_8.jpg
263;263;Majorette;eXtractor;2001 - 2002 - 2003 - 2004 - 2005;;yellow;1:64;Minor Collections;EXtractor_Serie;https://static.wikia.nocookie.net/majorette_model_cars/images/a/a7/Tracto_%28Pelle%29_%28yellow%2C_OR4HC%29.jpg/revision/latest?cb=20210613125118;263_4.jpg
201S;201S;Majorette;FC Barcelona;2000;;red;1:64;Minor Collections;F.C._Barcelona_Serie;https://static.wikia.nocookie.net/majorette_model_cars/images/5/5d/Fiat_Coupe_%28red%2C_FCB%2C_8DOT%29_2000.jpg/revision/latest?cb=20200819114720;201S_4.jpg
216;216;Majorette;FC Barcelona;2000;;blue;1:64;Minor Collections;F.C._Barcelona_Serie;https://static.wikia.nocookie.net/majorette_model_cars/images/4/4e/Mercedes-Benz_A-class_%28Barcelona%29.jpg/revision/latest?cb=20201201135143;216_17.jpg
237A;237A;Majorette;FC Barcelona;2000;;silver;1:64;Minor Collections;F.C._Barcelona_Serie;https://static.wikia.nocookie.net/majorette_model_cars/images/f/ff/Audi_TT_%28silver%2C_barcelona%2C_5RDL%29.jpg/revision/latest?cb=20201103201255;237A_5.jpg
244A;244A;Majorette;FC Barcelona;2000;;metallic silver;1:64;Minor Collections;F.C._Barcelona_Serie;https://static.wikia.nocookie.net/majorette_model_cars/images/2/2d/BMW_Z3_%28silver%2C_FCB%29_2000.jpg/revision/latest?cb=20200820110805;244A_8.jpg
257;257;Majorette;FC Barcelona;2000;;white;1:64;Minor Collections;F.C._Barcelona_Serie;https://static.wikia.nocookie.net/majorette_model_cars/images/a/a0/BMW_325i_%28E36%29_%28white%2C_Barcelona%29.jpg/revision/latest?cb=20200830230401;257_19.jpg
series content 6 models;series content 6 models;Majorette;FC Bayern München Premium Cars;2020;;;1:64;Minor Collections;FC_Bayern_München_Serie;https://static.wikia.nocookie.net/majorette_model_cars/images/7/78/FC_Bayern_M%C3%BCnchen_Premium_Cars_logo.jpg/revision/latest?cb=20220520135137;series_content_6_models.jpg
content the FC Bayern München Truck;content the FC Bayern München Truck;Majorette;FC Bayern München Truck;2020;;;1:64 / 1:87;Minor Collections;FC_Bayern_München_Serie;https://static.wikia.nocookie.net/majorette_model_cars/images/e/e2/FC_Bayern_M%C3%BCnchen_truck_logo.jpg/revision/latest?cb=20220520133935;content_the_FC_Bayern_München_Truck.jpg
giftpack 2020 content 5 models with 2 giftpack exclusive models;giftpack 2020 content 5 models with 2 giftpack exclusive models;Majorette;FC Bayern München Giftpack 2020;2020;;;1:64;Minor Collections;FC_Bayern_München_Serie;https://static.wikia.nocookie.net/majorette_model_cars/images/f/f2/Majorette_FC_Bayern_Muenchen_Giftpack.png/revision/latest?cb=20200621123111;giftpack_2020_content_5_models_with_2_giftpack_exclusive_models.jpg
content the FC Bayern München Teambus Lion's Coach L Supreme;content the FC Bayern München Teambus Lion's Coach L Supreme;Majorette;FC Bayern München Teambus;2020 - 2021;;;1:64 / 1:87;Minor Collections;FC_Bayern_München_Serie;https://static.wikia.nocookie.net/majorette_model_cars/images/f/f4/FC_Bayern_M%C3%BCnchen_teambus_logo.jpg/revision/latest?cb=20220520133207;content_the_FC_Bayern_München_Teambus_Lion's_Coach_L_Supreme.jpg
giftpack 2021 content 5 models with 2 giftpack exclusive models;giftpack 2021 content 5 models with 2 giftpack exclusive models;Majorette;FC Bayern München Giftpack 2021;2021;;;1:64;Minor Collections;FC_Bayern_München_Serie;https://static.wikia.nocookie.net/majorette_model_cars/images/3/32/Majorette_FC_Bayern_Muenchen_Giftpack_2021.png/revision/latest?cb=20210423190612;giftpack_2021_content_5_models_with_2_giftpack_exclusive_models.jpg
296;296;Majorette;Jungle Mission;2004;;gray;1:64;Minor Collections;Jungle_Mission;https://static.wikia.nocookie.net/majorette_model_cars/images/a/ad/Chevrolet_El_Camoni_SS_%28jungle_mission%29.jpg/revision/latest?cb=20200816203930;296_14.jpg
290;290;Majorette;Jungle Mission;2004;;gray;1:64;Minor Collections;Jungle_Mission;https://static.wikia.nocookie.net/majorette_model_cars/images/b/b2/Ford_Thunderbird_57_%28jungle_mission%29_2004.jpg/revision/latest?cb=20200816203715;290_9.jpg
244;244;Majorette;Jungle Mission;2004;;gray;1:64;Minor Collections;Jungle_Mission;https://static.wikia.nocookie.net/majorette_model_cars/images/9/99/Jeep_%28jungle_mission%29.jpg/revision/latest?cb=20200816204415;244_12.jpg
291;291;Majorette;Jungle Mission;2004;;gray;1:64;Minor Collections;Jungle_Mission;https://static.wikia.nocookie.net/majorette_model_cars/images/7/77/Chevrolet_Blazer_jungle_mission_grey.JPG/revision/latest?cb=20250901220547;291_11.jpg
229b;229b;Majorette;Jungle Mission;2004;;gray;1:64;Minor Collections;Jungle_Mission;https://static.wikia.nocookie.net/majorette_model_cars/images/b/b6/Quad_jungle_grey.jpg/revision/latest?cb=20260901171202;229b_2.jpg
266;266;Majorette;Jungle Mission;2003 - 2004;;green;1:64;Minor Collections;Jungle_Mission;https://static.wikia.nocookie.net/majorette_model_cars/images/4/42/Land_Rover_90_Raid_%28green%2C_jungle_mission%29.jpg/revision/latest?cb=20210219192922;266_16.jpg
292;292;Majorette;Jungle Mission;2003 - 2004;;green;1:64;Minor Collections;Jungle_Mission;https://static.wikia.nocookie.net/majorette_model_cars/images/7/70/Toyota_Pick-Up_%28green%2C_jungle_mission%29.jpg/revision/latest?cb=20200730235316;292_10.jpg
230;230;Majorette;Jungle Mission;2003 - 2004;;green;1:64;Minor Collections;Jungle_Mission;https://static.wikia.nocookie.net/majorette_model_cars/images/c/cd/Toyota_Rav4_%28green%2C_jungle_mission%2C_5DOTS%29.jpg/revision/latest?cb=20200708214756;230_18.jpg
261;261;Majorette;Jungle Mission;2003 - 2004;;green;1:64;Minor Collections;Jungle_Mission;https://static.wikia.nocookie.net/majorette_model_cars/images/6/60/Explorer_jungle_mission.JPG/revision/latest?cb=20250827202910;261_9.jpg
102;102;Majorette;Magic Cars;1994;;yellow;1:64;Minor Collections;Magic_Cars:_Serie_290;https://static.wikia.nocookie.net/majorette_model_cars/images/9/9d/Nissan_300_ZX_%28yellow%2C_magic_cars%29.jpg/revision/latest?cb=20210407175408;102_1.jpg
1995;1995;Majorette;Magic Cars;TURKEY TOM;;;1:64;Minor Collections;Magic_Cars:_Serie_290;https://static.wikia.nocookie.net/majorette_model_cars/images/d/db/Nissan_300_ZX_%28red%2C_magic_cars%29.jpg/revision/latest?cb=20210407175447;1995_2.jpg
103;103;Majorette;Magic Cars;1994;;black;1:64;Minor Collections;Magic_Cars:_Serie_290;https://static.wikia.nocookie.net/majorette_model_cars/images/8/81/Chevrolet_Corvette_%28black%2C_magic_cars%29_1994.jpg/revision/latest?cb=20200817195754;103_1.jpg
1995;1995;Majorette;Magic Cars;SWAMP THING;;;1:64;Minor Collections;Magic_Cars:_Serie_290;https://static.wikia.nocookie.net/majorette_model_cars/images/3/39/Chevrolet_Corvette_%28black%2C_swamp_thing%2C_magic_cars%29_1995.jpg/revision/latest?cb=20200817195903;1995_3.jpg
1995;1995;Majorette;Magic Cars;BIG MOUTH BRUNO;;;1:64;Minor Collections;Magic_Cars:_Serie_290;https://static.wikia.nocookie.net/majorette_model_cars/images/0/00/Chevrolet_Corvette_%28black%2C_big_mouth_bruno%2C_magic_cars%29_1995.jpg/revision/latest?cb=20200817195937;1995_4.jpg
114;114;Majorette;Magic Cars;1994;;red;1:64;Minor Collections;Magic_Cars:_Serie_290;https://static.wikia.nocookie.net/majorette_model_cars/images/0/0b/Ford_Escort_%28magic_car%29_1994.jpg/revision/latest?cb=20210526233701;114_1.jpg
1995;1995;Majorette;Magic Cars;MONSTER MANIAC;;;1:64;Minor Collections;Magic_Cars:_Serie_290;https://static.wikia.nocookie.net/majorette_model_cars/images/6/65/Ford_Escort_%28magic_car%29.jpg/revision/latest?cb=20210526231712;1995_5.jpg
117;117;Majorette;Magic Cars;1994 - 1995;;red;1:64;Minor Collections;Magic_Cars:_Serie_290;https://static.wikia.nocookie.net/majorette_model_cars/images/7/7b/Honda_NSX_%28red%2C_magic_cars%29_1994.jpg/revision/latest?cb=20200731221453;117_1.jpg
1995;1995;Majorette;Magic Cars;FUTURE FREAK;;;1:64;Minor Collections;Magic_Cars:_Serie_290;https://static.wikia.nocookie.net/majorette_model_cars/images/6/66/Majorette_Honda_NSX_%28purple%2C_future_freak%29.jpg/revision/latest?cb=20200731221718;1995_6.jpg
201S;201S;Majorette;Monsters;2003 - 2004;;red;1:64;Minor Collections;Monsters_Serie;https://static.wikia.nocookie.net/majorette_model_cars/images/c/cb/Fiat_Coupe_%28red%2C_spider%2C_5ST%29_2002.jpg/revision/latest?cb=20200819120706;201S_3.jpg
204.01;204.01;Majorette;Monsters;2003 - 2004;;black;1:64;Minor Collections;Monsters_Serie;https://static.wikia.nocookie.net/majorette_model_cars/images/0/0e/Gran_Turismo_%28black%29_2002.jpg/revision/latest?cb=20210214120920;204_9.jpg
211;211;Majorette;Monsters;2003 - 2004;;orange;1:64;Minor Collections;Monsters_Serie;https://static.wikia.nocookie.net/majorette_model_cars/images/a/a8/Majorette_GT_Racing_%28metalflake_orange%2C_monster_on_hood%2C_large_majorette_on_base%29.jpg/revision/latest?cb=20200823154820;211_11.jpg
212;212;Majorette;Monsters;2003 - 2004;;silver;1:64;Minor Collections;Monsters_Serie;https://static.wikia.nocookie.net/majorette_model_cars/images/3/3c/Pontiac_Firedbird_%284th_Generation%29_silver%2C_monsters%2C_man-eater_pontiac%2C_5ST%29.jpg/revision/latest?cb=20220514201200;212_14.jpg
216C;216C;Majorette;Monsters;2003 - 2004;;red;1:64;Minor Collections;Monsters_Serie;https://static.wikia.nocookie.net/majorette_model_cars/images/5/5a/Sports_Car_%28red%2C_Piranha_Car%2C_monsters%29_2003.jpg/revision/latest?cb=20220514202616;216C_4.jpg
229;229;Majorette;Monsters;2003 - 2004;;metalflake blue;1:64;Minor Collections;Monsters_Serie;https://static.wikia.nocookie.net/majorette_model_cars/images/f/f9/Majorette_Aston_Martin_DB7_%28blue%2C_insector%2C_monsters_serie%29.jpg/revision/latest?cb=20201201141319;229_14.jpg
234;234;Majorette;Monsters;2003 - 2004;;light pastel purple;1:64;Minor Collections;Monsters_Serie;https://static.wikia.nocookie.net/majorette_model_cars/images/1/1b/Ob_c0e363_fourgon-majorette-squeletor-decor-sque.jpg/revision/latest?cb=20201121005542;234_16.jpg
249;249;Majorette;Monsters;2003 - 2004;;black;1:64;Minor Collections;Monsters_Serie;https://static.wikia.nocookie.net/majorette_model_cars/images/2/24/GMC_Jimmy_%28black%2C_cobra%29.jpg/revision/latest?cb=20220321163146;249_14.jpg
252;252;Majorette;Monsters;2003 - 2004;;red;1:64;Minor Collections;Monsters_Serie;https://static.wikia.nocookie.net/majorette_model_cars/images/2/26/Bat_Morgan_%28red%2C_bat_prints%29.jpg/revision/latest?cb=20241215054327;252_8.jpg
258A;258A;Majorette;Monsters;2003 - 2004;;tan;1:64;Minor Collections;Monsters_Serie;https://static.wikia.nocookie.net/majorette_model_cars/images/5/5d/Turbo_BMW_Die-Cast_Dragon.jpg/revision/latest?cb=20200609192827;258A_2.jpg
260;260;Majorette;Monsters;2003 - 2004;;red;1:64;Minor Collections;Monsters_Serie;https://static.wikia.nocookie.net/majorette_model_cars/images/e/e4/Mercedes-Benz_500_SL_%28red%2C_Vampire%29_2003.jpg/revision/latest?cb=20200725231756;260_13.jpg
280;280;Majorette;Monsters;2003 - 2004;;dark purple;1:64;Minor Collections;Monsters_Serie;https://static.wikia.nocookie.net/majorette_model_cars/images/d/dc/GT_Proto_%28monsters%29.jpg/revision/latest?cb=20210210084036;280_7.jpg
series content 6 models;series content 6 models;Majorette;Paris Saint-Germain Premium Cars;2021;;;1:64;Minor Collections;Paris_Saint-Germain_Serie;https://static.wikia.nocookie.net/majorette_model_cars/images/3/3f/Paris_Saint-Germain_premium_Cars.jpg/revision/latest?cb=20210603063213;series_content_6_models_1.jpg
giftpack content 5 models;giftpack content 5 models;Majorette;Paris Saint-Germain 5 Pieces Giftpack;2021;;;1:64;Minor Collections;Paris_Saint-Germain_Serie;https://static.wikia.nocookie.net/majorette_model_cars/images/6/62/Paris_Saint-Germain_Giftpack.jpg/revision/latest?cb=20210603062234;giftpack_content_5_models.jpg
content the Paris Saint-Germain Teambus Lion's Coach L Supreme;content the Paris Saint-Germain Teambus Lion's Coach L Supreme;Majorette;Paris Saint-Germain Teambus;2021;;;1:64 / 1:87;Minor Collections;Paris_Saint-Germain_Serie;https://static.wikia.nocookie.net/majorette_model_cars/images/d/df/Paris_Saint_Germain_Man_Lion%27s_coach_logo.jpg/revision/latest?cb=20220520105521;content_the_Paris_Saint-Germain_Teambus_Lion's_Coach_L_Supreme.jpg
291;291;Majorette;Pepsi Cola;2000;;blue;1:64;Minor Collections;Pepsi_Cola_Serie;https://static.wikia.nocookie.net/majorette_model_cars/images/0/0c/Chevrolet_Blazer_4x4_%28blue%2C_pepsi%29.jpg/revision/latest?cb=20201125151607;291_12.jpg
215;215;Majorette;Pepsi Cola;2000;;blue;1:64;Minor Collections;Pepsi_Cola_Serie;https://static.wikia.nocookie.net/majorette_model_cars/images/2/29/Chevrolet_Corvette_%28blue%2C_pepsi%29.jpg/revision/latest?cb=20200607191226;215_18.jpg
279;279;Majorette;Pepsi Cola;2000;;blue;1:64;Minor Collections;Pepsi_Cola_Serie;https://static.wikia.nocookie.net/majorette_model_cars/images/d/d2/Chevrolet_Corvette_58_%28blue%2C_pepsi_cola%29_2000.jpg/revision/latest?cb=20200722191140;279_12.jpg
217;217;Majorette;Pepsi Cola;2000;;blue;1:64;Minor Collections;Pepsi_Cola_Serie;https://static.wikia.nocookie.net/majorette_model_cars/images/4/4b/Chevrolet_Pick_Up_%28blue%2C_pepsi%29_2000.jpg/revision/latest?cb=20200814125742;217_16.jpg
282;282;Majorette;Pepsi Cola;2000;;blue;1:64;Minor Collections;Pepsi_Cola_Serie;https://static.wikia.nocookie.net/majorette_model_cars/images/0/00/F1_Ferrari_%281986%29_%28Pepsi%29.jpg/revision/latest?cb=20220120213504;282_7.jpg
201;201;Majorette;Pepsi Cola;2000;;white & red;1:64;Minor Collections;Pepsi_Cola_Serie;https://static.wikia.nocookie.net/majorette_model_cars/images/a/ac/Ford_Model_A_van_%28pepsi%29.jpg/revision/latest?cb=20220120175608;201_9.jpg
270;270;Majorette;Pepsi Cola;2000;;white;1:64;Minor Collections;Pepsi_Cola_Serie;https://static.wikia.nocookie.net/majorette_model_cars/images/6/69/Ford_Econoline_%28Pepsi%29.jpg/revision/latest?cb=20220121132945;270_11.jpg
317;317;Majorette;Pepsi Cola;2000;;white;1:64;Minor Collections;Pepsi_Cola_Serie;https://static.wikia.nocookie.net/majorette_model_cars/images/6/67/Ford_Econoline_%2B_Trailer_%28Pepsi%29.jpg/revision/latest?cb=20220121133057;317_1.jpg
290;290;Majorette;Pepsi Cola;2000;;blue;1:64;Minor Collections;Pepsi_Cola_Serie;https://static.wikia.nocookie.net/majorette_model_cars/images/4/48/Ford_Thunderbird_57_%28blue%2C_Pepsi_Cola%29_2000.jpg/revision/latest?cb=20200724153519;290_10.jpg
295;295;Majorette;Pepsi Cola;2000;;blue;1:64;Minor Collections;Pepsi_Cola_Serie;https://static.wikia.nocookie.net/majorette_model_cars/images/4/44/Ford_Transit_Tug_%28pepsi%29.jpg/revision/latest?cb=20220120183854;295_4.jpg
375;375;Majorette;Pepsi Cola;2000;;blue;1:64;Minor Collections;Pepsi_Cola_Serie;https://static.wikia.nocookie.net/majorette_model_cars/images/d/dc/Ford_Transit_Tug_%2B_F1_%28pepsi%29.jpg/revision/latest?cb=20220120191547;375_5.jpg
326;326;Majorette;Pepsi Cola;2000;;red;1:64;Minor Collections;Pepsi_Cola_Serie;https://static.wikia.nocookie.net/majorette_model_cars/images/6/68/Majorette_mercedes_stretch_limousine_pepsi_cola.jpg/revision/latest?cb=20210507112139;326_6.jpg
373;373;Majorette;Pepsi Cola;2000;;blue;1:64;Minor Collections;Pepsi_Cola_Serie;https://static.wikia.nocookie.net/majorette_model_cars/images/a/aa/Neoplan_Autocar_Jetliner_%28blue%2C_pepsi%29.jpg/revision/latest?cb=20210610194455;373_15.jpg
340;340;Majorette;Pepsi Cola;2000;;red;1:64;Minor Collections;Pepsi_Cola_Serie;https://static.wikia.nocookie.net/majorette_model_cars/images/a/a2/Volvo_Semi_Container_%28pepsi%29_2000.jpg/revision/latest?cb=20220223173802;340_9.jpg
355;355;Majorette;Pepsi Cola;2000;;blue;1:64;Minor Collections;Pepsi_Cola_Serie;https://static.wikia.nocookie.net/majorette_model_cars/images/0/09/Volvo_Semi_Oil_Tanker_%28pepsi%29_2000.jpg/revision/latest?cb=20210524123241;355_8.jpg
237E;237E;Majorette;Pullback Motor Cars;2012 - 2013 - 2014 - 2015 - 2016;;;1:64;Minor Collections;Pullback_Motor_Cars;https://static.wikia.nocookie.net/majorette_model_cars/images/b/b6/Audi_a1_%28red%2C_2012%29.jpg/revision/latest?cb=20200627183734;237E.jpg
237E;237E;Majorette;Pullback Motor Cars;2015 - 2016;;;1:64;Minor Collections;Pullback_Motor_Cars;https://static.wikia.nocookie.net/majorette_model_cars/images/4/48/Majorette_Audi_A1_Sport_%28white%2C_red_stripes%2C_black_1%2C_5YO_wheels%29.jpg/revision/latest?cb=20210919122608;237E_7.jpg
237A;237A;Majorette;Pullback Motor Cars;2002 - 2003 - 2004 - 2005 - 2006;;;1:64;Minor Collections;Pullback_Motor_Cars;https://static.wikia.nocookie.net/majorette_model_cars/images/6/66/Audi_TT_%28red%2C_pullback%29.jpg/revision/latest?cb=20201103222905;237A_6.jpg
237B;237B;Majorette;Pullback Motor Cars;2003 - 2004 - 2005 - 2006 - 2007;;;1:64;Minor Collections;Pullback_Motor_Cars;https://static.wikia.nocookie.net/majorette_model_cars/images/e/e4/Audi_TT_Convertible_%28metallic_silver%2C_red_interior%2C_MOTOR%29.jpg/revision/latest?cb=20210805221002;237B_1.jpg
257C;257C;Majorette;Pullback Motor Cars;2001 - 2002 - 2003 - 2004;;;1:64;Minor Collections;Pullback_Motor_Cars;https://static.wikia.nocookie.net/majorette_model_cars/images/8/80/BMW_M3_%28silver%2C_pullback_motor%29.jpg/revision/latest?cb=20220517190052;257C_4.jpg
257D;257D;Majorette;Pullback Motor Cars;2002 - 2003 - 2004 - 2005 - 2006 - 2014;;;1:64;Minor Collections;Pullback_Motor_Cars;https://static.wikia.nocookie.net/majorette_model_cars/images/3/3d/BMW_325_M3_Convertible_%28red%29.jpg/revision/latest?cb=20220517210358;257D.jpg
244A;244A;Majorette;Pullback Motor Cars;2003 - 2004 - 2005 - 2006;;;1:64;Minor Collections;Pullback_Motor_Cars;https://static.wikia.nocookie.net/majorette_model_cars/images/9/9e/BMW_Z3_Coup%C3%A9_%28silver%2C_blue_print%2C_6S%29.jpg/revision/latest?cb=20200716174856;244A_9.jpg
244B;244B;Majorette;Pullback Motor Cars;2002 - 2003 - 2004 - 2005 - 2006 - 2007 - 2008 - 2009 - 2010 - 2011 - 2012 - 2013 - 2014;;;1:64;Minor Collections;Pullback_Motor_Cars;https://static.wikia.nocookie.net/majorette_model_cars/images/e/e8/BMW_Z8_Cabriolet_%28yellow%2C_pullback%29.jpg/revision/latest?cb=20220517192042;244B_5.jpg
245B;245B;Majorette;Pullback Motor Cars;2015 - 2016;;;1:64;Minor Collections;Pullback_Motor_Cars;https://static.wikia.nocookie.net/majorette_model_cars/images/4/48/Majorette_Citro%C3%ABn_DS4_%28white%2C_43_black_stripes_yellow_roof%29.jpg/revision/latest?cb=20220324151839;245B_6.jpg
204A;204A;Majorette;Pullback Motor Cars;2014 - 2015 - 2016;;;1:64;Minor Collections;Pullback_Motor_Cars;https://static.wikia.nocookie.net/majorette_model_cars/images/2/25/Ford_Mustang_Boss_302_%282014%2C_green%2C_DS5%29.jpg/revision/latest?cb=20200629135240;204A.jpg
232A;232A;Majorette;Pullback Motor Cars;2001 - 2003 - 2004 - 2005 - 2006;;;1:64;Minor Collections;Pullback_Motor_Cars;https://static.wikia.nocookie.net/majorette_model_cars/images/1/1e/Majorette_Mercedes-Benz_CLK_GTR_%28yellow%2C_velocity%29.jpg/revision/latest?cb=20210811193215;232A_6.jpg
294C;294C;Majorette;Pullback Motor Cars;2002 - 2003 - 2004 - 2005 - 2006 - 2007 - 2008 - 2009 - 2010 - 2011 - 2012 - 2013;;;1:64;Minor Collections;Pullback_Motor_Cars;https://static.wikia.nocookie.net/majorette_model_cars/images/e/ef/Mini_Cooper_%28red%29_2001.jpg/revision/latest?cb=20220529135236;294C.jpg
294F;294F;Majorette;Pullback Motor Cars;2015 - 2016;;;1:64;Minor Collections;Pullback_Motor_Cars;https://static.wikia.nocookie.net/majorette_model_cars/images/4/48/Majorette_Mini_Cooper_WRC_%28blue%2C_white_orange_print%2C_wza_43%2C_5V_wheels%29.jpg/revision/latest?cb=20201031224813;294F_1.jpg
205;205;Majorette;Pullback Motor Cars;2003 - 2004 - 2005 - 2006 - 2007;;;1:64;Minor Collections;Pullback_Motor_Cars;https://static.wikia.nocookie.net/majorette_model_cars/images/e/ee/Peugeot_206_%28orange%29.jpg/revision/latest?cb=20220425120233;205_12.jpg
206A;206A;Majorette;Pullback Motor Cars;2004 - 2005 - 2006 - 2007 - 2008 - 2009 - 2010 - 2011;;;1:64;Minor Collections;Pullback_Motor_Cars;https://static.wikia.nocookie.net/majorette_model_cars/images/1/10/Peugeot_206_cc_%28lime_green%29_2004.jpg/revision/latest?cb=20220702135337;206A_1.jpg
209A.40;209A.40;Majorette;Pullback Motor Cars;2002 - 2003 - 2004 - 2005 - 2006 - 2007;;;1:64;Minor Collections;Pullback_Motor_Cars;https://static.wikia.nocookie.net/majorette_model_cars/images/a/af/Porsche_996_%28red%2C_motor_car%29_2002.jpg/revision/latest?cb=20200912195231;209A.40.jpg
264A;264A;Majorette;Pullback Motor Cars;2002;;;1:64;Minor Collections;Pullback_Motor_Cars;https://static.wikia.nocookie.net/majorette_model_cars/images/5/5a/VW_Golf_IV_GTI_%28metallic_silver%2C_motor%29_2002.jpg/revision/latest?cb=20200824175102;264A_3.jpg
223;223;Majorette;Road Eaters;1994 - 1995;;white;1:64;Minor Collections;Road_Eaters;https://static.wikia.nocookie.net/majorette_model_cars/images/4/43/Majorette_chevy_%28white%29.jpg/revision/latest?cb=20200531211722;223_16.jpg
Chevy '57;Chevy '57;Chevrolet;Road Eaters;white;;Cheetos;1:64;Minor Collections;Road_Eaters;https://static.wikia.nocookie.net/majorette_model_cars/images/3/31/Chevy_57_%28white%2C_Cheetos%29.jpg/revision/latest?cb=20200609105428;Chevy_'57.jpg
296;296;Majorette;Road Eaters;1994 - 1995;;green;1:64;Minor Collections;Road_Eaters;https://static.wikia.nocookie.net/majorette_model_cars/images/4/48/Majorette_El_Camino_SS_%28green%2C_road_eaters%29.jpg/revision/latest?cb=20210609133819;296_15.jpg
El Camino SS;El Camino SS;Majorette;Road Eaters;blue;;Dweebs;1:64;Minor Collections;Road_Eaters;https://static.wikia.nocookie.net/majorette_model_cars/images/d/d6/Majorette_El_Camino_SS_%28blue%2C_road_eaters%29.jpg/revision/latest?cb=20200814150834;El_Camino_SS.jpg
201;201;Majorette;Road Eaters;1994 - 1995;;yellow;1:64;Minor Collections;Road_Eaters;https://static.wikia.nocookie.net/majorette_model_cars/images/0/00/Ford_Model_A_Van_%28orange_%26_black%2C_road_eaters%29_1994.jpg/revision/latest?cb=20200910150826;201_10.jpg
Ford Model A Van;Ford Model A Van;Ford;Road Eaters;red;;Campbell's, M'm! M'm! Good!;1:64;Minor Collections;Road_Eaters;https://static.wikia.nocookie.net/majorette_model_cars/images/9/93/Ford_Model_A_Van_%28red_%26_black%2C_road_eaters%29_1994.jpg/revision/latest?cb=20200910151139;Ford_Model_A_Van_2.jpg
236;236;Majorette;Road Eaters;1994 - 1995;;black;1:64;Minor Collections;Road_Eaters;https://static.wikia.nocookie.net/majorette_model_cars/images/0/04/Cherokee_%28black%2C_road_eaters%2C_1995%29.jpg/revision/latest?cb=20200630213123;236_18.jpg
Jeep Cherokee;Jeep Cherokee;Jeep;Road Eaters;blue;;Spaghetti;1:64;Minor Collections;Road_Eaters;https://static.wikia.nocookie.net/majorette_model_cars/images/9/9f/Cherokee_%28blue%2C_road_eaters%2C_1995%29.jpg/revision/latest?cb=20200630213231;Jeep_Cherokee.jpg
219;219;Majorette;Road Eaters;1994 - 1995;;black;1:64;Minor Collections;Road_Eaters;https://static.wikia.nocookie.net/majorette_model_cars/images/4/47/Lamborghini_Diablo_Road_Eaters_%28black%2C_bubble_gum%29ww.jpg/revision/latest?cb=20200719215717;219_17.jpg
Lamborghini Diablo;Lamborghini Diablo;Lamborghini;Road Eaters;yellow;;Willy Wonka Gobstopper;1:64;Minor Collections;Road_Eaters;https://static.wikia.nocookie.net/majorette_model_cars/images/d/d2/Lamborghini_Diablo_Road_Eaters_%28yellow%2C_Willy_Wonka_Gobstopper%29.jpg/revision/latest?cb=20200719215837;Lamborghini_Diablo.jpg
209;209;Majorette;Road Eaters;1994 - 1995;;red;1:64;Minor Collections;Road_Eaters;https://static.wikia.nocookie.net/majorette_model_cars/images/b/b1/Porsche_Turbo_%28red%2C_road_eaters%2C_larry_lion%29.jpg/revision/latest?cb=20200719190715;209_12.jpg
Porsche Turbo;Porsche Turbo;Porsche;Road Eaters;red;;Campbell's soup;1:64;Minor Collections;Road_Eaters;https://static.wikia.nocookie.net/majorette_model_cars/images/b/b2/Porsche_Turbo_%28red%2C_road_eaters%2C_campbell_soup_dinosaur%29.jpg/revision/latest?cb=20200719191229;Porsche_Turbo.jpg
265;265;Majorette;Road Eaters;1994 - 1995;;red;1:64;Minor Collections;Road_Eaters;https://static.wikia.nocookie.net/majorette_model_cars/images/c/cc/Renault_J_Container_%28red%2C_Road_Eaters%29.jpg/revision/latest?cb=20201124003232;265_13.jpg
Renault J Container;Renault J Container;Renault;Road Eaters;orange;;BARNIE BEAR GROWLIN' Grilled Cheese;1:64;Minor Collections;Road_Eaters;https://static.wikia.nocookie.net/majorette_model_cars/images/1/10/Renault_J_Container_%28orange%2C_Road_Eaters%29.jpg/revision/latest?cb=20201124004150;Renault_J_Container_1.jpg
Renault J Container;Renault J Container;Renault;Road Eaters;white;;DIET PEPSE UH HUH;1:64;Minor Collections;Road_Eaters;https://static.wikia.nocookie.net/majorette_model_cars/images/0/09/Renault_J_Container_%28white%2C_diet_pepsi%29.jpg/revision/latest?cb=20201121235752;Renault_J_Container_2.jpg
2302;2302;Majorette;Sonic Flashers;1989 - 1990 - 1991 - 1992 - 1993;;white;1:64;Minor Collections;Sonic_Flashers:_Serie_2300;https://static.wikia.nocookie.net/majorette_model_cars/images/b/b9/Majorette_Ford_Bronco_%28white%2C_sheriff%29_sonic_flashers_1989.jpg/revision/latest?cb=20201212114047;2302.jpg
2303;2303;Majorette;Sonic Flashers;1989 - 1990 - 1991 - 1992 - 1993 - 1994 - 1995 - 1996 - 1997;;white;1:64;Minor Collections;Sonic_Flashers:_Serie_2300;https://static.wikia.nocookie.net/majorette_model_cars/images/c/c4/Ford_Transit_ambulance_%28sonic_flashers%2C_white%2C_1989%29.jpg/revision/latest?cb=20200630164222;2303.jpg
1989;1989;Majorette;Sonic Flashers;sound;;;1:64;Minor Collections;Sonic_Flashers:_Serie_2300;https://static.wikia.nocookie.net/majorette_model_cars/images/6/68/Ford_Transit_police_%28sonic_flashers%2C_blue%2C.jpg/revision/latest?cb=20200630171609;1989.jpg
1998;1998;Majorette;Sonic Flashers;sound;;;1:64;Minor Collections;Sonic_Flashers:_Serie_2300;https://static.wikia.nocookie.net/majorette_model_cars/images/a/ad/Ford_Transit_%28yellow%2C_sonic_flashers%29_1998.jpg/revision/latest?cb=20200820190228;1998_1.jpg
2305;2305;Majorette;Sonic Flashers;1989 - 1990;;red;1:64;Minor Collections;Sonic_Flashers:_Serie_2300;https://static.wikia.nocookie.net/majorette_model_cars/images/6/61/Majorette_Ford_Bronco_%28red%2C_fire%29_sonic_flashers_1989.jpg/revision/latest?cb=20201212115818;2305.jpg
2306;2306;Majorette;Sonic Flashers;1989;;red;1:64;Minor Collections;Sonic_Flashers:_Serie_2300;https://static.wikia.nocookie.net/majorette_model_cars/images/8/80/Majorette_Ford_Transit_%28red%2C_15_district_n6%2C_yellow_flashlights%29.jpg/revision/latest?cb=20210620155420;2306.jpg
1989;1989;Majorette;Sonic Flashers;sound;;;1:64;Minor Collections;Sonic_Flashers:_Serie_2300;https://static.wikia.nocookie.net/majorette_model_cars/images/2/29/Majorette_Ford_Transit_%28red%2C_15_district_n6%2C_red_flashlights%29.jpg/revision/latest?cb=20210620155346;1989_1.jpg
2306;2306;Majorette;Sonic Flashers;1992 - 1993;;blue;1:64;Minor Collections;Sonic_Flashers:_Serie_2300;https://static.wikia.nocookie.net/majorette_model_cars/images/9/97/Majorette_Ford_Bronco_%28blue%2C_police%2C_black_base%29_sonic_flasher.jpg/revision/latest?cb=20201212220359;2306_1.jpg
1994 - 1995 - 1996 - 1997;1994 - 1995 - 1996 - 1997;Majorette;Sonic Flashers;machine gun sound;;;1:64;Minor Collections;Sonic_Flashers:_Serie_2300;https://static.wikia.nocookie.net/majorette_model_cars/images/3/30/Majorette_Ford_Bronco_%28red%2C_gangsters%29_sonic_flashers_1989.jpg/revision/latest?cb=20201212214033;1994_-_1995_-_1996_-_1997.jpg
1998;1998;Majorette;Sonic Flashers;machine gun sound;;;1:64;Minor Collections;Sonic_Flashers:_Serie_2300;https://static.wikia.nocookie.net/majorette_model_cars/images/4/43/Ford_Bronco_%28black%29_sonic_flashers_1998.jpg/revision/latest?cb=20201212222727;1998_2.jpg
2308;2308;Majorette;Sonic Flashers;1989;;yellow;1:64;Minor Collections;Sonic_Flashers:_Serie_2300;https://static.wikia.nocookie.net/majorette_model_cars/images/6/69/Majorette_Ford_Bronco_%28yellow%29_sonic_flashers_1989.jpg/revision/latest?cb=20201212134611;2308.jpg
2309;2309;Majorette;Sonic Flashers;1990;;white / black;1:64;Minor Collections;Sonic_Flashers:_Serie_2300;https://static.wikia.nocookie.net/majorette_model_cars/images/9/9c/Chevrolet_impala_%28sonic_flashers%29_1990.jpg/revision/latest?cb=20200820174511;2309.jpg
1991 - 1992 - 1993 - 1994 - 1995 - 1996 - 1997;1991 - 1992 - 1993 - 1994 - 1995 - 1996 - 1997;Majorette;Sonic Flashers;siren;;;1:64;Minor Collections;Sonic_Flashers:_Serie_2300;https://static.wikia.nocookie.net/majorette_model_cars/images/9/98/Chevrolet_impala_police_%28sonic_flasher_1991%29.jpg/revision/latest?cb=20200625121147;1991_-_1992_-_1993_-_1994_-_1995_-_1996_-_1997.jpg
1998;1998;Majorette;Sonic Flashers;siren;;;1:64;Minor Collections;Sonic_Flashers:_Serie_2300;https://static.wikia.nocookie.net/majorette_model_cars/images/0/09/Chevrolet_impala_%28sonic_flashers%29_1998.jpg/revision/latest?cb=20200820180654;1998_3.jpg
2311;2311;Majorette;Sonic Flashers;1990;;blue;1:64;Minor Collections;Sonic_Flashers:_Serie_2300;https://static.wikia.nocookie.net/majorette_model_cars/images/7/70/Ford_E-350_Fourgon_%28police%2C_white_base%29_sonic_flashers_1990.jpg/revision/latest?cb=20201212123345;2311.jpg
2312;2312;Majorette;Sonic Flashers;1990 - 1991 - 1992 - 1993 - 1994 - 1995 - 1996 - 1997;;white;1:64;Minor Collections;Sonic_Flashers:_Serie_2300;https://static.wikia.nocookie.net/majorette_model_cars/images/f/f9/Majorette_Ford_Ranger_Ambulance_%28white%2C_222%2C_nyc_ems_ambulance%2C_orange_stripe%2C_red_flashlights%2C_8DOT_wheels%29.jpg/revision/latest?cb=20210522103901;2312.jpg
1998;1998;Majorette;Sonic Flashers;siren;;;1:64;Minor Collections;Sonic_Flashers:_Serie_2300;https://static.wikia.nocookie.net/majorette_model_cars/images/d/d1/Ford_Ranger_Ambulance_%28yellow%29.jpg/revision/latest?cb=20210522182033;1998_4.jpg
2314;2314;Majorette;Sonic Flashers;1990 - 1991 - 1992 - 1993;;yellow;1:64;Minor Collections;Sonic_Flashers:_Serie_2300;https://static.wikia.nocookie.net/majorette_model_cars/images/0/0c/Chevrolet_Corvette_Sonic_Flashers_2.jpg/revision/latest?cb=20200606173226;2314.jpg
2315;2315;Majorette;Sonic Flashers;1990 - 1991 - 1992 - 1993 - 1994 - 1995;;red;1:64;Minor Collections;Sonic_Flashers:_Serie_2300;https://static.wikia.nocookie.net/majorette_model_cars/images/e/e5/Chevrolet_Blazer_4x4_Depanneuse_%28red%3B_sonic_flashers%29_1990.jpg/revision/latest?cb=20201126210435;2315.jpg
2316;2316;Majorette;Sonic Flashers;1990 - 1991 - 1992 - 1993 - 1994;;red;1:64;Minor Collections;Sonic_Flashers:_Serie_2300;https://static.wikia.nocookie.net/majorette_model_cars/images/c/ce/Majorette_Sport_Proto_%28red%2C_18_shell%29.jpg/revision/latest?cb=20220320185709;2316.jpg
2317;2317;Majorette;Sonic Flashers;1991 - 1992 - 1993;;black;1:64;Minor Collections;Sonic_Flashers:_Serie_2300;https://static.wikia.nocookie.net/majorette_model_cars/images/2/23/Chevrolet_Corvette_%28Black%2C_sonic_flasher%29.jpg/revision/latest?cb=20200606173758;2317.jpg
2318;2318;Majorette;Sonic Flashers;1990 - 1991 - 1992 - 1993;;white;1:64;Minor Collections;Sonic_Flashers:_Serie_2300;https://static.wikia.nocookie.net/majorette_model_cars/images/c/ca/Sport_Proto_%28white%2C_sonic_flashers%29.jpg/revision/latest?cb=20221011192844;235_14.jpg
2319;2319;Majorette;Sonic Flashers;1991 - 1992 - 1993;;black;1:64;Minor Collections;Sonic_Flashers:_Serie_2300;https://static.wikia.nocookie.net/majorette_model_cars/images/4/44/Kenworth_%28sonic_flasher%29.jpg/revision/latest?cb=20210408143717;2319.jpg
Kenworth (T600);Kenworth (T600);Kenworth;Sonic Flashers;yellow;;sound: horn;1:64;Minor Collections;Sonic_Flashers:_Serie_2300;https://static.wikia.nocookie.net/majorette_model_cars/images/0/0e/No_image.jpg/revision/latest?cb=20200531172448;258.jpg
2320;2320;Majorette;Sonic Flashers;1991 - 1992 - 1993;;red;1:64;Minor Collections;Sonic_Flashers:_Serie_2300;https://static.wikia.nocookie.net/majorette_model_cars/images/9/9f/Ferrari_Testarossa_%28red%2C_sonic_flashers%29_1991.jpg/revision/latest?cb=20200822230150;2320.jpg
2322;2322;Majorette;Sonic Flashers;1991 - 1992 - 1993;;fluo yellow;1:64;Minor Collections;Sonic_Flashers:_Serie_2300;https://static.wikia.nocookie.net/majorette_model_cars/images/c/cb/Chevrolet_Blazer_4x4_%28fluo_green%2C_soda%29_France.jpg/revision/latest?cb=20201125190644;2322.jpg
1994;1994;Majorette;Sonic Flashers;breaking glass sound;;;1:64;Minor Collections;Sonic_Flashers:_Serie_2300;https://static.wikia.nocookie.net/majorette_model_cars/images/c/c4/Chevrolet_Blazer_4x4_%28red%2C_pepsi%2C_sonic_flashers%29.jpg/revision/latest?cb=20201125201922;1994.jpg
1995;1995;Majorette;Sonic Flashers;breaking glass sound;;;1:64;Minor Collections;Sonic_Flashers:_Serie_2300;https://static.wikia.nocookie.net/majorette_model_cars/images/0/0e/No_image.jpg/revision/latest?cb=20200531172448;258.jpg
2323;2323;Majorette;Sonic Flashers;1991 - 1992 - 1993;;yellow;1:64;Minor Collections;Sonic_Flashers:_Serie_2300;https://static.wikia.nocookie.net/majorette_model_cars/images/2/2b/Majorette_Ford_Bronco_%28yellow%2C_911_breaking_madness%29.jpg/revision/latest?cb=20201212112458;2323.jpg
2324;2324;Majorette;Sonic Flashers;1991 - 1992 - 1993 - 1994 - 1995 - 1996 - 1997 - 1998;;red;1:64;Minor Collections;Sonic_Flashers:_Serie_2300;https://static.wikia.nocookie.net/majorette_model_cars/images/f/fe/Ford_Ranger_Ambulance_%28red%2C_sonic_flasher%2C_rescue_unit%29_1991.jpg/revision/latest?cb=20210522105515;2324.jpg
2325;2325;Majorette;Sonic Flashers;1992 - 1993;;white;1:64;Minor Collections;Sonic_Flashers:_Serie_2300;https://static.wikia.nocookie.net/majorette_model_cars/images/3/32/6_x_6_All_Terrain_%282%29.jpg/revision/latest?cb=20210714150716;2325.jpg
2331;2331;Majorette;Sonic Flashers;1990 - 1991 - 1992 - 1993;;olive green;1:64;Minor Collections;Sonic_Flashers:_Serie_2300;https://static.wikia.nocookie.net/majorette_model_cars/images/2/22/Chevrolet_Blazer_4x4_%28olive_green%2C_star_on_hood%29.jpg/revision/latest?cb=20201125191153;2331.jpg
1990 - 1991 - 1992 - 1993;1990 - 1991 - 1992 - 1993;Majorette;Sonic Flashers;machine gun sound;;;1:64;Minor Collections;Sonic_Flashers:_Serie_2300;https://static.wikia.nocookie.net/majorette_model_cars/images/3/34/Chevrolet_Blazer_4x4_%28sand%29.jpg/revision/latest?cb=20210530091221;1990_-_1991_-_1992_-_1993.jpg
2332;2332;Majorette;Sonic Flashers;1990 - 1991;;tan / olive;1:64;Minor Collections;Sonic_Flashers:_Serie_2300;https://static.wikia.nocookie.net/majorette_model_cars/images/7/7b/Camion_Missile_Launcher_%28olive_camouflage%2C_sonic_flashers%2C_special_forces%29.jpg/revision/latest?cb=20210714192717;2332.jpg
1991 - 1992;1991 - 1992;Majorette;Sonic Flashers;missile sound;;;1:64;Minor Collections;Sonic_Flashers:_Serie_2300;https://static.wikia.nocookie.net/majorette_model_cars/images/f/fe/Camion_Missile_Launcher_%28tan%2C_special_forces%29.jpg/revision/latest?cb=20210714193915;1991_-_1992.jpg
1992 - 1993;1992 - 1993;Majorette;Sonic Flashers;missile sound;;;1:64;Minor Collections;Sonic_Flashers:_Serie_2300;https://static.wikia.nocookie.net/majorette_model_cars/images/e/ef/Camion_Missile_Launcher_%28olive_grey%2C_special_forces%29.jpg/revision/latest?cb=20210714193936;1992_-_1993.jpg
2334;2334;Majorette;Sonic Flashers;1990;;olive green;1:64;Minor Collections;Sonic_Flashers:_Serie_2300;https://static.wikia.nocookie.net/majorette_model_cars/images/0/00/Ford_Ranger_Ambulance_%28olive%2C_sonic_flasher%29_1990.jpg/revision/latest?cb=20210522104352;2334.jpg
1991 - 1992 - 1993;1991 - 1992 - 1993;Majorette;Sonic Flashers;siren;;;1:64;Minor Collections;Sonic_Flashers:_Serie_2300;https://static.wikia.nocookie.net/majorette_model_cars/images/2/2a/Majorette_Ford_Ranger_Ambulance_%28olive_green%2C_sonic_flasher%2C_olive_green_cross%29.jpg/revision/latest?cb=20210522110806;1991_-_1992_-_1993.jpg
2335;2335;Majorette;Sonic Flashers;1993;;olive;1:64;Minor Collections;Sonic_Flashers:_Serie_2300;https://static.wikia.nocookie.net/majorette_model_cars/images/1/10/Chevrolet_Impala_police_sonic_flasher_%28olive%2C_military_police%2C_1995%29.jpg/revision/latest?cb=20200625145448;2335.jpg
2338;2338;Majorette;Sonic Flashers;1990 - 1991 - 1992 - 1993;;olive;1:64;Minor Collections;Sonic_Flashers:_Serie_2300;https://static.wikia.nocookie.net/majorette_model_cars/images/b/b5/Ford_E-350_Fourgon_%28commando%29_sonic_flashers_1990.jpg/revision/latest?cb=20201212125310;2338.jpg
2339;2339;Majorette;Sonic Flashers;1991 - 1992 - 1993;;tan;1:64;Minor Collections;Sonic_Flashers:_Serie_2300;https://static.wikia.nocookie.net/majorette_model_cars/images/9/98/6_x_6_All_Terrain_cannon_%28tan%29.jpg/revision/latest?cb=20210714162824;2339.jpg
1991 - 1992 - 1993;1991 - 1992 - 1993;Majorette;Sonic Flashers;sound cannon;;;1:64;Minor Collections;Sonic_Flashers:_Serie_2300;https://static.wikia.nocookie.net/majorette_model_cars/images/f/f0/6_x_6_All_Terrain_cannon_%28olive%29.jpg/revision/latest?cb=20210714162621;1991_-_1992_-_1993_1.jpg
2340;2340;Majorette;Sonic Flashers;1991 - 1992;;tan;1:64;Minor Collections;Sonic_Flashers:_Serie_2300;https://static.wikia.nocookie.net/majorette_model_cars/images/5/5e/6_x_6_All_Terrain_Rocket_Launcher_%28sand%29.jpg/revision/latest?cb=20210714150556;2340.jpg
1991 - 1992;1991 - 1992;Majorette;Sonic Flashers;sound rocket;;;1:64;Minor Collections;Sonic_Flashers:_Serie_2300;https://static.wikia.nocookie.net/majorette_model_cars/images/6/63/6_x_6_all_terrain_%28olive%29.jpg/revision/latest?cb=20210714163850;1991_-_1992_1.jpg
2341;2341;Majorette;Sonic Flashers;1992 - 1993 - 1994 - 1995;;black / red;1:64;Minor Collections;Sonic_Flashers:_Serie_2300;https://static.wikia.nocookie.net/majorette_model_cars/images/3/33/Western_Locomotive_%28black_red%2C_sonic_flashers%29.jpg/revision/latest?cb=20201125211004;2341.jpg
1992 - 1993 - 1994 - 1995;1992 - 1993 - 1994 - 1995;Majorette;Sonic Flashers;steam wistle engine sound;;;1:64;Minor Collections;Sonic_Flashers:_Serie_2300;https://static.wikia.nocookie.net/majorette_model_cars/images/2/2e/Western_Locomotive_%28black_yellow%2C_sonic_flashers%29.jpg/revision/latest?cb=20201125211051;1992_-_1993_-_1994_-_1995.jpg
2343;2343;Majorette;Sonic Flashers;1993;;blue;1:64;Minor Collections;Sonic_Flashers:_Serie_2300;https://static.wikia.nocookie.net/majorette_model_cars/images/c/c5/Cadillac_Stretch_Limousine_%28blue%2C_sonic_flasher%29_1993.jpg/revision/latest?cb=20210313215250;2343.jpg
1993;1993;Majorette;Sonic Flashers;lights & machinegun sound;;;1:64;Minor Collections;Sonic_Flashers:_Serie_2300;https://static.wikia.nocookie.net/majorette_model_cars/images/1/17/Cadillac_Stretch_Limousine_%28black%2C_sonic_flasher%29_1993.jpg/revision/latest?cb=20210313221212;1993.jpg
1993;1993;Majorette;Sonic Flashers;lights & machinegun sound;;;1:64;Minor Collections;Sonic_Flashers:_Serie_2300;https://static.wikia.nocookie.net/majorette_model_cars/images/6/6f/Cadillac_Stretch_Limousine_%28red%2C_sonic_flasher%29_1993.jpg/revision/latest?cb=20210313221232;1993_1.jpg
202.80;202.80;Majorette;Speed Wheelers;2001;;pale green;1:64;Minor Collections;Speed_Wheelers;https://static.wikia.nocookie.net/majorette_model_cars/images/4/43/Peugeot_405_T_16_%28pale_green%2C_hurricane%29.jpg/revision/latest?cb=20200930192052;202.80.jpg
204.80;204.80;Majorette;Speed Wheelers;2000 - 2001 - 2002 - 2003;;white;1:64;Minor Collections;Speed_Wheelers;https://static.wikia.nocookie.net/majorette_model_cars/images/2/26/Gran_Turismo_%28white%2C_speed_wheelers%29_2001.jpg/revision/latest?cb=20210214122410;204.80.jpg
209.80;209.80;Majorette;Speed Wheelers;2001;;turquoise;1:64;Minor Collections;Speed_Wheelers;https://static.wikia.nocookie.net/majorette_model_cars/images/9/9f/Porsche_Turbo_%28light_blue%2C_speed_wheelers%29_2001.jpg/revision/latest?cb=20200827175845;209.80.jpg
209A;209A;Majorette;Speed Wheelers;2000;;blue & silver;1:64;Minor Collections;Speed_Wheelers;https://static.wikia.nocookie.net/majorette_model_cars/images/8/84/Porsche_996_%28blue_%26_silver%2C_speed_Wheelers%29_2000.jpg/revision/latest?cb=20200912194636;209A_5.jpg
2001;2001;Majorette;Speed Wheelers;;;;1:64;Minor Collections;Speed_Wheelers;https://static.wikia.nocookie.net/majorette_model_cars/images/d/d7/Porsche_996_%28blue%2C_speed_Wheelers%29_2001.jpg/revision/latest?cb=20200912202907;209A.80.jpg
210S;210S;Majorette;Speed Wheelers;2000;;white;1:64;Minor Collections;Speed_Wheelers;https://static.wikia.nocookie.net/majorette_model_cars/images/5/54/Racing_Proto_%28white%2C_black_interior%29_2000.jpg/revision/latest?cb=20200818195621;210S_1.jpg
2001;2001;Majorette;Speed Wheelers;;;;1:64;Minor Collections;Speed_Wheelers;https://static.wikia.nocookie.net/majorette_model_cars/images/0/07/Racing_Proto_%28white%2C_red_interior%29_2000.jpg/revision/latest?cb=20200818195017;210S_5.jpg
211;211;Majorette;Speed Wheelers;2000;;blue / gray;1:64;Minor Collections;Speed_Wheelers;https://static.wikia.nocookie.net/majorette_model_cars/images/6/63/GR_Racing_%28Speed_Wheelers%29_2000.jpg/revision/latest?cb=20200823181548;211_12.jpg
2001;2001;Majorette;Speed Wheelers;;;;1:64;Minor Collections;Speed_Wheelers;https://static.wikia.nocookie.net/majorette_model_cars/images/c/c4/GT_Racing_%28red%2C_white_flames%2C_28%29_speed_wheelser_2001.jpg/revision/latest?cb=20200823190607;211_7.jpg
212;212;Majorette;Speed Wheelers;2000;;green;1:64;Minor Collections;Speed_Wheelers;https://static.wikia.nocookie.net/majorette_model_cars/images/3/37/Honda_NSX_%28green%2C_speed_wheelers%29.jpg/revision/latest?cb=20210214134930;212_15.jpg
2001 - 2002 - 2003;2001 - 2002 - 2003;Majorette;Speed Wheelers;;;;1:64;Minor Collections;Speed_Wheelers;https://static.wikia.nocookie.net/majorette_model_cars/images/4/4d/Pontiac_Fire_bird_4th_generation_%28green%2C_2000%29.jpg/revision/latest?cb=20210912125642;212_8.jpg
213.80;213.80;Majorette;Speed Wheelers;2001 - 2002 - 2003;;yellow;1:64;Minor Collections;Speed_Wheelers;https://static.wikia.nocookie.net/majorette_model_cars/images/7/7b/F1_%281995%29_%28Speed_wheelers%29.jpg/revision/latest?cb=20220710102721;213.80.jpg
2001 - 2002 - 2003;2001 - 2002 - 2003;Majorette;Speed Wheelers;;;;1:64;Minor Collections;Speed_Wheelers;https://static.wikia.nocookie.net/majorette_model_cars/images/e/e3/F1_%28speed_wheelers%292001.jpg/revision/latest?cb=20220710100636;2001_-_2002_-_2003.jpg
213S.80;213S.80;Majorette;Speed Wheelers;2000;;white;1:64;Minor Collections;Speed_Wheelers;https://static.wikia.nocookie.net/majorette_model_cars/images/3/39/Roadster_%28white%2C_speed_wheelers%29_2000.jpg/revision/latest?cb=20200820125434;213S.80.jpg
2001 - 2002 - 2003;2001 - 2002 - 2003;Majorette;Speed Wheelers;;;;1:64;Minor Collections;Speed_Wheelers;https://static.wikia.nocookie.net/majorette_model_cars/images/1/1a/Roadster_%28purple%2C_7%2C_ELO%29.jpg/revision/latest?cb=20200813171926;2001_-_2002_-_2003_1.jpg
215.80;215.80;Majorette;Speed Wheelers;2000;;orange / red;1:64;Minor Collections;Speed_Wheelers;https://static.wikia.nocookie.net/majorette_model_cars/images/3/36/Chevrolet_Corvette_%28speedwheelers%29_2000.jpg/revision/latest?cb=20210522220410;215.80.jpg
2001;2001;Majorette;Speed Wheelers;;;;1:64;Minor Collections;Speed_Wheelers;https://static.wikia.nocookie.net/majorette_model_cars/images/1/15/Chevrolet_Corvette_%28White%2C_blue_stripes_on_hood%2C_red_stripes_on_side%2C_nr_20_on_hood_and_sides%29.jpg/revision/latest?cb=20200605234109;215_15.jpg
216S;216S;Majorette;Speed Wheelers;2000;;black / red;1:64;Minor Collections;Speed_Wheelers;https://static.wikia.nocookie.net/majorette_model_cars/images/f/ff/Sports_Car_%28black_red%2C_Speed_Wheelers%29_2000.jpg/revision/latest?cb=20200823211721;216S_1.jpg
2001;2001;Majorette;Speed Wheelers;;;;1:64;Minor Collections;Speed_Wheelers;https://static.wikia.nocookie.net/majorette_model_cars/images/d/db/Sports_Car_%28black%2C_speed_wheelers%29_2001.jpg/revision/latest?cb=20200823212139;2001.jpg
218S;218S;Majorette;Speed Wheelers;2000;;black;1:64;Minor Collections;Speed_Wheelers;https://static.wikia.nocookie.net/majorette_model_cars/images/3/33/Majorette_Stock_Car_%28black%2C_yellow_interior%2C_2_bolids_on_sides%2C_2_on_roof%2C_racing_on_hood%2C_moving_FW%29.jpg/revision/latest?cb=20200816103802;218S_1.jpg
2001 - 2002 - 2003;2001 - 2002 - 2003;Majorette;Speed Wheelers;;;;1:64;Minor Collections;Speed_Wheelers;https://static.wikia.nocookie.net/majorette_model_cars/images/6/6d/Stock_Car_%28blue%2C_yellow_interior%2C_white_rollcage%2C_pink_prints%29.jpg/revision/latest?cb=20200825154036;218S_2.jpg
220;220;Majorette;Speed Wheelers;2000;;blue;1:64;Minor Collections;Speed_Wheelers;https://static.wikia.nocookie.net/majorette_model_cars/images/4/4b/Honda_NSX_%28blue-light_blue%2C_racing_team_26%2C_Chacor%2C_Jerem_auto%29_2000.jpg/revision/latest?cb=20200718192213;220_13.jpg
2001;2001;Majorette;Speed Wheelers;;;;1:64;Minor Collections;Speed_Wheelers;https://static.wikia.nocookie.net/majorette_model_cars/images/7/7b/Honda_NSX_%28metallic_blue%2C_Champion_Mado%2C_60%2C_TSC%2C_racing_team%29_2000.jpg/revision/latest?cb=20200731214340;220_14.jpg
229;229;Majorette;Speed Wheelers;2001;;metalflake blue;1:64;Minor Collections;Speed_Wheelers;https://static.wikia.nocookie.net/majorette_model_cars/images/c/c2/Majorette_Aston_Martin_DB7_%28blue%2C_speed_wheelers%29.jpg/revision/latest?cb=20201201135814;229_16.jpg
232A;232A;Majorette;Speed Wheelers;2000 - 2001 - 2002 - 2003;;yellow & black;1:64;Minor Collections;Speed_Wheelers;https://static.wikia.nocookie.net/majorette_model_cars/images/3/3d/Mercedes_CLK_GTR_%28yellow_%26_black%29_2000.jpg/revision/latest?cb=20200911151149;232A_7.jpg
237A.80;237A.80;Majorette;Speed Wheelers;2000 - 2001;;red;1:64;Minor Collections;Speed_Wheelers;https://static.wikia.nocookie.net/majorette_model_cars/images/f/f1/Audi_TT_%28red%2C_TURBO_29%2C_5DOT%29.jpg/revision/latest?cb=20201103195818;237A.80.jpg
238A;238A;Majorette;Speed Wheelers;2000 - 2001;;black;1:64;Minor Collections;Speed_Wheelers;https://static.wikia.nocookie.net/majorette_model_cars/images/4/45/Dodge_Concept_Car_%28black%2C_yellow_stripes%2C_speed_Wheelers%29_2000.jpg/revision/latest?cb=20200721111348;238A_5.jpg
244A;244A;Majorette;Speed Wheelers;2000;;yellow / blue;1:64;Minor Collections;Speed_Wheelers;https://static.wikia.nocookie.net/majorette_model_cars/images/d/de/BMW_Z3_Coupe_%28speed_Wheelers%29_2000.jpg/revision/latest?cb=20240428180953;244A_10.jpg
2000;2000;Majorette;Speed Wheelers;;;;1:64;Minor Collections;Speed_Wheelers;https://static.wikia.nocookie.net/majorette_model_cars/images/1/17/BMW_Z3_Coup%C3%A9_%28yellow%2C_racenr_12%2C_6S%29.jpg/revision/latest?cb=20200716180142;2000.jpg
2001 - 2002 - 2003;2001 - 2002 - 2003;Majorette;Speed Wheelers;;;;1:64;Minor Collections;Speed_Wheelers;https://static.wikia.nocookie.net/majorette_model_cars/images/e/eb/BMW_Z3_Coup%C3%A9_%28silvern_blue_print%2C_nr9%2C_5S%29.jpg/revision/latest?cb=20200716173742;2001_-_2002_-_2003_2.jpg
269;269;Majorette;Speed Wheelers;2001;;metallic green;1:64;Minor Collections;Speed_Wheelers;https://static.wikia.nocookie.net/majorette_model_cars/images/f/fa/Porsche_Boxster_%28green%2C_speed_wheelers%29_2001.jpg/revision/latest?cb=20200902213730;269.80.jpg
275;275;Majorette;Speed Wheelers;2001 - 2002 - 2003;;black;1:64;Minor Collections;Speed_Wheelers;https://static.wikia.nocookie.net/majorette_model_cars/images/f/f1/Majorette_Ford_Escort_GT_%28black%2C_V-rally%2C_11%29.jpg/revision/latest?cb=20220212155530;275_5.jpg
280.80;280.80;Majorette;Speed Wheelers;2000;;white;1:64;Minor Collections;Speed_Wheelers;https://static.wikia.nocookie.net/majorette_model_cars/images/6/61/Majorette_GT_Proto_%28white%29.jpg/revision/latest?cb=20210829180911;280.80_1.jpg
280.80;280.80;Majorette;Speed Wheelers;2001 - 2002 - 2003;;light blue;1:64;Minor Collections;Speed_Wheelers;https://static.wikia.nocookie.net/majorette_model_cars/images/2/2a/GT_Proto_%28light_blue_blue%2C_ELO%29_2000.jpg/revision/latest?cb=20210210090652;280.80.jpg
282.80;282.80;Majorette;Speed Wheelers;2001 - 2002 - 2003;;green;1:64;Minor Collections;Speed_Wheelers;https://static.wikia.nocookie.net/majorette_model_cars/images/3/38/Formula_Indy_%28green%29.jpg/revision/latest?cb=20201101194259;282.80.jpg
282.81;282.81;Majorette;Speed Wheelers;2001 - 2002 - 2003;;light blue;1:64;Minor Collections;Speed_Wheelers;https://static.wikia.nocookie.net/majorette_model_cars/images/f/f8/Formula_Indy_%28light_blue%29.jpg/revision/latest?cb=20201101194206;282.81.jpg
102;102;Majorette;Super Crystal;1994 - 1995 - 1996;;glittering dark green;1:64;Minor Collections;Super_Crystal:_Serie_280;https://static.wikia.nocookie.net/majorette_model_cars/images/3/3a/Nissan_300ZX_%28dark_green%2C_super_crystal%29_1994.jpg/revision/latest?cb=20210407172521;102_2.jpg
glittering purple;glittering purple;Majorette;Super Crystal;;;;1:64;Minor Collections;Super_Crystal:_Serie_280;https://static.wikia.nocookie.net/majorette_model_cars/images/d/d6/Nissan_300ZX_%28purple%2C_super_crystal%29_1994.jpg/revision/latest?cb=20210407172750;glittering_purple.jpg
glittering green;glittering green;Majorette;Super Crystal;;;;1:64;Minor Collections;Super_Crystal:_Serie_280;https://static.wikia.nocookie.net/majorette_model_cars/images/a/ac/Nissan_300ZX_%28green%2C_super_crystal%29_1994.jpg/revision/latest?cb=20210407172853;glittering_green.jpg
103;103;Majorette;Super Crystal;1994 - 1995 - 1996;;glittering dark red;1:64;Minor Collections;Super_Crystal:_Serie_280;https://static.wikia.nocookie.net/majorette_model_cars/images/0/09/Chevrolet_corvette_%28dark_red%2C_super_crystal%29.jpg/revision/latest?cb=20200725193649;103_2.jpg
glittering purple;glittering purple;Majorette;Super Crystal;;;;1:64;Minor Collections;Super_Crystal:_Serie_280;https://static.wikia.nocookie.net/majorette_model_cars/images/d/dc/Chevrolet_corvette_%28purple%2C_super_crystal%29.jpg/revision/latest?cb=20200725195514;glittering_purple_1.jpg
glittering green;glittering green;Majorette;Super Crystal;;;;1:64;Minor Collections;Super_Crystal:_Serie_280;https://static.wikia.nocookie.net/majorette_model_cars/images/e/eb/Chevrolet_corvette_%28green%2C_super_crystal%29.jpg/revision/latest?cb=20210407173635;glittering_green_1.jpg
glittering red;glittering red;Majorette;Super Crystal;;;;1:64;Minor Collections;Super_Crystal:_Serie_280;https://static.wikia.nocookie.net/majorette_model_cars/images/5/53/Chevrolet_Corvette_%28red%2C_super_crystal%29.jpg/revision/latest?cb=20200725194728;glittering_red.jpg
104;104;Majorette;Super Crystal;;;;1:64;Minor Collections;Super_Crystal:_Serie_280;;
105;105;Majorette;Super Crystal;1994 - 1995 - 1996;;glittering green;1:64;Minor Collections;Super_Crystal:_Serie_280;https://static.wikia.nocookie.net/majorette_model_cars/images/4/46/Mercedes-Benz_500_SL_%28green_sparkling%29.jpg/revision/latest?cb=20240121164901;105_1.jpg
transparant;transparant;Majorette;Super Crystal;;;;1:64;Minor Collections;Super_Crystal:_Serie_280;https://static.wikia.nocookie.net/majorette_model_cars/images/8/81/Mercedes-Benz_500_SL_%28transparant%29.jpg/revision/latest?cb=20240121164958;transparant.jpg
107;107;Majorette;Super Crystal;1994 - 1995 - 1996;;glittering turquoise;1:64;Minor Collections;Super_Crystal:_Serie_280;https://static.wikia.nocookie.net/majorette_model_cars/images/7/72/Nissan_Terrano_%28turquoise%2C_super_crystal%29.jpg/revision/latest?cb=20210407190657;107_1.jpg
transparant;transparant;Majorette;Super Crystal;;;;1:64;Minor Collections;Super_Crystal:_Serie_280;https://static.wikia.nocookie.net/majorette_model_cars/images/5/5c/Nissan_Terrano_%28transparant%2C_super_crystal%29.jpg/revision/latest?cb=20210407190616;transparant_1.jpg
glittering lime green;glittering lime green;Majorette;Super Crystal;;;;1:64;Minor Collections;Super_Crystal:_Serie_280;https://static.wikia.nocookie.net/majorette_model_cars/images/4/41/Nissan_Terrano_%28lime_green%2C_super_crystal%29.jpg/revision/latest?cb=20210407190403;glittering_lime_green.jpg
glittering purple;glittering purple;Majorette;Super Crystal;;;;1:64;Minor Collections;Super_Crystal:_Serie_280;https://static.wikia.nocookie.net/majorette_model_cars/images/7/7c/Nissan_Terrano_%28purple%2C_super_crystal%29.jpg/revision/latest?cb=20210407190742;glittering_purple_2.jpg
108;108;Majorette;Super Crystal;1994 - 1995 - 1996;;glittering red;1:64;Minor Collections;Super_Crystal:_Serie_280;https://static.wikia.nocookie.net/majorette_model_cars/images/0/06/Kenworth_T600_%28red%2C_super_crystal%29.jpg/revision/latest?cb=20210408140041;108.jpg
110;110;Majorette;Super Crystal;1994 - 1995 - 1996;;red;1:64;Minor Collections;Super_Crystal:_Serie_280;https://static.wikia.nocookie.net/majorette_model_cars/images/d/d5/Renault_Espace_%28red%2C_super_crystal%29.jpg/revision/latest?cb=20210407165117;110_1.jpg
glittering turquoise;glittering turquoise;Majorette;Super Crystal;;;;1:64;Minor Collections;Super_Crystal:_Serie_280;https://static.wikia.nocookie.net/majorette_model_cars/images/7/74/Renault_Espace_%28turquoise%2C_super_crystal%29.jpg/revision/latest?cb=20210407165150;glittering_turquoise.jpg
glittering green;glittering green;Majorette;Super Crystal;;;;1:64;Minor Collections;Super_Crystal:_Serie_280;https://static.wikia.nocookie.net/majorette_model_cars/images/7/73/Renault_Espace_%28green%2C_super_crystal%29.jpg/revision/latest?cb=20210407165542;glittering_green_2.jpg
pink;pink;Majorette;Super Crystal;;;;1:64;Minor Collections;Super_Crystal:_Serie_280;https://static.wikia.nocookie.net/majorette_model_cars/images/9/90/Renault_Espace_%28pink%2C_super_crystal%29.jpg/revision/latest?cb=20210407165611;pink.jpg
glittering purple;glittering purple;Majorette;Super Crystal;;;;1:64;Minor Collections;Super_Crystal:_Serie_280;https://static.wikia.nocookie.net/majorette_model_cars/images/8/87/Renault_Espace_%28purple%2C_super_crystal%29.jpg/revision/latest?cb=20210407165652;glittering_purple_3.jpg
transparant;transparant;Majorette;Super Crystal;;;;1:64;Minor Collections;Super_Crystal:_Serie_280;https://static.wikia.nocookie.net/majorette_model_cars/images/7/77/Renault_Espace_%28transparant%2C_super_crystal%29.jpg/revision/latest?cb=20210407165730;transparant_2.jpg
transparant yellow;transparant yellow;Majorette;Super Crystal;;;;1:64;Minor Collections;Super_Crystal:_Serie_280;https://static.wikia.nocookie.net/majorette_model_cars/images/4/44/Renault_Espace_%28yellow_transparant%2C_super_crystal%29.jpg/revision/latest?cb=20210407165802;transparant_yellow.jpg
111;111;Majorette;Super Crystal;1994 - 1995 - 1996;;glittering lime green;1:64;Minor Collections;Super_Crystal:_Serie_280;https://static.wikia.nocookie.net/majorette_model_cars/images/7/70/Sport_Proto_%28green%2C_super_crystal%29.jpg/revision/latest?cb=20221011214720;111_1.jpg
glittering dark green;glittering dark green;Majorette;Super Crystal;;;;1:64;Minor Collections;Super_Crystal:_Serie_280;https://static.wikia.nocookie.net/majorette_model_cars/images/0/09/Sport_Proto_%28dark_green%2C_super_crystal%29.jpg/revision/latest?cb=20221011214636;glittering_dark_green.jpg
glittering red;glittering red;Majorette;Super Crystal;;;;1:64;Minor Collections;Super_Crystal:_Serie_280;https://static.wikia.nocookie.net/majorette_model_cars/images/0/0c/Sport_Proto_%28red%2C_super_crystal%29.jpg/revision/latest?cb=20221011214850;glittering_red_1.jpg
116;116;Majorette;Super Crystal;1994 - 1995 - 1996;;transparant blue;1:64;Minor Collections;Super_Crystal:_Serie_280;https://static.wikia.nocookie.net/majorette_model_cars/images/d/d8/Chevrolet_Pick_Up_%28transparant_blue%2C_super_crystal%29.jpg/revision/latest?cb=20200814142834;116_1.jpg
glittering green;glittering green;Majorette;Super Crystal;;;;1:64;Minor Collections;Super_Crystal:_Serie_280;https://static.wikia.nocookie.net/majorette_model_cars/images/4/48/Chevrolet_Pick_Up_%28green%2C_white_interior%2C_super_crystal%29.jpg/revision/latest?cb=20200814143955;glittering_green_3.jpg
glittering light green;glittering light green;Majorette;Super Crystal;;;;1:64;Minor Collections;Super_Crystal:_Serie_280;https://static.wikia.nocookie.net/majorette_model_cars/images/c/c7/Chevrolet_Pick_Up_%28green%2C_red_interior%2C_super_crystal%29.jpg/revision/latest?cb=20200814143918;glittering_light_green.jpg
glittering red;glittering red;Majorette;Super Crystal;;;;1:64;Minor Collections;Super_Crystal:_Serie_280;https://static.wikia.nocookie.net/majorette_model_cars/images/5/5f/Chevrolet_Pick_Up_%28red_crystal_cars%29.jpg/revision/latest?cb=20200814143840;glittering_red_2.jpg
201S;201S;Majorette;SuperS;1995 - 1996 - 1997 - 1998;;yellow;1:64;Minor Collections;SuperS:_Serie_230;https://static.wikia.nocookie.net/majorette_model_cars/images/c/c7/Fiat_Coupe_%28yellow%2C_SuperS%2C_8DOT%29_1995.jpg/revision/latest?cb=20200819105654;201S.jpg
Fiat Coupe;Fiat Coupe;Fiat;SuperS;red;;;1:64;Minor Collections;SuperS:_Serie_230;https://static.wikia.nocookie.net/majorette_model_cars/images/b/bf/Fiat_Coupe_%28red%2C_SuperS%2C_8DOT%29_1999.jpg/revision/latest?cb=20200819112238;201S_1.jpg
202S;202S;Majorette;SuperS;1995 - 1996 - 1997 - 1998;;silver;1:64;Minor Collections;SuperS:_Serie_230;https://static.wikia.nocookie.net/majorette_model_cars/images/d/dd/Fiat_Coupe_racing_%28silver%2C_superS%29_1995.jpg/revision/latest?cb=20200819105739;202S.jpg
Fiat Coupe Racing;Fiat Coupe Racing;Fiat;SuperS;blue;;;1:64;Minor Collections;SuperS:_Serie_230;https://static.wikia.nocookie.net/majorette_model_cars/images/7/78/Fiat_Coupe_Racing_%28blue%2C_SuperS%2C_8DOT%29_1999.jpg/revision/latest?cb=20200819113538;202S_1.jpg
203S;203S;Majorette;SuperS;1995 - 1996 - 1997 - 1998;;black;1:64;Minor Collections;SuperS:_Serie_230;https://static.wikia.nocookie.net/majorette_model_cars/images/7/7c/Ford_Mustang_GT_convertible_%28black%2C_SuperS%29.jpg/revision/latest?cb=20200831162938;203S_1.jpg
204S;204S;Majorette;SuperS;1995 - 1996 - 1997 - 1998 - 1999;;red;1:64;Minor Collections;SuperS:_Serie_230;https://static.wikia.nocookie.net/majorette_model_cars/images/5/54/Ford_Mustang_GT_convertible_%28red%2C_SuperS%29.jpg/revision/latest?cb=20200831163005;204S.jpg
205S;205S;Majorette;SuperS;1995 - 1996 - 1997 - 1998;;yellow;1:64;Minor Collections;SuperS:_Serie_230;https://static.wikia.nocookie.net/majorette_model_cars/images/d/de/Ford_Mustang_GT_Hard_Top_%28yellow%2C_supers%29.jpg/revision/latest?cb=20200831194355;205S_1.jpg
206S;206S;Majorette;SuperS;1995 - 1996 - 1997 - 1998;;black;1:64;Minor Collections;SuperS:_Serie_230;https://static.wikia.nocookie.net/majorette_model_cars/images/7/74/Ford_Mustang_GT_Hard_Top_%28black%2C_SuperS%29.jpg/revision/latest?cb=20200831194425;203-205.jpg
Ford Mustang GT Hard Top;Ford Mustang GT Hard Top;Ford;SuperS;orange;;;1:64;Minor Collections;SuperS:_Serie_230;https://static.wikia.nocookie.net/majorette_model_cars/images/e/ee/Ford_Mustang_GT_Hard_Top_%28orange%29.jpg/revision/latest?cb=20200831195013;Ford_Mustang_GT_Hard_Top.jpg
207S;207S;Majorette;SuperS;1995 - 1996 - 1997 - 1998;;metallic blue;1:64;Minor Collections;SuperS:_Serie_230;https://static.wikia.nocookie.net/majorette_model_cars/images/a/a5/Majorette_Renault_Clio_%28blue%2C_clio_on_sides%29.jpg/revision/latest?cb=20200727194147;207S.jpg
Renault Clio;Renault Clio;Renault;SuperS;yellow;;;1:64;Minor Collections;SuperS:_Serie_230;https://static.wikia.nocookie.net/majorette_model_cars/images/1/17/Majorette_Renault_Clio_%28yellow%2C_red_interior%2C_clio_on_sides%29.jpg/revision/latest?cb=20200727194015;207S_1.jpg
208S;208S;Majorette;SuperS;1995 - 1996 - 1997 - 1998;;blue;1:64;Minor Collections;SuperS:_Serie_230;https://static.wikia.nocookie.net/majorette_model_cars/images/c/cc/Renault_Clio_%28supers%29.jpg/revision/latest?cb=20200902105745;208S.jpg
Renault Clio Rallye;Renault Clio Rallye;Renault;SuperS;white;;;1:64;Minor Collections;SuperS:_Serie_230;https://static.wikia.nocookie.net/majorette_model_cars/images/2/22/Renault_Clio_rallye_%28white%2C_SuperS%29.jpg/revision/latest?cb=20200902110554;208S_1.jpg
209S;209S;Majorette;SuperS;1995 - 1996 - 1997 - 1998 - 1999;;red;1:64;Minor Collections;SuperS:_Serie_230;https://static.wikia.nocookie.net/majorette_model_cars/images/e/eb/Majorette_Ferrari_456_GT_%28red%2C_SuperS%2C_brown_interior%2C_6S%29.jpg/revision/latest?cb=20200817211311;209S.jpg
210S;210S;Majorette;SuperS;1995 - 1996 - 1997 - 1998 - 1999;;black;1:64;Minor Collections;SuperS:_Serie_230;https://static.wikia.nocookie.net/majorette_model_cars/images/4/43/Ferrari_456_GT_%28black%2C_SuperS%29_1995.jpg/revision/latest?cb=20200817211522;210S.jpg
211S;211S;Majorette;SuperS;1995 - 1996 - 1997 - 1998;;metallic silver;1:64;Minor Collections;SuperS:_Serie_230;https://static.wikia.nocookie.net/majorette_model_cars/images/3/3d/Ford_Mondeo_%28silver%2C_SuperS%2C_8DOT%29_1995.jpg/revision/latest?cb=20200902124653;211S.jpg
212S;212S;Majorette;SuperS;1995 - 1996 - 1997 - 1998 - 1999;;blue;1:64;Minor Collections;SuperS:_Serie_230;https://static.wikia.nocookie.net/majorette_model_cars/images/5/55/Ford_Mondeo_%28blue%2C_SuperS%29_1995.jpg/revision/latest?cb=20200902124739;212S.jpg
213S;213S;Majorette;SuperS;1995- 1996 - 1997;;red;1:64;Minor Collections;SuperS:_Serie_230;https://static.wikia.nocookie.net/majorette_model_cars/images/b/be/Majorette_Roadster_%28red%2C_ELO_wheels%29.jpg/revision/latest?cb=20200812184550;213S.jpg
214S;214S;Majorette;SuperS;1995 - 1996 - 1997;;blue;1:64;Minor Collections;SuperS:_Serie_230;https://static.wikia.nocookie.net/majorette_model_cars/images/2/2d/Roadster_%28blue%2Cwhite_stripe_8%2C_ELO%29.jpg/revision/latest?cb=20200813173144;214S_1.jpg
Roadster (Viper);Roadster (Viper);Dodge;SuperS;blue;;;1:64;Minor Collections;SuperS:_Serie_230;https://static.wikia.nocookie.net/majorette_model_cars/images/c/c5/Roadster_%28blue%2C_5RDL%29.jpg/revision/latest?cb=20200812232428;214S.jpg
215S;215S;Majorette;SuperS;1995 - 1996 - 1997 - 1998;;yellow;1:64;Minor Collections;SuperS:_Serie_230;https://static.wikia.nocookie.net/majorette_model_cars/images/e/e6/Ferroaro_GTO_SuperS_%28yellow%29.jpg/revision/latest?cb=20200711221323;215S.jpg
Ferrari GTO;Ferrari GTO;Ferrari;SuperS;red;;;1:64;Minor Collections;SuperS:_Serie_230;https://static.wikia.nocookie.net/majorette_model_cars/images/3/32/Ferrari_GTO_%28red%2C_SuperS%2C_6S%29_1999.jpg/revision/latest?cb=20200825204923;215S_1.jpg
216S;216S;Majorette;SuperS;1995 - 1996 - 1997 - 1998;;red;1:64;Minor Collections;SuperS:_Serie_230;https://static.wikia.nocookie.net/majorette_model_cars/images/c/ce/Ferroaro_GTO_SuperS_%28red%29.jpg/revision/latest?cb=20200711221352;216S_5.jpg
Ferrari GTO Racing;Ferrari GTO Racing;Ferrari;SuperS;yellow;;;1:64;Minor Collections;SuperS:_Serie_230;https://static.wikia.nocookie.net/majorette_model_cars/images/e/ef/Ferrari_GTO_%28yellow%2C_SuperS%2C_6S%29_1999.jpg/revision/latest?cb=20210226123540;216S.jpg
217S;217S;Majorette;SuperS;1995 - 1996;;white;1:64;Minor Collections;SuperS:_Serie_230;https://static.wikia.nocookie.net/majorette_model_cars/images/6/6c/Stock_car_%28white%2C_SuperS%29_1995.jpg/revision/latest?cb=20200816103049;217S.jpg
Stock Car;Stock Car;Majorette;SuperS;red;;;1:64;Minor Collections;SuperS:_Serie_230;https://static.wikia.nocookie.net/majorette_model_cars/images/b/bf/Stock_Car_%28red%2C_SuperS%29_1997.jpg/revision/latest?cb=20200816104129;217S_1.jpg
218S;218S;Majorette;SuperS;1995 - 1996;;blue;1:64;Minor Collections;SuperS:_Serie_230;https://static.wikia.nocookie.net/majorette_model_cars/images/d/d2/Stock_car_%28blue%2C_SuperS%29_1995.jpg/revision/latest?cb=20200816103117;218S.jpg
Stock Car;Stock Car;Majorette;SuperS;black;;;1:64;Minor Collections;SuperS:_Serie_230;https://static.wikia.nocookie.net/majorette_model_cars/images/3/33/Majorette_Stock_Car_%28black%2C_yellow_interior%2C_2_bolids_on_sides%2C_2_on_roof%2C_racing_on_hood%2C_moving_FW%29.jpg/revision/latest?cb=20200816103802;218S_1.jpg
Stock Car;Stock Car;Majorette;SuperS;black;;;1:64;Minor Collections;SuperS:_Serie_230;https://static.wikia.nocookie.net/majorette_model_cars/images/a/ab/Majorette_Stock_Car_%28black%2C_yellow_interior%2C_2_bolids_on_sides%2C_no_tampo_on_roof_or_hood%2C_moving_FW%29%29.jpg/revision/latest?cb=20200816104509;279_9.jpg
219S;219S;Majorette;SuperS;1996 - 1997 - 1998;;metallic silver;1:64;Minor Collections;SuperS:_Serie_230;https://static.wikia.nocookie.net/majorette_model_cars/images/6/61/Porsche_Boxster_%28silver%2C_red_interior%2C_9%2C_supers%29.jpg/revision/latest?cb=20200902203156;219S.jpg
Porsche Boxster;Porsche Boxster;Porsche;SuperS;metallic silver;;;1:64;Minor Collections;SuperS:_Serie_230;https://static.wikia.nocookie.net/majorette_model_cars/images/5/5f/Porsche_Boxster_%28silver%2C_black_interior%2C_9%2C_supers%29.jpg/revision/latest?cb=20200902210638;Porsche_Boxster.jpg
Porsche Boxster;Porsche Boxster;Porsche;SuperS;metallic blue;;;1:64;Minor Collections;SuperS:_Serie_230;https://static.wikia.nocookie.net/majorette_model_cars/images/5/5e/Porsche_Boxster_%28metallic_blue%2C_yellow_interior%29.jpg/revision/latest?cb=20200902205835;219S_1.jpg
220S;220S;Majorette;SuperS;1996 - 1997 - 1998;;metallic blue;1:64;Minor Collections;SuperS:_Serie_230;https://static.wikia.nocookie.net/majorette_model_cars/images/6/65/Porsche_Boxster_%28blue%2C_supers%29.jpg/revision/latest?cb=20200902203525;220S.jpg
Porsche Boxster Sport;Porsche Boxster Sport;Porsche;SuperS;red;;;1:64;Minor Collections;SuperS:_Serie_230;https://static.wikia.nocookie.net/majorette_model_cars/images/b/b9/Porsche_Boxster_%28red%2C_yellow_interior%2C_nr_11%2C_6S_wheels%29%29.jpg/revision/latest?cb=20200902210613;220S_1.jpg
221S;221S;Majorette;SuperS;1998 - 1999;;black;1:64;Minor Collections;SuperS:_Serie_230;https://static.wikia.nocookie.net/majorette_model_cars/images/8/85/Ford_Mondeo_Police_%28black_white%2C_police%2C_supers%29_1998.jpg/revision/latest?cb=20200902130739;221S.jpg
222S;222S;Majorette;SuperS;1997 - 1998 - 1999;;maroon;1:64;Minor Collections;SuperS:_Serie_230;https://static.wikia.nocookie.net/majorette_model_cars/images/b/b4/Peugeot_406_%28maroon%2C_SuperS%2C_8DOT%29.jpg/revision/latest?cb=20200816154743;222S.jpg
223S;223S;Majorette;SuperS;1998 - 1999;;orange;1:64;Minor Collections;SuperS:_Serie_230;https://static.wikia.nocookie.net/majorette_model_cars/images/5/59/Peugeot_406_%28orange%2C_8%2C_SuperS%2C_8DOT%29_1998.jpg/revision/latest?cb=20200816154905;223S.jpg
Peugeot 406 Racing;Peugeot 406 Racing;Peugeot;SuperS;red;;;1:64;Minor Collections;SuperS:_Serie_230;https://static.wikia.nocookie.net/majorette_model_cars/images/9/93/Peugeot_406_racing_%28red%2C_SuperS%2C_8DOT%29.jpg/revision/latest?cb=20200816155542;Peugeot_406_Racing.jpg
224S;224S;Majorette;SuperS;1999;;red;1:64;Minor Collections;SuperS:_Serie_230;https://static.wikia.nocookie.net/majorette_model_cars/images/f/fe/Volkswagen_Golf_GTI_%28Mk_IV%29_%28red%2C_SuperS%29_1999.jpg/revision/latest?cb=20200824165525;224S.jpg
225S;225S;Majorette;SuperS;1999;;red;1:64;Minor Collections;SuperS:_Serie_230;https://static.wikia.nocookie.net/majorette_model_cars/images/f/f9/Dodge_Concept_Car_%28orange%29_1999.jpg/revision/latest?cb=20200721105549;225S.jpg
226S;226S;Majorette;SuperS;1999;;dark blue;1:64;Minor Collections;SuperS:_Serie_230;https://static.wikia.nocookie.net/majorette_model_cars/images/a/a7/BMW_Z3_Coupe_%28blue%2C_red_interior%2C_6S%29_1999.jpg/revision/latest?cb=20240428175111;226S.jpg
202;202;Majorette;Top Chromes;1992 - 1993 - 1994;;blue;1:64;Minor Collections;Top_Chromes:_Serie_250;https://static.wikia.nocookie.net/majorette_model_cars/images/d/d7/Peugeot_405_T_16_%28blue%2C_chrome%29.jpg/revision/latest?cb=20200930182719;202_8.jpg
Peugeot 405 T 16;Peugeot 405 T 16;Peugeot;Top Chromes;copper;;;1:64;Minor Collections;Top_Chromes:_Serie_250;https://static.wikia.nocookie.net/majorette_model_cars/images/2/23/Peugeot_405_T_16_%28copper%2C_chrome%29.jpg/revision/latest?cb=20200930182133;Peugeot_405_T_16.jpg
209;209;Majorette;Top Chromes;1992 - 1993 - 1994;;tan;1:64;Minor Collections;Top_Chromes:_Serie_250;https://static.wikia.nocookie.net/majorette_model_cars/images/4/42/Porsche_turbo_%28top_chrome%2C_silver%29.jpg/revision/latest?cb=20200829114146;209_13.jpg
Porsche Turbo;Porsche Turbo;Porsche;Top Chromes;blue;;;1:64;Minor Collections;Top_Chromes:_Serie_250;https://static.wikia.nocookie.net/majorette_model_cars/images/a/ab/Porsche_turbo_%28top_chrome%2C_blue%29_%282%29.jpg/revision/latest?cb=20200829114044;Porsche_Turbo_1.jpg
223;223;Majorette;Top Chromes;1992 - 1993 - 1994;;blue;1:64;Minor Collections;Top_Chromes:_Serie_250;https://static.wikia.nocookie.net/majorette_model_cars/images/9/92/Chevy_57_hot_rod_%28blue%2C_chrome%29.jpg/revision/latest?cb=20200609121920;223_17.jpg
Chevy '57;Chevy '57;Chevrolet;Top Chromes;orange;;;1:64;Minor Collections;Top_Chromes:_Serie_250;https://static.wikia.nocookie.net/majorette_model_cars/images/2/26/Majorette_chevy_%28orange_chrome.jpg/revision/latest?cb=20200531211456;Chevy_'57_1.jpg
253;253;Majorette;Top Chromes;1992 - 1993 - 1994;;gold;1:64;Minor Collections;Top_Chromes:_Serie_250;https://static.wikia.nocookie.net/majorette_model_cars/images/e/e8/Caddilac_Allante_%28gold_chrome%29.jpg/revision/latest?cb=20201112213621;253_8.jpg
Cadillac Allante;Cadillac Allante;Cadillac;Top Chromes;green;;;1:64;Minor Collections;Top_Chromes:_Serie_250;https://static.wikia.nocookie.net/majorette_model_cars/images/6/6d/Caddilac_Allante_%28green_chrome%29.jpg/revision/latest?cb=20201112213659;Cadillac_Allante.jpg
260;260;Majorette;Top Chromes;1992 - 1993 - 1994;;red;1:64;Minor Collections;Top_Chromes:_Serie_250;https://static.wikia.nocookie.net/majorette_model_cars/images/8/86/Mercedes-Benz_500_SL_%28red%2C_top_chromes%29_1992.jpg/revision/latest?cb=20200725232941;260_14.jpg
Mercedes-Benz 500 SL;Mercedes-Benz 500 SL;Mercedes-Benz;Top Chromes;green;;;1:64;Minor Collections;Top_Chromes:_Serie_250;https://static.wikia.nocookie.net/majorette_model_cars/images/e/e7/Mercedes-Benz_500_SL_%28green%2C_top_chromes%29_1992.jpg/revision/latest?cb=20200725233051;Mercedes-Benz_500_SL_2.jpg
261;261;Majorette;Top Chromes;1992 - 1993 - 1994;;light blue;1:64;Minor Collections;Top_Chromes:_Serie_250;https://static.wikia.nocookie.net/majorette_model_cars/images/3/34/Morgan_%28light_blue%2C_chrome%2C_5RDLB%29_1992.jpg/revision/latest?cb=20211022135438;261_10.jpg
Morgan;Morgan;Morgan;Top Chromes;green;;;1:64;Minor Collections;Top_Chromes:_Serie_250;https://static.wikia.nocookie.net/majorette_model_cars/images/b/bf/Morgan_%28green%2C_chrome%2C_5RDLB%29_1992.jpg/revision/latest?cb=20200819172927;Morgan.jpg
280;280;Majorette;Top Chromes;1992 - 1993 - 1994;;gold;1:64;Minor Collections;Top_Chromes:_Serie_250;https://static.wikia.nocookie.net/majorette_model_cars/images/f/fe/Ferrari_F40_%28gold_chrome%29.jpg/revision/latest?cb=20201112214204;280_8.jpg
Ferrari F40;Ferrari F40;Ferrari;Top Chromes;red;;;1:64;Minor Collections;Top_Chromes:_Serie_250;https://static.wikia.nocookie.net/majorette_model_cars/images/8/87/Ferrari_F40_%28red_chrome%29.jpg/revision/latest?cb=20201112214138;Ferrari_F40_1.jpg
296;296;Majorette;Top Chromes;1992 - 1993 - 1994;;blue;1:64;Minor Collections;Top_Chromes:_Serie_250;https://static.wikia.nocookie.net/majorette_model_cars/images/f/f3/El_Camino_SS_%28top_chrome%2C_blue%29.jpg/revision/latest?cb=20200829121145;296_16.jpg
El Camino SS;El Camino SS;Majorette;Top Chromes;red;;;1:64;Minor Collections;Top_Chromes:_Serie_250;https://static.wikia.nocookie.net/majorette_model_cars/images/3/3a/El_Camino_SS_%28top_chrome%2C_red%29.jpg/revision/latest?cb=20200829121120;El_Camino_SS_1.jpg
El Camino SS;El Camino SS;Majorette;Top Chromes;red;;;1:64;Minor Collections;Top_Chromes:_Serie_250;https://static.wikia.nocookie.net/majorette_model_cars/images/8/8d/Majorette_El_Camino_SS_%28red_chrome%2C_pink_flames_print%29.jpg/revision/latest?cb=20201113154915;El_Camino_SS_2.jpg
292;292;Majorette;Tutti Frutti;1994 - 1995;;black;1:64;Minor Collections;Tutti_Frutti:_Serie_460;https://static.wikia.nocookie.net/majorette_model_cars/images/2/2e/Toyota_Pick_up_%28black%2C_tutti_frutti%2C_apple_jazz%29.jpg/revision/latest?cb=20200725210550;292_11.jpg
227;227;Majorette;Tutti Frutti;1994 - 1995;;black;1:64;Minor Collections;Tutti_Frutti:_Serie_460;https://static.wikia.nocookie.net/majorette_model_cars/images/c/c1/Mustang_Converible_%28black%2C_tutti_frutti%29.jpg/revision/latest?cb=20200831171203;227_9.jpg
217;217;Majorette;Tutti Frutti;1994 - 1995;;white;1:64;Minor Collections;Tutti_Frutti:_Serie_460;https://static.wikia.nocookie.net/majorette_model_cars/images/3/3c/Ford_thunderbird_%28tutti_frutti%29.jpg/revision/latest?cb=20200611180138;217_17.jpg
236;236;Majorette;Tutti Frutti;1994 - 1995;;yellow;1:64;Minor Collections;Tutti_Frutti:_Serie_460;https://static.wikia.nocookie.net/majorette_model_cars/images/4/4d/Jeep_Cherokee_Tutti_Frutti_%28banana%2C_1995%29.jpg/revision/latest?cb=20200630213901;236_19.jpg
260;260;Majorette;Tutti Frutti;1994 - 1995;;pink;1:64;Minor Collections;Tutti_Frutti:_Serie_460;https://static.wikia.nocookie.net/majorette_model_cars/images/3/3c/Mercedes-Benz_500_SL_%28red%2C_tutti_frutti%2C_strawberry%29.jpg/revision/latest?cb=20200725210847;260_15.jpg
209;209;Majorette;Tutti Frutti;1994 - 1995;;yellow;1:64;Minor Collections;Tutti_Frutti:_Serie_460;https://static.wikia.nocookie.net/majorette_model_cars/images/6/65/Porsche_Turbo_%28yellow%2C_tutti_frutti%2C_chocolate_wave%29.jpg/revision/latest?cb=20200719193455;209_14.jpg
